sale_id,sale_date,product_id,customer_id,quantity,unit_price,revenue,discount,allocated_transport,due_date
V000001,2024-01-01,P018,C055,21,3046,63966,0,814,2024-01-08
V000002,2024-01-01,P005,C070,8,868,6944,256,327,2024-01-11
V000003,2024-01-01,P002,C040,12,12985,155820,2580,423,2024-01-14
V000004,2024-01-01,P018,C053,37,2995,110815,0,2344,2024-01-16
V000005,2024-01-01,P006,C053,32,6224,199168,0,1261,2024-01-16
V000006,2024-01-01,P002,C061,3,12818,38454,1146,143,2024-01-31
V000007,2024-01-01,P008,C029,4,668,2672,0,172,2024-01-28
V000008,2024-01-01,P017,C052,72,2440,175680,720,3418,2024-01-14
V000009,2024-01-01,P009,C023,8,1724,13792,1408,468,2024-01-26
V000010,2024-01-01,P004,C050,34,10878,369852,0,1650,2024-01-09
V000011,2024-01-01,P017,C069,27,2260,61020,5130,1546,2024-01-10
V000012,2024-01-01,P011,C080,5,472,2360,140,175,2024-01-13
V000013,2024-01-01,P010,C053,10,440,4400,100,424,2024-01-16
V000014,2024-01-01,P013,C023,24,3197,76728,72,1078,2024-01-26
V000015,2024-01-01,P010,C027,16,440,7040,160,543,2024-01-16
V000016,2024-01-01,P015,C028,21,1034,21714,0,842,2024-01-31
V000017,2024-01-01,P003,C037,21,2321,48741,1659,1345,2024-01-10
V000018,2024-01-01,P008,C040,13,667,8671,0,603,2024-01-14
V000019,2024-01-02,P020,C010,12,13782,165384,8616,435,2024-01-18
V000020,2024-01-02,P013,C064,17,3110,52870,1530,367,2024-01-21
V000021,2024-01-02,P004,C055,4,10363,41452,548,129,2024-01-09
V000022,2024-01-02,P018,C032,9,2773,24957,1143,378,2024-01-29
V000023,2024-01-02,P011,C057,31,467,14477,1023,1374,2024-01-10
V000024,2024-01-02,P018,C058,19,2903,55157,0,1180,2024-01-23
V000025,2024-01-02,P017,C063,24,2512,60288,0,1191,2024-01-14
V000026,2024-01-02,P009,C043,12,1931,23172,0,620,2024-01-11
V000027,2024-01-02,P005,C028,8,869,6952,248,334,2024-02-01
V000028,2024-01-02,P007,C054,11,805,8855,0,486,2024-01-26
V000029,2024-01-02,P019,C049,12,2969,35628,372,677,2024-01-22
V000030,2024-01-02,P014,C069,36,1078,38808,792,1436,2024-01-11
V000031,2024-01-02,P008,C035,18,632,11376,324,1089,2024-01-12
V000032,2024-01-02,P013,C022,61,3176,193736,1464,2483,2024-01-26
V000033,2024-01-02,P014,C018,33,1098,36234,66,1837,2024-01-10
V000034,2024-01-02,P015,C042,4,965,3860,60,296,2024-01-23
V000035,2024-01-02,P014,C033,40,1100,44000,0,1643,2024-01-13
V000036,2024-01-02,P012,C029,43,1401,60243,2107,1230,2024-01-29
V000037,2024-01-02,P008,C026,54,652,35208,0,3162,2024-01-11
V000038,2024-01-03,P019,C028,19,2903,55157,1843,1083,2024-02-02
V000039,2024-01-03,P004,C021,9,10092,90828,3672,161,2024-01-30
V000040,2024-01-03,P013,C026,23,3231,74313,0,502,2024-01-12
V000041,2024-01-03,P020,C016,42,15105,634410,0,2049,2024-02-02
V000042,2024-01-03,P012,C009,20,1505,30100,0,538,2024-01-27
V000043,2024-01-03,P004,C056,70,9951,696570,38430,3689,2024-01-15
V000044,2024-01-03,P009,C079,42,1829,76818,2982,1946,2024-01-10
V000045,2024-01-04,P009,C042,11,1850,20350,550,413,2024-01-25
V000046,2024-01-04,P001,C064,32,15729,503328,0,2107,2024-01-23
V000047,2024-01-04,P011,C036,83,500,41500,0,3875,2024-01-20
V000048,2024-01-04,P007,C011,12,780,9360,240,504,2024-01-29
V000049,2024-01-04,P016,C063,18,1337,24066,234,1021,2024-01-16
V000050,2024-01-04,P008,C040,26,630,16380,520,1076,2024-01-17
V000051,2024-01-04,P018,C043,14,2874,40236,364,744,2024-01-13
V000052,2024-01-04,P007,C041,8,801,6408,0,299,2024-02-02
V000053,2024-01-04,P007,C062,10,802,8020,0,289,2024-01-27
V000054,2024-01-04,P004,C025,14,10314,144396,2604,880,2024-01-15
V000055,2024-01-04,P005,C036,37,904,33448,0,1707,2024-01-20
V000056,2024-01-04,P010,C061,19,462,8778,0,818,2024-02-03
V000057,2024-01-04,P016,C015,36,1409,50724,0,1893,2024-02-01
V000058,2024-01-04,P002,C020,8,12710,101680,3920,649,2024-02-02
V000059,2024-01-04,P004,C072,42,10567,443814,0,1541,2024-01-16
V000060,2024-01-04,P017,C049,18,2616,47088,0,305,2024-01-24
V000061,2024-01-04,P010,C073,28,448,12544,56,446,2024-01-31
V000062,2024-01-04,P007,C028,15,802,12030,0,903,2024-02-03
V000063,2024-01-04,P006,C001,14,6145,86030,770,638,2024-01-18
V000064,2024-01-04,P010,C037,30,436,13080,420,595,2024-01-13
V000065,2024-01-04,P019,C026,16,2862,45792,2208,384,2024-01-13
V000066,2024-01-04,P005,C010,36,930,33480,0,1399,2024-01-20
V000067,2024-01-05,P010,C052,53,444,23532,318,2395,2024-01-18
V000068,2024-01-05,P002,C056,38,13529,514102,0,1763,2024-01-17
V000069,2024-01-05,P019,C076,26,3171,82446,0,1301,2024-01-18
V000070,2024-01-05,P016,C067,150,1376,206400,0,8920,2024-02-03
V000071,2024-01-05,P016,C012,18,1340,24120,180,902,2024-01-21
V000072,2024-01-05,P006,C043,16,6085,97360,1840,554,2024-01-14
V000073,2024-01-05,P018,C005,18,2780,50040,2160,1323,2024-01-30
V000074,2024-01-05,P013,C066,43,3328,143104,0,2143,2024-01-30
V000075,2024-01-05,P020,C064,35,14684,513940,0,2083,2024-01-24
V000076,2024-01-05,P010,C057,45,472,21240,0,2162,2024-01-13
V000077,2024-01-05,P008,C021,17,656,11152,0,681,2024-02-01
V000078,2024-01-05,P004,C020,19,10207,193933,5567,845,2024-02-03
V000079,2024-01-05,P016,C061,10,1271,12710,790,631,2024-02-04
V000080,2024-01-05,P017,C018,35,2472,86520,0,1154,2024-01-13
V000081,2024-01-05,P017,C035,33,2416,79728,1122,1987,2024-01-15
V000082,2024-01-05,P016,C020,17,1310,22270,680,1066,2024-02-03
V000083,2024-01-05,P013,C059,8,3117,24936,664,405,2024-01-29
V000084,2024-01-05,P016,C049,13,1407,18291,0,189,2024-01-25
V000085,2024-01-06,P002,C017,20,13843,276860,0,543,2024-02-02
V000086,2024-01-06,P015,C013,21,974,20454,126,690,2024-01-25
V000087,2024-01-06,P005,C010,6,874,5244,156,364,2024-01-22
V000088,2024-01-06,P003,C043,16,2372,37952,448,402,2024-01-15
V000089,2024-01-06,P018,C005,23,2867,65941,759,827,2024-01-31
V000090,2024-01-06,P008,C012,18,619,11142,558,483,2024-01-22
V000091,2024-01-06,P015,C022,13,1006,13078,0,737,2024-01-30
V000092,2024-01-06,P019,C024,59,2863,168917,8083,4216,2024-01-29
V000093,2024-01-06,P005,C030,18,900,16200,0,840,2024-01-13
V000094,2024-01-07,P010,C070,10,438,4380,120,582,2024-01-17
V000095,2024-01-07,P014,C033,18,1175,21150,0,808,2024-01-18
V000096,2024-01-07,P004,C031,16,10338,165408,2592,1005,2024-01-30
V000097,2024-01-07,P001,C051,11,15148,166628,3872,294,2024-01-26
V000098,2024-01-07,P002,C078,103,13162,1355686,3914,3411,2024-01-15
V000099,2024-01-07,P008,C078,30,624,18720,780,1604,2024-01-15
V000100,2024-01-07,P005,C013,71,888,63048,852,4051,2024-01-26
V000101,2024-01-07,P019,C047,26,2951,76726,1274,1667,2024-02-06
V000102,2024-01-07,P006,C026,8,6463,51704,0,339,2024-01-16
V000103,2024-01-08,P006,C033,42,6469,271698,0,1228,2024-01-19
V000104,2024-01-08,P015,C010,86,1069,91934,0,3531,2024-01-24
V000105,2024-01-08,P018,C047,9,2895,26055,45,460,2024-02-07
V000106,2024-01-08,P012,C034,34,1399,47566,1734,1458,2024-01-31
V000107,2024-01-08,P008,C061,45,651,29295,0,2217,2024-02-07
V000108,2024-01-08,P015,C039,24,989,23736,0,1102,2024-02-01
V000109,2024-01-08,P016,C015,9,1313,11817,333,249,2024-02-05
V000110,2024-01-08,P018,C054,28,3011,84308,0,937,2024-02-01
V000111,2024-01-08,P016,C079,2,1395,2790,0,95,2024-01-15
V000112,2024-01-08,P015,C057,188,958,180104,4136,10224,2024-01-16
V000113,2024-01-08,P007,C016,11,752,8272,528,225,2024-02-07
V000114,2024-01-08,P002,C043,14,13040,182560,2240,605,2024-01-17
V000115,2024-01-09,P007,C076,16,802,12832,0,712,2024-01-22
V000116,2024-01-09,P005,C017,25,949,23725,0,1509,2024-02-05
V000117,2024-01-09,P005,C002,9,895,8055,45,395,2024-02-02
V000118,2024-01-09,P009,C007,9,1918,17262,0,431,2024-01-26
V000119,2024-01-09,P015,C047,20,897,17940,1660,886,2024-02-08
V000120,2024-01-09,P002,C067,10,14842,148420,0,535,2024-02-07
V000121,2024-01-09,P013,C055,30,3237,97110,0,1274,2024-01-16
V000122,2024-01-09,P003,C042,22,2381,52382,418,1359,2024-01-30
V000123,2024-01-09,P018,C042,14,2866,40124,476,822,2024-01-30
V000124,2024-01-09,P014,C013,29,1056,30624,1276,716,2024-01-28
V000125,2024-01-09,P018,C028,10,2737,27370,1630,566,2024-02-08
V000126,2024-01-09,P013,C054,29,3167,91843,957,1552,2024-02-02
V000127,2024-01-09,P005,C061,82,861,70602,3198,3236,2024-02-08
V000128,2024-01-09,P018,C072,16,2809,44944,1456,946,2024-01-21
V000129,2024-01-09,P014,C007,13,1113,14469,0,807,2024-01-26
V000130,2024-01-09,P008,C014,13,664,8632,0,668,2024-01-27
V000131,2024-01-09,P008,C055,50,647,32350,150,2142,2024-01-16
V000132,2024-01-09,P009,C004,6,1878,11268,132,331,2024-02-07
V000133,2024-01-09,P001,C024,51,14494,739194,51306,2493,2024-02-01
V000134,2024-01-09,P001,C012,28,15066,421848,12152,1408,2024-01-25
V000135,2024-01-09,P012,C040,60,1431,85860,1140,2575,2024-01-22
V000136,2024-01-10,P005,C021,8,862,6896,304,420,2024-02-06
V000137,2024-01-10,P014,C035,10,1089,10890,110,498,2024-01-20
V000138,2024-01-10,P019,C063,20,3056,61120,0,1581,2024-01-22
V000139,2024-01-10,P002,C001,71,13143,933153,4047,3613,2024-01-24
V000140,2024-01-10,P016,C056,11,1334,14674,176,346,2024-01-22
V000141,2024-01-11,P003,C051,52,2282,118664,6136,1903,2024-01-30
V000142,2024-01-11,P014,C038,7,1046,7322,378,208,2024-02-04
V000143,2024-01-11,P012,C012,18,1403,25254,846,896,2024-01-27
V000144,2024-01-11,P003,C051,4,2506,10024,0,211,2024-01-30
V000145,2024-01-11,P017,C066,4,2322,9288,512,277,2024-02-05
V000146,2024-01-11,P005,C031,11,908,9988,0,562,2024-02-03
V000147,2024-01-11,P003,C023,18,2289,41202,1998,654,2024-02-05
V000148,2024-01-11,P019,C080,13,2712,35256,3744,628,2024-01-23
V000149,2024-01-11,P009,C076,7,1873,13111,189,401,2024-01-24
V000150,2024-01-11,P002,C048,26,12629,328354,14846,1262,2024-02-02
V000151,2024-01-11,P002,C058,58,13438,779404,0,3488,2024-02-01
V000152,2024-01-11,P017,C020,50,2511,125550,0,1189,2024-02-09
V000153,2024-01-11,P003,C065,23,2332,53636,1564,218,2024-02-06
V000154,2024-01-11,P017,C067,24,2524,60576,0,939,2024-02-09
V000155,2024-01-11,P011,C077,15,484,7260,240,612,2024-01-26
V000156,2024-01-12,P020,C020,12,14797,177564,0,644,2024-02-10
V000157,2024-01-12,P013,C017,110,3160,347600,4400,6145,2024-02-08
V000158,2024-01-12,P011,C017,60,498,29880,120,1608,2024-02-08
V000159,2024-01-12,P017,C012,26,2397,62322,1378,1396,2024-01-28
V000160,2024-01-12,P006,C028,9,6557,59013,0,871,2024-02-11
V000161,2024-01-12,P005,C010,6,861,5166,234,266,2024-01-28
V000162,2024-01-12,P017,C005,86,2365,203390,7310,2930,2024-02-06
V000163,2024-01-12,P005,C021,6,852,5112,288,160,2024-02-08
V000164,2024-01-12,P015,C006,14,983,13762,0,812,2024-01-24
V000165,2024-01-12,P010,C058,13,477,6201,0,526,2024-02-02
V000166,2024-01-12,P007,C048,31,755,23405,1395,1627,2024-02-03
V000167,2024-01-12,P013,C065,49,3282,160818,0,1240,2024-02-07
V000168,2024-01-13,P009,C007,70,1871,130970,2030,3019,2024-01-30
V000169,2024-01-13,P017,C016,7,2423,16961,189,496,2024-02-12
V000170,2024-01-13,P005,C056,45,876,39420,1080,2342,2024-01-25
V000171,2024-01-13,P013,C011,17,3394,57698,0,601,2024-02-07
V000172,2024-01-14,P011,C019,11,513,5643,0,316,2024-01-29
V000173,2024-01-14,P005,C061,18,921,16578,0,889,2024-02-13
V000174,2024-01-14,P005,C071,70,852,59640,3360,3824,2024-02-01
V000175,2024-01-14,P008,C039,11,630,6930,220,354,2024-02-07
V000176,2024-01-14,P003,C015,42,2284,95928,4872,1730,2024-02-11
V000177,2024-01-14,P019,C031,28,3098,86744,0,1263,2024-02-06
V000178,2024-01-14,P019,C054,7,2902,20314,686,303,2024-02-07
V000179,2024-01-14,P017,C070,40,2370,94800,3200,1641,2024-01-24
V000180,2024-01-14,P016,C006,32,1343,42976,224,903,2024-01-26
V000181,2024-01-14,P019,C043,10,2920,29200,800,596,2024-01-23
V000182,2024-01-14,P015,C062,43,1035,44505,0,2280,2024-02-06
V000183,2024-01-14,P015,C005,15,983,14745,0,725,2024-02-08
V000184,2024-01-15,P017,C051,6,2479,14874,0,333,2024-02-03
V000185,2024-01-15,P002,C043,5,12769,63845,2155,248,2024-01-24
V000186,2024-01-15,P015,C050,16,968,15488,192,548,2024-01-23
V000187,2024-01-15,P017,C035,68,2552,173536,0,3587,2024-01-25
V000188,2024-01-15,P006,C070,15,6115,91725,1275,808,2024-01-25
V000189,2024-01-15,P015,C078,26,898,23348,2132,1287,2024-01-23
V000190,2024-01-15,P012,C079,5,1390,6950,300,307,2024-01-22
V000191,2024-01-15,P006,C004,7,6211,43477,0,293,2024-02-13
V000192,2024-01-15,P003,C031,32,2319,74208,2592,1774,2024-02-07
V000193,2024-01-15,P020,C020,10,13943,139430,5570,384,2024-02-13
V000194,2024-01-15,P013,C041,25,3338,83450,0,1445,2024-02-13
V000195,2024-01-15,P016,C067,15,1347,20205,45,814,2024-02-13
V000196,2024-01-15,P015,C028,50,1028,51400,0,3068,2024-02-14
V000197,2024-01-16,P006,C057,38,6029,229102,6498,1593,2024-01-24
V000198,2024-01-16,P010,C021,42,442,18564,336,1876,2024-02-12
V000199,2024-01-16,P007,C018,11,777,8547,253,627,2024-01-24
V000200,2024-01-16,P015,C071,8,972,7776,64,253,2024-02-03
V000201,2024-01-16,P014,C053,16,1056,16896,704,1046,2024-01-31
V000202,2024-01-16,P018,C076,8,2949,23592,0,377,2024-01-29
V000203,2024-01-16,P005,C039,11,893,9823,77,377,2024-02-09
V000204,2024-01-16,P017,C037,33,2378,78474,2376,1109,2024-01-25
V000205,2024-01-16,P005,C039,23,873,20079,621,749,2024-02-09
V000206,2024-01-16,P019,C020,7,3078,21546,0,271,2024-02-14
V000207,2024-01-16,P019,C006,25,3012,75300,0,815,2024-01-28
V000208,2024-01-16,P001,C064,52,15211,790972,15028,1928,2024-02-04
V000209,2024-01-16,P008,C052,15,673,10095,0,746,2024-01-29
V000210,2024-01-16,P016,C060,8,1321,10568,232,501,2024-01-29
V000211,2024-01-16,P012,C052,10,1409,14090,410,410,2024-01-29
V000212,2024-01-16,P015,C016,14,1003,14042,0,709,2024-02-15
V000213,2024-01-16,P013,C079,13,3326,43238,0,581,2024-01-23
V000214,2024-01-16,P010,C064,24,453,10872,0,1342,2024-02-04
V000215,2024-01-17,P010,C064,40,444,17760,240,1452,2024-02-05
V000216,2024-01-17,P001,C014,10,15370,153700,1300,248,2024-02-04
V000217,2024-01-17,P012,C006,15,1472,22080,0,890,2024-01-29
V000218,2024-01-17,P003,C050,20,2353,47060,940,1609,2024-01-25
V000219,2024-01-17,P020,C016,22,14925,328350,0,1272,2024-02-16
V000220,2024-01-18,P017,C006,14,2337,32718,1582,691,2024-01-30
V000221,2024-01-18,P017,C018,12,2587,31044,0,915,2024-01-26
V000222,2024-01-18,P010,C076,6,426,2556,144,247,2024-01-31
V000223,2024-01-18,P010,C061,35,430,15050,700,533,2024-02-17
V000224,2024-01-18,P019,C040,67,2991,200397,603,2842,2024-01-31
V000225,2024-01-18,P016,C034,41,1272,52152,3198,1204,2024-02-10
V000226,2024-01-18,P006,C068,29,6267,181743,0,1140,2024-02-14
V000227,2024-01-18,P008,C005,26,659,17134,0,1483,2024-02-12
V000228,2024-01-18,P014,C020,17,1047,17799,901,762,2024-02-16
V000229,2024-01-18,P016,C008,32,1195,38240,4960,932,2024-02-05
V000230,2024-01-18,P016,C068,18,1282,23076,1224,717,2024-02-14
V000231,2024-01-18,P009,C079,13,1890,24570,130,714,2024-01-25
V000232,2024-01-18,P010,C037,41,432,17712,738,1884,2024-01-27
V000233,2024-01-18,P018,C036,11,2692,29612,2288,420,2024-02-03
V000234,2024-01-18,P013,C045,14,3177,44478,322,479,2024-01-27
V000235,2024-01-18,P015,C033,28,993,27804,0,1024,2024-01-29
V000236,2024-01-19,P009,C018,35,1903,66605,0,1767,2024-01-27
V000237,2024-01-19,P011,C061,45,533,23985,0,1585,2024-02-18
V000238,2024-01-19,P016,C026,29,1346,39034,116,1424,2024-01-28
V000239,2024-01-19,P003,C074,6,2414,14484,0,254,2024-02-16
V000240,2024-01-19,P006,C054,33,6851,226083,0,829,2024-02-12
V000241,2024-01-19,P013,C064,4,3264,13056,0,151,2024-02-07
V000242,2024-01-19,P002,C002,11,13576,149336,0,443,2024-02-12
V000243,2024-01-19,P015,C070,25,1007,25175,0,1390,2024-01-29
V000244,2024-01-19,P009,C025,33,1889,62337,363,917,2024-01-30
V000245,2024-01-19,P006,C002,70,5867,410690,23310,2566,2024-02-12
V000246,2024-01-19,P006,C079,42,6476,271992,0,2279,2024-01-26
V000247,2024-01-19,P006,C018,13,6413,83369,0,592,2024-01-27
V000248,2024-01-19,P015,C035,41,979,40139,41,1771,2024-01-29
V000249,2024-01-19,P012,C031,13,1342,17446,1404,580,2024-02-11
V000250,2024-01-19,P010,C016,16,467,7472,0,662,2024-02-18
V000251,2024-01-19,P015,C078,12,978,11736,24,414,2024-01-27
V000252,2024-01-19,P007,C032,33,808,26664,0,1015,2024-02-15
V000253,2024-01-19,P017,C047,6,2550,15300,0,304,2024-02-18
V000254,2024-01-19,P017,C026,22,2401,52822,1078,1272,2024-01-28
V000255,2024-01-19,P004,C027,32,10821,346272,0,1193,2024-02-03
V000256,2024-01-19,P002,C059,9,12656,113904,4896,351,2024-02-12
V000257,2024-01-20,P010,C003,10,449,4490,10,292,2024-02-02
V000258,2024-01-20,P002,C055,16,14278,228448,0,703,2024-01-27
V000259,2024-01-20,P003,C061,8,2417,19336,0,198,2024-02-19
V000260,2024-01-20,P014,C048,48,1157,55536,0,1243,2024-02-11
V000261,2024-01-20,P013,C011,36,3042,109512,5688,1466,2024-02-14
V000262,2024-01-20,P012,C016,9,1369,12321,729,374,2024-02-19
V000263,2024-01-20,P008,C001,17,630,10710,340,856,2024-02-03
V000264,2024-01-20,P008,C032,19,667,12673,0,1286,2024-02-16
V000265,2024-01-20,P004,C005,36,10577,380772,0,728,2024-02-14
V000266,2024-01-20,P001,C031,13,16216,210808,0,629,2024-02-12
V000267,2024-01-20,P002,C032,31,13232,410192,0,1654,2024-02-16
V000268,2024-01-20,P002,C018,20,13501,270020,0,544,2024-01-28
V000269,2024-01-21,P019,C077,107,3018,322926,0,7431,2024-02-05
V000270,2024-01-21,P017,C029,17,2342,39814,1836,670,2024-02-17
V000271,2024-01-21,P006,C055,21,6026,126546,3654,1245,2024-01-28
V000272,2024-01-21,P013,C068,14,3264,45696,0,762,2024-02-17
V000273,2024-01-21,P018,C061,13,2935,38155,0,517,2024-02-20
V000274,2024-01-21,P015,C008,174,963,167562,2958,7435,2024-02-08
V000275,2024-01-21,P008,C033,7,689,4823,0,239,2024-02-01
V000276,2024-01-22,P018,C025,8,2877,23016,184,343,2024-02-02
V000277,2024-01-22,P003,C025,45,2372,106740,1260,1692,2024-02-02
V000278,2024-01-22,P007,C043,13,798,10374,26,327,2024-01-31
V000279,2024-01-22,P016,C032,41,1322,54202,1148,2065,2024-02-18
V000280,2024-01-22,P011,C037,15,491,7365,135,783,2024-01-31
V000281,2024-01-22,P017,C064,16,2425,38800,400,400,2024-02-10
V000282,2024-01-23,P007,C048,16,830,13280,0,482,2024-02-14
V000283,2024-01-23,P001,C034,23,14644,336812,19688,808,2024-02-15
V000284,2024-01-23,P007,C043,9,801,7209,0,542,2024-02-01
V000285,2024-01-23,P011,C033,35,495,17325,175,896,2024-02-03
V000286,2024-01-23,P015,C022,29,1008,29232,0,1642,2024-02-16
V000287,2024-01-23,P006,C070,23,6558,150834,0,1264,2024-02-02
V000288,2024-01-23,P002,C001,10,13284,132840,0,637,2024-02-06
V000289,2024-01-23,P001,C028,20,14906,298120,11880,660,2024-02-22
V000290,2024-01-23,P020,C062,21,15308,321468,0,987,2024-02-15
V000291,2024-01-23,P018,C037,54,2941,158814,0,2264,2024-02-01
V000292,2024-01-23,P004,C068,12,9834,118008,7992,496,2024-02-19
V000293,2024-01-23,P009,C051,18,1882,33876,324,638,2024-02-11
V000294,2024-01-23,P003,C005,9,2373,21357,243,393,2024-02-17
V000295,2024-01-23,P001,C022,25,16950,423750,0,1010,2024-02-16
V000296,2024-01-24,P002,C030,45,13374,601830,0,2086,2024-01-31
V000297,2024-01-24,P009,C070,21,1952,40992,0,850,2024-02-03
V000298,2024-01-24,P007,C076,12,750,9000,600,426,2024-02-06
V000299,2024-01-24,P018,C043,12,2939,35268,0,327,2024-02-02
V000300,2024-01-24,P003,C065,30,2450,73500,0,1501,2024-02-19
V000301,2024-01-24,P003,C044,27,2217,59859,4941,732,2024-02-07
V000302,2024-01-24,P011,C004,40,488,19520,480,1906,2024-02-22
V000303,2024-01-24,P018,C049,15,2877,43155,345,610,2024-02-13
V000304,2024-01-24,P020,C038,63,14756,929628,0,3051,2024-02-17
V000305,2024-01-24,P005,C050,15,927,13905,0,680,2024-02-01
V000306,2024-01-24,P012,C035,16,1426,22816,384,713,2024-02-03
V000307,2024-01-24,P003,C046,23,2436,56028,0,497,2024-02-07
V000308,2024-01-24,P001,C038,12,15391,184692,1308,358,2024-02-17
V000309,2024-01-24,P008,C074,21,659,13839,0,1119,2024-02-21
V000310,2024-01-24,P009,C064,12,1891,22692,108,660,2024-02-12
V000311,2024-01-24,P003,C047,13,2320,30160,1040,437,2024-02-23
V000312,2024-01-24,P007,C059,10,824,8240,0,416,2024-02-17
V000313,2024-01-24,P020,C049,33,14026,462858,15642,2112,2024-02-13
V000314,2024-01-24,P020,C018,11,14305,157355,2145,353,2024-02-01
V000315,2024-01-24,P006,C051,41,6115,250715,3485,1307,2024-02-12
V000316,2024-01-25,P008,C042,9,641,5769,81,438,2024-02-15
V000317,2024-01-25,P019,C026,25,2945,73625,1375,780,2024-02-03
V000318,2024-01-25,P015,C027,18,958,17244,396,436,2024-02-09
V000319,2024-01-25,P014,C064,11,1100,12100,0,571,2024-02-13
V000320,2024-01-25,P014,C049,19,1013,19247,1653,834,2024-02-14
V000321,2024-01-25,P014,C070,66,1029,67914,4686,1994,2024-02-04
V000322,2024-01-25,P004,C032,26,10433,271258,1742,1095,2024-02-21
V000323,2024-01-25,P013,C043,49,3286,161014,0,2235,2024-02-03
V000324,2024-01-25,P017,C067,24,2465,59160,0,1354,2024-02-23
V000325,2024-01-25,P015,C076,25,1019,25475,0,1120,2024-02-07
V000326,2024-01-25,P010,C054,78,442,34476,624,4209,2024-02-18
V000327,2024-01-25,P007,C067,19,760,14440,760,988,2024-02-23
V000328,2024-01-25,P011,C009,6,526,3156,0,363,2024-02-18
V000329,2024-01-25,P004,C022,20,10311,206220,3780,1121,2024-02-18
V000330,2024-01-25,P015,C030,49,1000,49000,0,2998,2024-02-01
V000331,2024-01-25,P013,C004,18,3278,59004,0,814,2024-02-23
V000332,2024-01-25,P009,C009,30,1838,55140,1860,1271,2024-02-18
V000333,2024-01-25,P007,C059,5,727,3635,365,235,2024-02-18
V000334,2024-01-25,P011,C077,16,512,8192,0,838,2024-02-09
V000335,2024-01-25,P015,C080,6,954,5724,156,117,2024-02-06
V000336,2024-01-25,P019,C011,26,3004,78104,0,1325,2024-02-19
V000337,2024-01-25,P012,C019,20,1482,29640,0,1080,2024-02-09
V000338,2024-01-26,P016,C069,36,1410,50760,0,1620,2024-02-04
V000339,2024-01-26,P016,C037,11,1335,14685,165,508,2024-02-04
V000340,2024-01-26,P012,C002,19,1401,26619,931,1050,2024-02-19
V000341,2024-01-26,P016,C053,28,1379,38612,0,931,2024-02-10
V000342,2024-01-26,P003,C073,14,2350,32900,700,606,2024-02-22
V000343,2024-01-26,P015,C073,63,964,60732,1008,2721,2024-02-22
V000344,2024-01-26,P004,C035,8,11066,88528,0,400,2024-02-05
V000345,2024-01-26,P018,C028,88,2786,245168,10032,7810,2024-02-25
V000346,2024-01-26,P015,C034,7,834,5838,1022,415,2024-02-18
V000347,2024-01-27,P007,C076,91,777,70707,2093,3358,2024-02-09
V000348,2024-01-27,P020,C018,44,13830,608520,29480,1837,2024-02-04
V000349,2024-01-27,P006,C042,42,5719,240198,20202,1341,2024-02-17
V000350,2024-01-27,P017,C013,18,2429,43722,378,1121,2024-02-15
V000351,2024-01-27,P005,C032,11,901,9911,0,749,2024-02-23
V000352,2024-01-28,P016,C019,22,1306,28732,968,1139,2024-02-12
V000353,2024-01-28,P003,C052,20,2474,49480,0,810,2024-02-10
V000354,2024-01-28,P016,C042,40,1362,54480,0,1626,2024-02-18
V000355,2024-01-28,P015,C046,41,968,39688,492,2205,2024-02-11
V000356,2024-01-28,P018,C074,47,3133,147251,0,2248,2024-02-25
V000357,2024-01-28,P006,C057,3,6269,18807,0,124,2024-02-05
V000358,2024-01-28,P012,C033,23,1392,32016,1334,720,2024-02-08
V000359,2024-01-28,P008,C055,36,676,24336,0,1623,2024-02-04
V000360,2024-01-29,P019,C029,20,3096,61920,0,911,2024-02-25
V000361,2024-01-29,P004,C055,30,10521,315630,0,1504,2024-02-05
V000362,2024-01-29,P004,C014,3,10912,32736,0,182,2024-02-16
V000363,2024-01-29,P005,C019,6,885,5310,90,242,2024-02-13
V000364,2024-01-29,P012,C028,23,1384,31832,1518,1256,2024-02-28
V000365,2024-01-29,P007,C012,15,805,12075,0,544,2024-02-14
V000366,2024-01-29,P003,C032,23,2286,52578,2622,735,2024-02-25
V000367,2024-01-29,P001,C039,8,15703,125624,0,449,2024-02-22
V000368,2024-01-30,P008,C064,16,644,10304,96,664,2024-02-18
V000369,2024-01-30,P001,C047,51,14955,762705,27795,2989,2024-02-29
V000370,2024-01-30,P016,C010,20,1301,26020,980,898,2024-02-15
V000371,2024-01-30,P013,C011,28,3227,90356,0,1375,2024-02-24
V000372,2024-01-30,P003,C066,11,2278,25058,1342,379,2024-02-24
V000373,2024-01-31,P010,C056,106,456,48336,0,4962,2024-02-12
V000374,2024-01-31,P014,C015,17,1077,18309,391,1078,2024-02-28
V000375,2024-01-31,P006,C016,14,6274,87836,0,513,2024-03-01
V000376,2024-01-31,P012,C017,26,1487,38662,0,1004,2024-02-27
V000377,2024-01-31,P014,C035,20,1153,23060,0,847,2024-02-10
V000378,2024-01-31,P016,C059,20,1368,27360,0,788,2024-02-24
V000379,2024-02-01,P009,C014,77,1982,152614,0,4471,2024-02-19
V000380,2024-02-01,P001,C006,9,15799,142191,0,372,2024-02-13
V000381,2024-02-01,P002,C071,65,13016,846040,11960,2464,2024-02-19
V000382,2024-02-01,P008,C054,39,664,25896,0,1214,2024-02-25
V000383,2024-02-01,P004,C065,24,10574,253776,0,1422,2024-02-27
V000384,2024-02-01,P002,C052,8,13020,104160,1440,542,2024-02-14
V000385,2024-02-01,P011,C012,21,507,10647,0,1254,2024-02-17
V000386,2024-02-01,P010,C080,12,479,5748,0,451,2024-02-13
V000387,2024-02-01,P007,C070,29,829,24041,0,1319,2024-02-11
V000388,2024-02-02,P018,C045,32,2992,95744,0,1461,2024-02-11
V000389,2024-02-02,P013,C040,7,3210,22470,0,412,2024-02-15
V000390,2024-02-02,P002,C019,26,14068,365768,0,854,2024-02-17
V000391,2024-02-02,P017,C053,28,2486,69608,0,1237,2024-02-17
V000392,2024-02-02,P004,C065,6,9630,57780,5220,344,2024-02-28
V000393,2024-02-02,P008,C038,13,661,8593,0,355,2024-02-26
V000394,2024-02-02,P011,C041,18,509,9162,0,769,2024-03-02
V000395,2024-02-02,P019,C014,12,2895,34740,1260,571,2024-02-20
V000396,2024-02-02,P018,C046,15,2943,44145,0,747,2024-02-16
V000397,2024-02-02,P010,C078,16,428,6848,352,900,2024-02-10
V000398,2024-02-02,P017,C007,26,2472,64272,0,1165,2024-02-19
V000399,2024-02-03,P015,C072,29,920,26680,1740,1453,2024-02-15
V000400,2024-02-03,P005,C016,35,869,30415,1085,1134,2024-03-04
V000401,2024-02-03,P019,C076,4,3038,12152,0,182,2024-02-16
V000402,2024-02-03,P015,C017,29,990,28710,0,1265,2024-03-01
V000403,2024-02-03,P019,C056,36,3156,113616,0,1741,2024-02-15
V000404,2024-02-03,P006,C046,13,6116,79508,1092,903,2024-02-17
V000405,2024-02-03,P002,C079,23,13067,300541,3059,1308,2024-02-10
V000406,2024-02-03,P018,C062,10,2944,29440,0,511,2024-02-26
V000407,2024-02-04,P008,C070,32,625,20000,800,1318,2024-02-14
V000408,2024-02-04,P019,C065,15,3140,47100,0,715,2024-03-01
V000409,2024-02-04,P001,C036,23,16966,390218,0,1033,2024-02-20
V000410,2024-02-04,P004,C032,25,10832,270800,0,512,2024-03-02
V000411,2024-02-04,P002,C029,2,13485,26970,0,89,2024-03-02
V000412,2024-02-04,P008,C076,9,631,5679,171,517,2024-02-17
V000413,2024-02-04,P012,C073,23,1507,34661,0,1795,2024-03-02
V000414,2024-02-04,P016,C070,13,1379,17927,0,646,2024-02-14
V000415,2024-02-04,P008,C003,20,663,13260,0,821,2024-02-17
V000416,2024-02-04,P005,C044,35,941,32935,0,1652,2024-02-18
V000417,2024-02-05,P004,C068,17,10436,177412,1088,870,2024-03-03
V000418,2024-02-05,P006,C056,24,6527,156648,0,994,2024-02-17
V000419,2024-02-05,P020,C046,9,14696,132264,0,487,2024-02-19
V000420,2024-02-05,P010,C017,34,466,15844,0,965,2024-03-03
V000421,2024-02-05,P019,C005,11,3052,33572,0,326,2024-03-01
V000422,2024-02-05,P019,C014,28,3063,85764,0,1237,2024-02-23
V000423,2024-02-05,P003,C043,18,2400,43200,0,891,2024-02-14
V000424,2024-02-05,P009,C014,26,1836,47736,1664,1293,2024-02-23
V000425,2024-02-06,P014,C064,38,1049,39862,1938,2314,2024-02-25
V000426,2024-02-06,P019,C029,34,2892,98328,3672,2442,2024-03-04
V000427,2024-02-06,P003,C044,11,2388,26268,132,330,2024-02-20
V000428,2024-02-06,P003,C044,26,2379,61854,546,1178,2024-02-20
V000429,2024-02-06,P006,C078,33,6002,198066,6534,1645,2024-02-14
V000430,2024-02-06,P007,C053,44,797,35068,132,1569,2024-02-21
V000431,2024-02-06,P010,C039,33,458,15114,0,1793,2024-03-01
V000432,2024-02-06,P014,C012,10,1079,10790,210,403,2024-02-22
V000433,2024-02-06,P001,C027,11,16410,180510,0,620,2024-02-21
V000434,2024-02-07,P013,C061,19,3318,63042,0,1010,2024-03-08
V000435,2024-02-07,P006,C048,39,6040,235560,6240,1877,2024-02-29
V000436,2024-02-07,P015,C034,13,981,12753,0,683,2024-03-01
V000437,2024-02-07,P004,C011,53,9970,528410,28090,2935,2024-03-03
V000438,2024-02-07,P008,C071,9,592,5328,522,365,2024-02-25
V000439,2024-02-07,P016,C074,45,1440,64800,0,2580,2024-03-06
V000440,2024-02-07,P002,C065,23,12014,276322,27278,693,2024-03-04
V000441,2024-02-07,P005,C016,49,918,44982,0,2093,2024-03-08
V000442,2024-02-07,P007,C025,9,830,7470,0,397,2024-02-18
V000443,2024-02-07,P005,C077,16,888,14208,192,857,2024-02-22
V000444,2024-02-07,P015,C002,46,945,43470,1610,1989,2024-03-02
V000445,2024-02-07,P014,C020,7,1105,7735,0,116,2024-03-07
V000446,2024-02-07,P004,C073,86,11009,946774,0,2298,2024-03-05
V000447,2024-02-08,P009,C050,30,1860,55800,1200,1387,2024-02-16
V000448,2024-02-08,P013,C019,30,3108,93240,2760,1559,2024-02-23
V000449,2024-02-08,P011,C031,7,498,3486,14,396,2024-03-02
V000450,2024-02-08,P011,C039,5,517,2585,0,154,2024-03-03
V000451,2024-02-08,P008,C018,8,653,5224,0,277,2024-02-16
V000452,2024-02-08,P014,C078,24,1061,25464,936,1601,2024-02-16
V000453,2024-02-08,P016,C067,20,1329,26580,420,1165,2024-03-08
V000454,2024-02-08,P005,C068,33,832,27456,2244,1724,2024-03-06
V000455,2024-02-08,P007,C036,15,749,11235,765,921,2024-02-24
V000456,2024-02-08,P001,C031,14,15982,223748,0,935,2024-03-02
V000457,2024-02-08,P019,C071,16,3138,50208,0,524,2024-02-26
V000458,2024-02-08,P003,C037,13,2409,31317,0,690,2024-02-17
V000459,2024-02-08,P014,C066,73,1096,80008,292,3217,2024-03-04
V000460,2024-02-08,P009,C078,32,1894,60608,192,1327,2024-02-16
V000461,2024-02-08,P014,C049,41,1106,45346,0,2254,2024-02-28
V000462,2024-02-08,P017,C080,17,2208,37536,4114,743,2024-02-20
V000463,2024-02-08,P012,C072,30,1443,43290,210,1514,2024-02-20
V000464,2024-02-09,P011,C036,62,498,30876,124,3960,2024-02-25
V000465,2024-02-09,P010,C025,46,437,20102,598,1364,2024-02-20
V000466,2024-02-09,P001,C064,17,16330,277610,0,835,2024-02-28
V000467,2024-02-09,P019,C025,10,2942,29420,580,292,2024-02-20
V000468,2024-02-09,P016,C046,21,1402,29442,0,511,2024-02-23
V000469,2024-02-09,P006,C038,4,6211,24844,0,150,2024-03-04
V000470,2024-02-10,P011,C012,13,513,6669,0,467,2024-02-26
V000471,2024-02-10,P011,C048,13,512,6656,0,443,2024-03-03
V000472,2024-02-10,P019,C075,47,3069,144243,0,1706,2024-02-20
V000473,2024-02-10,P010,C053,12,433,5196,204,641,2024-02-25
V000474,2024-02-10,P015,C019,9,987,8883,0,282,2024-02-25
V000475,2024-02-10,P006,C041,6,6381,38286,0,377,2024-03-10
V000476,2024-02-10,P016,C012,9,1305,11745,405,454,2024-02-26
V000477,2024-02-10,P016,C050,20,1427,28540,0,910,2024-02-18
V000478,2024-02-10,P008,C045,15,631,9465,285,672,2024-02-19
V000479,2024-02-10,P003,C006,14,2384,33376,224,406,2024-02-22
V000480,2024-02-10,P011,C056,3,493,1479,21,153,2024-02-22
V000481,2024-02-10,P013,C003,6,3324,19944,0,356,2024-02-23
V000482,2024-02-11,P017,C022,33,2356,77748,3102,960,2024-03-06
V000483,2024-02-11,P020,C007,22,15251,335522,0,1305,2024-02-28
V000484,2024-02-11,P002,C015,17,12699,215883,8517,697,2024-03-10
V000485,2024-02-11,P005,C027,36,885,31860,540,2223,2024-02-26
V000486,2024-02-11,P017,C035,31,2290,70990,4960,1784,2024-02-21
V000487,2024-02-11,P017,C080,11,2347,25817,1133,593,2024-02-23
V000488,2024-02-11,P017,C026,15,2508,37620,0,867,2024-02-20
V000489,2024-02-11,P007,C062,62,807,50034,0,3051,2024-03-05
V000490,2024-02-11,P017,C010,26,2448,63648,52,1396,2024-02-27
V000491,2024-02-11,P010,C034,19,429,8151,399,913,2024-03-05
V000492,2024-02-11,P010,C047,32,449,14368,32,1269,2024-03-12
V000493,2024-02-12,P001,C018,25,15136,378400,9100,1376,2024-02-20
V000494,2024-02-12,P020,C035,30,13445,403350,31650,1888,2024-02-22
V000495,2024-02-12,P009,C050,30,1778,53340,3660,1704,2024-02-20
V000496,2024-02-12,P006,C015,19,5924,112556,5244,974,2024-03-11
V000497,2024-02-12,P012,C079,9,1488,13392,0,429,2024-02-19
V000498,2024-02-13,P001,C068,40,14125,565000,55000,1274,2024-03-11
V000499,2024-02-13,P011,C067,21,521,10941,0,1154,2024-03-13
V000500,2024-02-13,P008,C062,11,617,6787,363,662,2024-03-07
V000501,2024-02-13,P018,C079,7,2915,20405,0,537,2024-02-20
V000502,2024-02-13,P002,C065,8,12922,103376,2224,400,2024-03-10
V000503,2024-02-13,P015,C057,36,1003,36108,0,1251,2024-02-21
V000504,2024-02-13,P004,C064,17,9845,167365,11135,649,2024-03-03
V000505,2024-02-13,P020,C080,81,13125,1063125,111375,3104,2024-02-25
V000506,2024-02-13,P015,C044,17,986,16762,0,986,2024-02-27
V000507,2024-02-13,P018,C080,29,2686,77894,6206,1594,2024-02-25
V000508,2024-02-13,P004,C029,8,10060,80480,3520,232,2024-03-11
V000509,2024-02-13,P018,C067,17,2994,50898,0,622,2024-03-13
V000510,2024-02-13,P014,C014,14,1155,16170,0,856,2024-03-02
V000511,2024-02-13,P007,C059,31,775,24025,775,1928,2024-03-08
V000512,2024-02-14,P019,C016,34,2857,97138,4862,674,2024-03-15
V000513,2024-02-14,P005,C064,22,838,18436,1364,684,2024-03-04
V000514,2024-02-14,P006,C075,5,6050,30250,750,192,2024-02-24
V000515,2024-02-14,P013,C054,30,3490,104700,0,1133,2024-03-09
V000516,2024-02-14,P015,C018,7,1011,7077,0,249,2024-02-22
V000517,2024-02-15,P011,C071,24,490,11760,240,912,2024-03-04
V000518,2024-02-15,P012,C017,56,1435,80360,840,1963,2024-03-13
V000519,2024-02-15,P004,C046,23,11041,253943,0,882,2024-02-29
V000520,2024-02-15,P018,C037,41,2948,120868,0,1864,2024-02-24
V000521,2024-02-15,P013,C019,5,3369,16845,0,216,2024-03-01
V000522,2024-02-15,P005,C008,27,900,24300,0,1132,2024-03-04
V000523,2024-02-15,P015,C014,29,957,27753,667,1211,2024-03-04
V000524,2024-02-15,P018,C050,5,2925,14625,0,178,2024-02-23
V000525,2024-02-15,P002,C049,43,13129,564547,3053,1908,2024-03-06
V000526,2024-02-15,P009,C026,37,1986,73482,0,1056,2024-02-24
V000527,2024-02-15,P012,C076,22,1471,32362,0,318,2024-02-28
V000528,2024-02-15,P010,C058,6,454,2724,0,311,2024-03-07
V000529,2024-02-15,P017,C016,15,2408,36120,630,642,2024-03-16
V000530,2024-02-15,P019,C033,65,3022,196430,0,1844,2024-02-26
V000531,2024-02-15,P010,C063,41,472,19352,0,2186,2024-02-27
V000532,2024-02-15,P017,C029,58,2461,142738,0,2210,2024-03-13
V000533,2024-02-15,P018,C069,17,3011,51187,0,564,2024-02-24
V000534,2024-02-15,P011,C047,25,473,11825,675,937,2024-03-16
V000535,2024-02-15,P001,C015,28,16118,451304,0,998,2024-03-14
V000536,2024-02-15,P020,C032,45,14099,634455,18045,1915,2024-03-13
V000537,2024-02-15,P017,C048,20,2378,47560,1440,917,2024-03-08
V000538,2024-02-16,P011,C066,22,506,11132,0,1351,2024-03-12
V000539,2024-02-16,P007,C055,32,827,26464,0,746,2024-02-23
V000540,2024-02-16,P014,C010,27,1067,28809,891,1289,2024-03-03
V000541,2024-02-16,P003,C010,23,2409,55407,0,1246,2024-03-03
V000542,2024-02-16,P013,C058,25,3367,84175,0,1173,2024-03-08
V000543,2024-02-16,P018,C001,30,2905,87150,0,872,2024-03-01
V000544,2024-02-16,P003,C046,31,2522,78182,0,1723,2024-03-01
V000545,2024-02-16,P015,C049,14,938,13132,588,664,2024-03-07
V000546,2024-02-16,P005,C051,10,880,8800,200,689,2024-03-06
V000547,2024-02-16,P012,C002,22,1454,31988,0,1009,2024-03-11
V000548,2024-02-17,P013,C069,21,3246,68166,0,1346,2024-02-26
V000549,2024-02-17,P012,C028,15,1420,21300,450,667,2024-03-18
V000550,2024-02-17,P008,C079,31,667,20677,0,2001,2024-02-24
V000551,2024-02-17,P002,C071,18,13156,236808,792,888,2024-03-06
V000552,2024-02-17,P004,C026,32,10406,332992,3008,1616,2024-02-26
V000553,2024-02-17,P008,C013,15,659,9885,0,870,2024-03-07
V000554,2024-02-17,P011,C079,35,513,17955,0,2019,2024-02-24
V000555,2024-02-17,P011,C055,11,506,5566,0,292,2024-02-24
V000556,2024-02-17,P014,C036,31,1092,33852,248,636,2024-03-04
V000557,2024-02-17,P015,C058,16,960,15360,320,682,2024-03-09
V000558,2024-02-17,P020,C011,8,14412,115296,704,560,2024-03-13
V000559,2024-02-18,P003,C003,57,2442,139194,0,1734,2024-03-02
V000560,2024-02-18,P019,C028,55,2631,144705,20295,1825,2024-03-19
V000561,2024-02-18,P016,C020,16,1361,21776,0,411,2024-03-18
V000562,2024-02-19,P005,C060,20,897,17940,60,926,2024-03-03
V000563,2024-02-19,P008,C079,46,659,30314,0,2321,2024-02-26
V000564,2024-02-19,P019,C073,33,2953,97449,1551,1701,2024-03-17
V000565,2024-02-19,P016,C030,9,1381,12429,0,425,2024-02-26
V000566,2024-02-19,P012,C050,18,1586,28548,0,984,2024-02-27
V000567,2024-02-19,P011,C014,32,516,16512,0,801,2024-03-08
V000568,2024-02-19,P009,C075,21,1864,39144,756,747,2024-02-29
V000569,2024-02-19,P003,C067,11,2432,26752,0,384,2024-03-19
V000570,2024-02-19,P016,C078,18,1246,22428,1872,794,2024-02-27
V000571,2024-02-19,P005,C024,7,873,6111,189,202,2024-03-13
V000572,2024-02-19,P014,C043,32,1074,34368,832,1475,2024-02-28
V000573,2024-02-19,P006,C053,22,6158,135476,924,936,2024-03-05
V000574,2024-02-19,P019,C019,10,3113,31130,0,724,2024-03-05
V000575,2024-02-20,P001,C037,37,15020,555740,17760,1354,2024-02-29
V000576,2024-02-20,P016,C022,11,1389,15279,0,631,2024-03-15
V000577,2024-02-20,P006,C080,25,5860,146500,8500,854,2024-03-03
V000578,2024-02-20,P015,C077,22,968,21296,264,1073,2024-03-06
V000579,2024-02-20,P007,C067,45,786,35370,630,2173,2024-03-20
V000580,2024-02-20,P004,C023,18,11124,200232,0,902,2024-03-16
V000581,2024-02-20,P017,C016,5,2537,12685,0,182,2024-03-21
V000582,2024-02-20,P001,C056,20,16142,322840,0,979,2024-03-03
V000583,2024-02-20,P008,C062,33,618,20394,1056,1139,2024-03-14
V000584,2024-02-20,P019,C013,17,3023,51391,0,319,2024-03-10
V000585,2024-02-20,P003,C037,25,2400,60000,0,1156,2024-02-29
V000586,2024-02-20,P001,C074,21,15240,320040,5460,1066,2024-03-19
V000587,2024-02-20,P011,C053,16,492,7872,128,600,2024-03-06
V000588,2024-02-20,P018,C055,24,3002,72048,0,1065,2024-02-27
V000589,2024-02-20,P007,C053,22,816,17952,0,1295,2024-03-06
V000590,2024-02-20,P016,C033,33,1411,46563,0,2088,2024-03-02
V000591,2024-02-20,P004,C030,16,10634,170144,0,833,2024-02-27
V000592,2024-02-20,P013,C044,47,3185,149695,705,1946,2024-03-05
V000593,2024-02-20,P013,C001,18,3274,58932,0,899,2024-03-05
V000594,2024-02-20,P012,C011,31,1497,46407,0,1236,2024-03-16
V000595,2024-02-20,P017,C037,36,2600,93600,0,1352,2024-02-29
V000596,2024-02-20,P016,C057,54,1378,74412,0,3497,2024-02-28
V000597,2024-02-21,P017,C030,29,2370,68730,2320,1697,2024-02-28
V000598,2024-02-21,P006,C012,15,5975,89625,3375,563,2024-03-08
V000599,2024-02-21,P003,C012,24,2296,55104,2496,942,2024-03-08
V000600,2024-02-21,P012,C036,18,1481,26658,0,814,2024-03-08
V000601,2024-02-21,P017,C014,22,2427,53394,506,1101,2024-03-10
V000602,2024-02-21,P017,C033,26,2558,66508,0,1085,2024-03-03
V000603,2024-02-21,P008,C044,51,621,31671,1479,2494,2024-03-06
V000604,2024-02-21,P001,C062,25,14957,373925,13575,1810,2024-03-15
V000605,2024-02-21,P017,C069,14,2377,33278,1022,353,2024-03-01
V000606,2024-02-21,P003,C071,50,2292,114600,5400,3262,2024-03-10
V000607,2024-02-21,P009,C024,50,1837,91850,3150,3180,2024-03-15
V000608,2024-02-21,P009,C027,35,1906,66710,0,1366,2024-03-07
V000609,2024-02-21,P003,C064,34,2376,80784,816,1499,2024-03-11
V000610,2024-02-21,P016,C048,26,1450,37700,0,1109,2024-03-14
V000611,2024-02-21,P009,C063,4,1833,7332,268,177,2024-03-04
V000612,2024-02-21,P019,C017,19,2895,55005,1995,851,2024-03-19
V000613,2024-02-21,P006,C059,17,6349,107933,0,775,2024-03-16
V000614,2024-02-21,P019,C013,12,2992,35904,96,721,2024-03-11
V000615,2024-02-21,P008,C035,18,632,11376,324,999,2024-03-02
V000616,2024-02-21,P007,C054,28,814,22792,0,1044,2024-03-16
V000617,2024-02-22,P019,C017,70,3045,213150,0,2142,2024-03-20
V000618,2024-02-22,P013,C026,9,3418,30762,0,399,2024-03-02
V000619,2024-02-22,P017,C069,63,2416,152208,2142,3759,2024-03-02
V000620,2024-02-22,P019,C007,13,3179,41327,0,690,2024-03-10
V000621,2024-02-22,P016,C013,18,1311,23598,702,1022,2024-03-12
V000622,2024-02-22,P009,C045,9,1876,16884,216,351,2024-03-02
V000623,2024-02-22,P010,C046,13,453,5889,0,417,2024-03-07
V000624,2024-02-22,P003,C049,25,2563,64075,0,962,2024-03-13
V000625,2024-02-22,P011,C054,28,504,14112,0,1155,2024-03-17
V000626,2024-02-23,P011,C030,11,494,5434,66,321,2024-03-01
V000627,2024-02-23,P013,C035,20,3309,66180,0,1309,2024-03-04
V000628,2024-02-23,P005,C031,25,907,22675,0,1246,2024-03-17
V000629,2024-02-23,P003,C061,21,2286,48006,2394,1204,2024-03-24
V000630,2024-02-23,P003,C014,14,2302,32228,1372,341,2024-03-12
V000631,2024-02-23,P010,C030,13,444,5772,78,526,2024-03-01
V000632,2024-02-23,P006,C004,8,6574,52592,0,263,2024-03-23
V000633,2024-02-23,P015,C070,58,1035,60030,0,3882,2024-03-04
V000634,2024-02-23,P018,C023,24,2899,69576,24,490,2024-03-19
V000635,2024-02-24,P017,C069,14,2300,32200,2100,555,2024-03-04
V000636,2024-02-24,P015,C040,16,980,15680,0,722,2024-03-08
V000637,2024-02-24,P005,C045,12,886,10632,168,385,2024-03-04
V000638,2024-02-24,P016,C039,7,1341,9387,63,374,2024-03-19
V000639,2024-02-24,P001,C071,15,14995,224925,7575,608,2024-03-13
V000640,2024-02-24,P006,C050,32,6467,206944,0,1697,2024-03-03
V000641,2024-02-24,P017,C079,59,2419,142721,1829,3794,2024-03-02
V000642,2024-02-24,P009,C053,18,1876,33768,432,571,2024-03-10
V000643,2024-02-25,P001,C020,6,15599,93594,0,301,2024-03-25
V000644,2024-02-25,P009,C017,48,1904,91392,0,2487,2024-03-23
V000645,2024-02-25,P016,C028,15,1401,21015,0,72,2024-03-26
V000646,2024-02-25,P015,C005,5,991,4955,0,219,2024-03-21
V000647,2024-02-25,P013,C010,21,3267,68607,0,828,2024-03-12
V000648,2024-02-25,P013,C002,5,3028,15140,860,259,2024-03-20
V000649,2024-02-25,P002,C026,16,11901,190416,20784,648,2024-03-05
V000650,2024-02-26,P013,C040,54,3146,169884,2916,2329,2024-03-10
V000651,2024-02-26,P016,C039,33,1401,46233,0,1850,2024-03-21
V000652,2024-02-26,P011,C002,12,523,6276,0,714,2024-03-21
V000653,2024-02-26,P001,C006,26,15381,399906,3094,1002,2024-03-09
V000654,2024-02-26,P003,C032,136,2518,342448,0,6077,2024-03-24
V000655,2024-02-26,P002,C046,34,13262,450908,0,1326,2024-03-11
V000656,2024-02-26,P008,C041,87,636,55332,1218,4172,2024-03-26
V000657,2024-02-26,P013,C046,28,3370,94360,0,1389,2024-03-11
V000658,2024-02-26,P018,C038,22,2784,61248,2552,855,2024-03-21
V000659,2024-02-26,P011,C060,4,519,2076,0,149,2024-03-10
V000660,2024-02-26,P003,C068,11,2393,26323,77,621,2024-03-24
V000661,2024-02-26,P001,C065,17,16562,281554,0,812,2024-03-23
V000662,2024-02-26,P020,C031,16,15419,246704,0,647,2024-03-20
V000663,2024-02-26,P007,C068,48,813,39024,0,2547,2024-03-24
V000664,2024-02-26,P014,C042,8,1167,9336,0,434,2024-03-18
V000665,2024-02-26,P005,C023,33,886,29238,462,1502,2024-03-22
V000666,2024-02-26,P019,C050,29,2976,86304,696,1050,2024-03-05
V000667,2024-02-26,P012,C029,22,1481,32582,0,913,2024-03-24
V000668,2024-02-26,P016,C011,18,1300,23400,900,1083,2024-03-22
V000669,2024-02-27,P012,C008,32,1469,47008,0,1477,2024-03-16
V000670,2024-02-27,P010,C010,20,438,8760,240,870,2024-03-14
V000671,2024-02-27,P006,C072,32,6444,206208,0,1777,2024-03-10
V000672,2024-02-27,P012,C059,29,1521,44109,0,1680,2024-03-22
V000673,2024-02-27,P018,C052,20,2766,55320,2680,831,2024-03-11
V000674,2024-02-27,P012,C041,38,1386,52668,2432,1076,2024-03-27
V000675,2024-02-27,P011,C078,10,460,4600,400,557,2024-03-06
V000676,2024-02-27,P009,C047,50,1815,90750,4250,2832,2024-03-28
V000677,2024-02-27,P010,C077,8,477,3816,0,298,2024-03-13
V000678,2024-02-27,P018,C066,46,2916,134136,0,2196,2024-03-23
V000679,2024-02-27,P012,C020,10,1418,14180,320,407,2024-03-27
V000680,2024-02-27,P010,C012,24,451,10824,0,1193,2024-03-14
V000681,2024-02-27,P011,C062,33,520,17160,0,1193,2024-03-21
V000682,2024-02-27,P010,C005,36,455,16380,0,1689,2024-03-23
V000683,2024-02-27,P011,C045,42,508,21336,0,1782,2024-03-07
V000684,2024-02-27,P008,C078,23,599,13777,1173,998,2024-03-06
V000685,2024-02-27,P019,C020,10,3090,30900,0,597,2024-03-27
V000686,2024-02-28,P015,C077,22,925,20350,1210,1182,2024-03-14
V000687,2024-02-28,P005,C017,14,899,12586,14,418,2024-03-26
V000688,2024-02-28,P009,C011,16,1864,29824,576,412,2024-03-24
V000689,2024-02-28,P016,C072,11,1295,14245,605,422,2024-03-11
V000690,2024-02-28,P017,C032,13,2332,30316,1534,686,2024-03-26
V000691,2024-02-28,P019,C012,9,2955,26595,405,458,2024-03-15
V000692,2024-02-28,P012,C077,42,1473,61866,0,2299,2024-03-14
V000693,2024-02-28,P015,C080,31,892,27652,2728,1841,2024-03-11
V000694,2024-02-28,P003,C015,28,2366,66248,952,1129,2024-03-27
V000695,2024-02-28,P010,C002,8,444,3552,48,462,2024-03-23
V000696,2024-02-28,P011,C027,28,472,13216,784,1099,2024-03-14
V000697,2024-02-28,P018,C062,38,2742,104196,6004,2404,2024-03-22
V000698,2024-02-28,P017,C006,15,2490,37350,0,940,2024-03-11
V000699,2024-02-28,P009,C007,9,1989,17901,0,469,2024-03-16
V000700,2024-02-28,P012,C014,24,1348,32352,2448,1618,2024-03-17
V000701,2024-02-28,P004,C041,19,10708,203452,0,935,2024-03-28
V000702,2024-02-29,P018,C003,13,2899,37687,13,555,2024-03-13
V000703,2024-02-29,P012,C046,24,1509,36216,0,1034,2024-03-14
V000704,2024-02-29,P002,C033,21,13771,289191,0,1383,2024-03-11
V000705,2024-02-29,P005,C012,34,872,29648,952,785,2024-03-16
V000706,2024-02-29,P008,C054,14,699,9786,0,562,2024-03-24
V000707,2024-02-29,P011,C058,21,514,10794,0,1186,2024-03-21
V000708,2024-02-29,P007,C018,9,785,7065,135,396,2024-03-08
V000709,2024-02-29,P005,C073,39,828,32292,2808,1353,2024-03-27
V000710,2024-02-29,P004,C024,3,9890,29670,1830,74,2024-03-23
V000711,2024-02-29,P014,C053,8,1124,8992,0,237,2024-03-15
V000712,2024-02-29,P009,C020,28,1945,54460,0,1782,2024-03-29
V000713,2024-02-29,P020,C079,11,14544,159984,0,590,2024-03-07
V000714,2024-02-29,P001,C046,18,15716,282888,0,1006,2024-03-14
V000715,2024-02-29,P016,C018,12,1246,14952,1248,746,2024-03-08
V000716,2024-02-29,P009,C053,7,1913,13391,0,369,2024-03-15
V000717,2024-02-29,P006,C057,44,6091,268004,4796,2501,2024-03-08
V000718,2024-02-29,P008,C055,17,648,11016,34,566,2024-03-07
V000719,2024-02-29,P011,C051,32,482,15424,576,1179,2024-03-19
V000720,2024-03-01,P017,C014,14,2724,38136,0,776,2024-03-19
V000721,2024-03-01,P017,C069,12,2353,28236,1164,478,2024-03-10
V000722,2024-03-01,P002,C025,13,12909,167817,3783,861,2024-03-12
V000723,2024-03-01,P015,C022,16,1019,16304,0,798,2024-03-25
V000724,2024-03-01,P005,C060,39,897,34983,117,1529,2024-03-14
V000725,2024-03-02,P018,C018,16,3010,48160,0,753,2024-03-10
V000726,2024-03-02,P007,C059,10,774,7740,260,298,2024-03-26
V000727,2024-03-02,P006,C016,23,6107,140461,2139,606,2024-04-01
V000728,2024-03-02,P017,C079,45,2343,105435,4815,2655,2024-03-09
V000729,2024-03-02,P011,C073,12,501,6012,0,494,2024-03-29
V000730,2024-03-02,P010,C040,15,482,7230,0,403,2024-03-15
V000731,2024-03-02,P001,C080,19,14974,284506,9994,563,2024-03-14
V000732,2024-03-02,P016,C031,7,1301,9107,343,341,2024-03-25
V000733,2024-03-02,P020,C077,10,14648,146480,0,376,2024-03-17
V000734,2024-03-02,P006,C019,9,6234,56106,0,427,2024-03-17
V000735,2024-03-02,P019,C078,8,2915,23320,680,489,2024-03-10
V000736,2024-03-03,P020,C074,29,13859,401911,18589,1432,2024-03-31
V000737,2024-03-03,P002,C012,31,13885,430435,0,981,2024-03-19
V000738,2024-03-03,P014,C071,8,1155,9240,0,492,2024-03-21
V000739,2024-03-03,P011,C068,17,502,8534,0,833,2024-03-30
V000740,2024-03-03,P019,C068,57,2908,165756,5244,1088,2024-03-30
V000741,2024-03-03,P010,C055,23,399,9177,1173,892,2024-03-10
V000742,2024-03-03,P012,C017,25,1442,36050,200,776,2024-03-30
V000743,2024-03-03,P006,C079,13,6238,81094,0,658,2024-03-10
V000744,2024-03-03,P015,C016,28,953,26684,756,1030,2024-04-02
V000745,2024-03-03,P002,C043,8,13355,106840,0,494,2024-03-12
V000746,2024-03-03,P010,C033,32,436,13952,448,1426,2024-03-14
V000747,2024-03-04,P004,C043,10,10433,104330,670,431,2024-03-13
V000748,2024-03-04,P006,C025,15,5974,89610,3390,321,2024-03-15
V000749,2024-03-04,P002,C018,19,13646,259274,0,677,2024-03-12
V000750,2024-03-04,P011,C060,34,498,16932,68,756,2024-03-17
V000751,2024-03-05,P019,C041,21,2917,61257,1743,839,2024-04-03
V000752,2024-03-05,P012,C009,41,1593,65313,0,2120,2024-03-29
V000753,2024-03-05,P018,C022,22,2732,60104,3696,693,2024-03-29
V000754,2024-03-05,P010,C041,27,478,12906,0,1559,2024-04-03
V000755,2024-03-05,P012,C058,34,1419,48246,1054,1490,2024-03-26
V000756,2024-03-05,P012,C005,18,1391,25038,1062,838,2024-03-30
V000757,2024-03-05,P007,C044,22,835,18370,0,1409,2024-03-19
V000758,2024-03-05,P017,C017,7,2505,17535,0,363,2024-04-01
V000759,2024-03-05,P002,C077,37,13365,494505,0,1532,2024-03-20
V000760,2024-03-05,P010,C003,22,461,10142,0,844,2024-03-18
V000761,2024-03-05,P007,C037,13,787,10231,169,613,2024-03-14
V000762,2024-03-05,P005,C021,26,908,23608,0,1449,2024-04-01
V000763,2024-03-05,P011,C035,5,497,2485,15,269,2024-03-15
V000764,2024-03-06,P010,C079,52,454,23608,0,2387,2024-03-13
V000765,2024-03-06,P002,C014,17,12639,214863,9537,965,2024-03-24
V000766,2024-03-06,P019,C058,24,3068,73632,0,665,2024-03-27
V000767,2024-03-06,P018,C011,19,2988,56772,0,382,2024-03-31
V000768,2024-03-06,P015,C013,17,971,16507,153,544,2024-03-25
V000769,2024-03-06,P008,C029,13,671,8723,0,903,2024-04-02
V000770,2024-03-07,P011,C059,19,515,9785,0,1024,2024-03-31
V000771,2024-03-07,P006,C037,42,6270,263340,0,2059,2024-03-16
V000772,2024-03-07,P004,C042,21,10369,217749,2751,1210,2024-03-28
V000773,2024-03-07,P019,C053,13,3065,39845,0,736,2024-03-22
V000774,2024-03-07,P003,C044,6,2186,13116,1284,355,2024-03-21
V000775,2024-03-07,P019,C044,21,2978,62538,462,858,2024-03-21
V000776,2024-03-07,P019,C063,6,2978,17868,132,299,2024-03-19
V000777,2024-03-07,P015,C023,14,937,13118,602,482,2024-04-01
V000778,2024-03-07,P020,C049,11,14829,163119,0,530,2024-03-27
V000779,2024-03-07,P005,C075,69,918,63342,0,3106,2024-03-17
V000780,2024-03-07,P005,C058,21,882,18522,378,867,2024-03-28
V000781,2024-03-07,P011,C039,49,486,23814,686,3532,2024-03-31
V000782,2024-03-07,P014,C045,25,1143,28575,0,645,2024-03-16
V000783,2024-03-07,P002,C048,16,12685,202960,8240,506,2024-03-29
V000784,2024-03-08,P013,C056,23,3129,71967,1633,1063,2024-03-20
V000785,2024-03-08,P013,C047,31,3367,104377,0,1386,2024-04-07
V000786,2024-03-08,P005,C002,32,812,25984,2816,1892,2024-04-01
V000787,2024-03-08,P003,C018,26,2257,58682,3718,1320,2024-03-16
V000788,2024-03-08,P020,C055,25,13665,341625,20875,1380,2024-03-15
V000789,2024-03-08,P013,C046,11,3331,36641,0,502,2024-03-22
V000790,2024-03-08,P008,C065,21,675,14175,0,1013,2024-04-03
V000791,2024-03-08,P012,C015,208,1522,316576,0,11308,2024-04-05
V000792,2024-03-08,P017,C036,19,2478,47082,0,792,2024-03-24
V000793,2024-03-08,P016,C010,31,1293,40083,1767,1149,2024-03-24
V000794,2024-03-08,P011,C069,36,480,17280,720,1581,2024-03-17
V000795,2024-03-08,P011,C054,15,492,7380,120,446,2024-04-01
V000796,2024-03-08,P010,C073,9,432,3888,162,339,2024-04-04
V000797,2024-03-08,P010,C080,7,432,3024,126,339,2024-03-20
V000798,2024-03-08,P009,C033,11,1907,20977,0,478,2024-03-19
V000799,2024-03-08,P004,C078,8,10196,81568,2432,445,2024-03-16
V000800,2024-03-09,P009,C031,18,1939,34902,0,659,2024-04-01
V000801,2024-03-09,P003,C019,36,2473,89028,0,1004,2024-03-24
V000802,2024-03-09,P014,C050,11,1083,11913,187,426,2024-03-17
V000803,2024-03-09,P012,C007,38,1473,55974,0,1894,2024-03-26
V000804,2024-03-10,P016,C039,12,1380,16560,0,491,2024-04-03
V000805,2024-03-10,P013,C061,11,3115,34265,935,538,2024-04-09
V000806,2024-03-10,P015,C049,24,1022,24528,0,877,2024-03-30
V000807,2024-03-10,P014,C079,15,1146,17190,0,827,2024-03-17
V000808,2024-03-10,P013,C060,67,3185,213395,1005,1948,2024-03-23
V000809,2024-03-10,P007,C067,11,815,8965,0,645,2024-04-08
V000810,2024-03-10,P001,C009,9,15585,140265,0,492,2024-04-03
V000811,2024-03-10,P007,C005,34,840,28560,0,2080,2024-04-04
V000812,2024-03-11,P013,C073,30,3255,97650,0,1497,2024-04-07
V000813,2024-03-11,P010,C060,24,401,9624,1176,1352,2024-03-24
V000814,2024-03-11,P014,C042,5,1098,5490,10,246,2024-04-01
V000815,2024-03-11,P013,C043,30,3483,104490,0,1774,2024-03-20
V000816,2024-03-11,P007,C079,14,827,11578,0,762,2024-03-18
V000817,2024-03-11,P014,C028,23,1072,24656,644,1112,2024-04-10
V000818,2024-03-11,P002,C010,19,13328,253232,0,855,2024-03-27
V000819,2024-03-11,P013,C035,11,3193,35123,77,502,2024-03-21
V000820,2024-03-12,P016,C056,13,1357,17641,0,530,2024-03-24
V000821,2024-03-12,P008,C001,13,652,8476,0,507,2024-03-26
V000822,2024-03-12,P018,C046,15,3226,48390,0,884,2024-03-26
V000823,2024-03-12,P003,C047,53,2482,131546,0,2727,2024-04-11
V000824,2024-03-12,P010,C026,17,439,7463,187,355,2024-03-21
V000825,2024-03-12,P012,C063,5,1447,7235,15,192,2024-03-24
V000826,2024-03-12,P007,C004,36,790,28440,360,1631,2024-04-10
V000827,2024-03-12,P018,C040,19,3000,57000,0,305,2024-03-25
V000828,2024-03-12,P001,C005,15,15400,231000,1500,494,2024-04-06
V000829,2024-03-12,P007,C067,17,811,13787,0,683,2024-04-10
V000830,2024-03-12,P019,C030,6,2769,16614,1386,299,2024-03-19
V000831,2024-03-12,P002,C032,26,13269,344994,0,1258,2024-04-08
V000832,2024-03-12,P010,C013,18,426,7668,432,594,2024-03-31
V000833,2024-03-12,P004,C015,19,10622,201818,0,1260,2024-04-09
V000834,2024-03-12,P014,C044,26,1150,29900,0,1108,2024-03-26
V000835,2024-03-12,P005,C042,41,892,36572,328,2059,2024-04-02
V000836,2024-03-12,P005,C054,11,912,10032,0,580,2024-04-05
V000837,2024-03-12,P019,C006,25,3118,77950,0,1642,2024-03-24
V000838,2024-03-12,P003,C001,35,2373,83055,945,2206,2024-03-26
V000839,2024-03-13,P005,C027,11,878,9658,242,525,2024-03-28
V000840,2024-03-13,P006,C079,34,6139,208726,2074,980,2024-03-20
V000841,2024-03-13,P003,C039,14,2363,33082,518,616,2024-04-06
V000842,2024-03-13,P012,C070,20,1426,28520,480,783,2024-03-23
V000843,2024-03-13,P002,C025,12,13765,165180,0,276,2024-03-24
V000844,2024-03-13,P016,C023,9,1359,12231,0,485,2024-04-07
V000845,2024-03-13,P020,C059,37,15304,566248,0,2293,2024-04-06
V000846,2024-03-13,P015,C076,23,979,22517,23,445,2024-03-26
V000847,2024-03-13,P008,C015,16,646,10336,64,333,2024-04-10
V000848,2024-03-13,P013,C029,6,3313,19878,0,296,2024-04-09
V000849,2024-03-13,P007,C079,18,829,14922,0,1070,2024-03-20
V000850,2024-03-13,P012,C035,13,1444,18772,78,534,2024-03-23
V000851,2024-03-13,P005,C015,41,914,37474,0,2242,2024-04-10
V000852,2024-03-13,P010,C078,24,429,10296,504,1374,2024-03-21
V000853,2024-03-13,P017,C063,33,2356,77748,3102,1558,2024-03-25
V000854,2024-03-13,P001,C055,28,15167,424676,9324,1651,2024-03-20
V000855,2024-03-13,P019,C020,18,3170,57060,0,791,2024-04-11
V000856,2024-03-13,P017,C005,17,2499,42483,0,472,2024-04-07
V000857,2024-03-13,P004,C058,19,10511,199709,0,505,2024-04-03
V000858,2024-03-14,P007,C017,16,805,12880,0,720,2024-04-10
V000859,2024-03-14,P010,C021,99,450,44550,0,4191,2024-04-10
V000860,2024-03-14,P015,C060,12,954,11448,312,657,2024-03-27
V000861,2024-03-14,P001,C010,13,15053,195689,5811,560,2024-03-30
V000862,2024-03-14,P009,C079,25,1906,47650,0,1005,2024-03-21
V000863,2024-03-14,P011,C008,24,496,11904,96,1151,2024-04-01
V000864,2024-03-14,P013,C047,19,3092,58748,2052,1100,2024-04-13
V000865,2024-03-14,P003,C072,26,2462,64012,0,1143,2024-03-26
V000866,2024-03-14,P004,C062,58,10895,631910,0,1825,2024-04-06
V000867,2024-03-14,P008,C042,16,642,10272,128,580,2024-04-04
V000868,2024-03-14,P003,C048,14,2358,33012,588,616,2024-04-05
V000869,2024-03-14,P018,C069,45,2797,125865,4635,2620,2024-03-23
V000870,2024-03-14,P003,C025,44,2557,112508,0,2525,2024-03-25
V000871,2024-03-14,P010,C010,11,444,4884,66,349,2024-03-30
V000872,2024-03-14,P007,C067,14,829,11606,0,551,2024-04-12
V000873,2024-03-14,P014,C057,20,1051,21020,980,734,2024-03-22
V000874,2024-03-14,P011,C063,28,510,14280,0,954,2024-03-26
V000875,2024-03-15,P019,C017,38,3018,114684,0,1393,2024-04-11
V000876,2024-03-15,P012,C037,14,1508,21112,0,960,2024-03-24
V000877,2024-03-15,P018,C037,13,2843,36959,741,258,2024-03-24
V000878,2024-03-15,P005,C021,15,899,13485,15,790,2024-04-11
V000879,2024-03-15,P018,C005,9,3024,27216,0,385,2024-04-09
V000880,2024-03-15,P004,C004,16,10749,171984,0,888,2024-04-13
V000881,2024-03-15,P011,C020,44,495,21780,220,1405,2024-04-13
V000882,2024-03-15,P010,C074,50,445,22250,250,906,2024-04-12
V000883,2024-03-15,P011,C015,8,494,3952,48,451,2024-04-12
V000884,2024-03-15,P008,C058,15,638,9570,180,600,2024-04-05
V000885,2024-03-15,P017,C029,77,2462,189574,0,3829,2024-04-11
V000886,2024-03-15,P015,C012,48,933,44784,2256,2207,2024-03-31
V000887,2024-03-15,P017,C008,40,2551,102040,0,2554,2024-04-02
V000888,2024-03-16,P013,C048,8,3157,25256,344,457,2024-04-07
V000889,2024-03-16,P018,C012,31,2843,88133,1767,1474,2024-04-01
V000890,2024-03-16,P014,C054,7,1123,7861,0,345,2024-04-09
V000891,2024-03-16,P016,C068,9,1392,12528,0,348,2024-04-12
V000892,2024-03-16,P018,C060,52,2942,152984,0,2643,2024-03-29
V000893,2024-03-16,P013,C038,21,3298,69258,0,521,2024-04-09
V000894,2024-03-16,P010,C064,22,451,9922,0,993,2024-04-04
V000895,2024-03-17,P010,C061,5,448,2240,10,262,2024-04-16
V000896,2024-03-17,P008,C004,11,658,7238,0,493,2024-04-15
V000897,2024-03-17,P012,C075,19,1446,27474,76,1202,2024-03-27
V000898,2024-03-17,P004,C048,20,10623,212460,0,782,2024-04-08
V000899,2024-03-17,P002,C019,3,13382,40146,0,151,2024-04-01
V000900,2024-03-17,P009,C047,7,1866,13062,238,370,2024-04-16
V000901,2024-03-18,P003,C066,8,2410,19280,0,231,2024-04-12
V000902,2024-03-18,P006,C070,15,6419,96285,0,408,2024-03-28
V000903,2024-03-18,P009,C047,6,1905,11430,0,260,2024-04-17
V000904,2024-03-18,P017,C037,15,2349,35235,1515,1009,2024-03-27
V000905,2024-03-18,P004,C028,12,10796,129552,0,824,2024-04-17
V000906,2024-03-18,P020,C068,76,14230,1081480,20520,1851,2024-04-14
V000907,2024-03-18,P014,C059,11,1127,12397,0,604,2024-04-11
V000908,2024-03-18,P020,C067,31,14469,448539,961,1308,2024-04-16
V000909,2024-03-18,P004,C029,5,10380,51900,600,177,2024-04-14
V000910,2024-03-18,P007,C017,51,801,40851,0,1998,2024-04-14
V000911,2024-03-18,P001,C062,20,15804,316080,0,1025,2024-04-10
V000912,2024-03-18,P003,C039,43,2438,104834,0,799,2024-04-11
V000913,2024-03-18,P007,C076,34,793,26962,238,1673,2024-03-31
V000914,2024-03-18,P009,C075,16,1793,28688,1712,719,2024-03-28
V000915,2024-03-18,P008,C065,21,647,13587,63,925,2024-04-13
V000916,2024-03-18,P007,C025,18,817,14706,0,1107,2024-03-29
V000917,2024-03-18,P004,C024,16,9481,151696,16304,898,2024-04-10
V000918,2024-03-18,P011,C016,18,483,8694,306,815,2024-04-17
V000919,2024-03-18,P010,C072,26,434,11284,416,1182,2024-03-30
V000920,2024-03-18,P015,C077,46,993,45678,0,1738,2024-04-02
V000921,2024-03-19,P010,C055,41,446,18286,164,1566,2024-03-26
V000922,2024-03-19,P016,C014,15,1339,20085,165,594,2024-04-06
V000923,2024-03-19,P013,C052,11,3224,35464,0,579,2024-04-01
V000924,2024-03-19,P013,C016,11,3009,33099,2101,496,2024-04-18
V000925,2024-03-19,P019,C076,6,2934,17604,396,213,2024-04-01
V000926,2024-03-19,P016,C078,20,1261,25220,1780,934,2024-03-27
V000927,2024-03-19,P016,C064,41,1379,56539,0,1897,2024-04-07
V000928,2024-03-19,P020,C042,7,14667,102669,0,334,2024-04-09
V000929,2024-03-19,P017,C064,30,2398,71940,1560,994,2024-04-07
V000930,2024-03-19,P009,C070,5,1743,8715,785,182,2024-03-29
V000931,2024-03-19,P002,C056,13,13083,170079,1521,600,2024-03-31
V000932,2024-03-19,P006,C072,44,6297,277068,0,1770,2024-03-31
V000933,2024-03-19,P014,C018,14,1104,15456,0,413,2024-03-27
V000934,2024-03-19,P016,C071,32,1258,40256,2944,1554,2024-04-06
V000935,2024-03-19,P017,C008,15,2567,38505,0,630,2024-04-06
V000936,2024-03-19,P012,C037,16,1543,24688,0,822,2024-03-28
V000937,2024-03-19,P012,C075,16,1423,22768,432,869,2024-03-29
V000938,2024-03-20,P002,C032,9,12352,111168,7632,275,2024-04-16
V000939,2024-03-20,P003,C040,11,2377,26147,253,486,2024-04-02
V000940,2024-03-20,P014,C073,20,1143,22860,0,935,2024-04-16
V000941,2024-03-20,P001,C041,16,14615,233840,14160,566,2024-04-18
V000942,2024-03-20,P004,C027,13,10531,136903,0,444,2024-04-04
V000943,2024-03-20,P020,C039,15,13516,202740,14760,682,2024-04-13
V000944,2024-03-20,P003,C069,13,2368,30784,416,780,2024-03-29
V000945,2024-03-20,P008,C080,27,623,16821,729,1095,2024-04-01
V000946,2024-03-20,P011,C035,19,507,9633,0,537,2024-03-30
V000947,2024-03-20,P010,C065,36,440,15840,360,1548,2024-04-15
V000948,2024-03-20,P013,C033,25,3206,80150,0,936,2024-03-31
V000949,2024-03-20,P001,C067,52,15820,822640,0,3894,2024-04-18
V000950,2024-03-20,P015,C035,57,936,53352,2508,1794,2024-03-30
V000951,2024-03-20,P014,C073,26,1113,28938,0,1501,2024-04-16
V000952,2024-03-20,P008,C020,64,663,42432,0,2225,2024-04-18
V000953,2024-03-21,P007,C053,13,823,10699,0,786,2024-04-05
V000954,2024-03-21,P008,C052,14,690,9660,0,682,2024-04-03
V000955,2024-03-21,P010,C060,3,420,1260,90,172,2024-04-03
V000956,2024-03-21,P007,C021,31,762,23622,1178,1227,2024-04-17
V000957,2024-03-21,P002,C063,38,13150,499700,1900,1868,2024-04-02
V000958,2024-03-21,P014,C047,107,1041,111387,6313,6298,2024-04-20
V000959,2024-03-22,P008,C015,23,674,15502,0,1315,2024-04-19
V000960,2024-03-22,P019,C068,14,3033,42462,0,489,2024-04-18
V000961,2024-03-22,P019,C050,76,3068,233168,0,3168,2024-03-30
V000962,2024-03-22,P004,C023,12,9885,118620,7380,696,2024-04-16
V000963,2024-03-22,P002,C063,22,13640,300080,0,1206,2024-04-03
V000964,2024-03-22,P016,C032,43,1331,57233,817,999,2024-04-18
V000965,2024-03-22,P001,C078,12,14211,170532,15468,369,2024-03-30
V000966,2024-03-22,P004,C069,5,9706,48530,3970,328,2024-03-31
V000967,2024-03-23,P010,C012,4,459,1836,0,224,2024-04-08
V000968,2024-03-23,P011,C053,31,527,16337,0,1707,2024-04-07
V000969,2024-03-23,P016,C061,14,1369,19166,0,592,2024-04-22
V000970,2024-03-23,P006,C034,20,5587,111740,12260,637,2024-04-15
V000971,2024-03-23,P011,C059,50,493,24650,350,1953,2024-04-16
V000972,2024-03-23,P015,C018,12,1000,12000,0,610,2024-03-31
V000973,2024-03-24,P005,C077,54,885,47790,810,3100,2024-04-08
V000974,2024-03-24,P005,C034,8,844,6752,448,429,2024-04-16
V000975,2024-03-24,P003,C054,15,2286,34290,1710,913,2024-04-17
V000976,2024-03-24,P019,C029,23,3006,69138,0,1153,2024-04-20
V000977,2024-03-24,P015,C026,3,1025,3075,0,150,2024-04-02
V000978,2024-03-24,P020,C034,8,14362,114896,1104,370,2024-04-16
V000979,2024-03-24,P015,C064,31,962,29822,558,1402,2024-04-12
V000980,2024-03-24,P007,C077,27,821,22167,0,1735,2024-04-08
V000981,2024-03-24,P001,C038,18,14821,266778,12222,655,2024-04-17
V000982,2024-03-24,P003,C002,15,2483,37245,0,646,2024-04-17
V000983,2024-03-24,P007,C050,48,800,38400,0,2418,2024-04-01
V000984,2024-03-24,P002,C007,15,14511,217665,0,343,2024-04-10
V000985,2024-03-25,P001,C033,20,16301,326020,0,850,2024-04-05
V000986,2024-03-25,P005,C072,9,881,7929,171,508,2024-04-06
V000987,2024-03-25,P003,C041,30,2395,71850,150,1661,2024-04-23
V000988,2024-03-25,P005,C064,34,898,30532,68,1882,2024-04-13
V000989,2024-03-25,P006,C041,33,6463,213279,0,1329,2024-04-23
V000990,2024-03-26,P002,C025,12,13550,162600,0,565,2024-04-06
V000991,2024-03-26,P015,C056,19,1024,19456,0,834,2024-04-07
V000992,2024-03-26,P015,C064,10,988,9880,0,544,2024-04-14
V000993,2024-03-26,P006,C066,45,6122,275490,3510,1706,2024-04-20
V000994,2024-03-26,P001,C068,28,15858,444024,0,1139,2024-04-22
V000995,2024-03-26,P016,C013,37,1300,48100,1850,2031,2024-04-14
V000996,2024-03-26,P004,C042,59,9622,567698,51802,3157,2024-04-16
V000997,2024-03-26,P020,C001,16,14099,225584,6416,573,2024-04-09
V000998,2024-03-26,P019,C017,25,3038,75950,0,1164,2024-04-22
V000999,2024-03-26,P020,C049,10,14554,145540,0,656,2024-04-15
V001000,2024-03-26,P013,C012,16,3032,48512,2688,339,2024-04-11
V001001,2024-03-26,P005,C016,6,894,5364,36,108,2024-04-25
V001002,2024-03-26,P020,C017,16,14272,228352,3648,815,2024-04-22
V001003,2024-03-26,P015,C050,18,929,16722,918,979,2024-04-03
V001004,2024-03-26,P012,C079,7,1501,10507,0,371,2024-04-02
V001005,2024-03-26,P015,C029,35,1018,35630,0,1358,2024-04-22
V001006,2024-03-26,P017,C011,13,2532,32916,0,487,2024-04-20
V001007,2024-03-26,P005,C017,26,900,23400,0,1500,2024-04-22
V001008,2024-03-27,P002,C071,9,13763,123867,0,494,2024-04-14
V001009,2024-03-27,P019,C033,13,3002,39026,0,557,2024-04-07
V001010,2024-03-27,P015,C023,8,972,7776,64,280,2024-04-21
V001011,2024-03-27,P015,C058,24,1048,25152,0,959,2024-04-17
V001012,2024-03-27,P006,C028,5,5851,29255,1745,151,2024-04-26
V001013,2024-03-27,P004,C056,20,10668,213360,0,999,2024-04-08
V001014,2024-03-27,P016,C059,102,1413,144126,0,4236,2024-04-20
V001015,2024-03-27,P016,C039,12,1333,15996,204,406,2024-04-20
V001016,2024-03-27,P010,C012,7,440,3080,70,242,2024-04-12
V001017,2024-03-27,P018,C025,10,3063,30630,0,623,2024-04-07
V001018,2024-03-27,P015,C063,16,960,15360,320,654,2024-04-08
V001019,2024-03-27,P019,C051,33,3202,105666,0,1386,2024-04-15
V001020,2024-03-27,P019,C077,8,2832,22656,1344,347,2024-04-11
V001021,2024-03-27,P016,C030,33,1314,43362,1188,1647,2024-04-03
V001022,2024-03-27,P003,C035,42,2303,96726,4074,1988,2024-04-06
V001023,2024-03-27,P012,C058,14,1429,20006,294,731,2024-04-17
V001024,2024-03-27,P008,C076,40,615,24600,1400,1248,2024-04-09
V001025,2024-03-27,P015,C017,16,1027,16432,0,619,2024-04-23
V001026,2024-03-27,P012,C061,24,1450,34800,0,653,2024-04-26
V001027,2024-03-27,P005,C023,8,926,7408,0,419,2024-04-21
V001028,2024-03-27,P016,C039,10,1395,13950,0,449,2024-04-20
V001029,2024-03-27,P009,C046,25,1950,48750,0,851,2024-04-10
V001030,2024-03-28,P011,C056,11,481,5291,209,437,2024-04-09
V001031,2024-03-28,P011,C046,74,465,34410,2590,2667,2024-04-11
V001032,2024-03-28,P017,C078,38,2406,91428,1672,1492,2024-04-05
V001033,2024-03-28,P015,C015,47,1015,47705,0,2548,2024-04-25
V001034,2024-03-28,P017,C014,13,2472,32136,0,727,2024-04-15
V001035,2024-03-28,P010,C057,35,456,15960,0,1398,2024-04-05
V001036,2024-03-29,P011,C018,11,529,5819,0,452,2024-04-06
V001037,2024-03-29,P001,C032,40,15424,616960,3040,2086,2024-04-25
V001038,2024-03-29,P009,C048,30,1866,55980,1020,1154,2024-04-20
V001039,2024-03-29,P017,C054,29,2277,66033,5017,1642,2024-04-22
V001040,2024-03-29,P015,C067,33,999,32967,0,1526,2024-04-27
V001041,2024-03-29,P001,C067,47,14762,693814,34686,1170,2024-04-27
V001042,2024-03-29,P002,C067,49,13741,673309,0,1604,2024-04-27
V001043,2024-03-29,P010,C041,11,471,5181,0,397,2024-04-27
V001044,2024-03-29,P015,C027,63,953,60039,1701,2283,2024-04-13
V001045,2024-03-29,P012,C052,7,1388,9716,434,400,2024-04-11
V001046,2024-03-29,P005,C067,7,847,5929,371,296,2024-04-27
V001047,2024-03-29,P006,C003,23,6253,143819,0,596,2024-04-11
V001048,2024-03-29,P017,C015,102,2444,249288,612,6044,2024-04-26
V001049,2024-03-29,P004,C007,17,10834,184178,0,771,2024-04-15
V001050,2024-03-29,P008,C075,40,630,25200,800,1374,2024-04-08
V001051,2024-03-30,P008,C045,10,662,6620,0,306,2024-04-08
V001052,2024-03-30,P005,C049,20,880,17600,400,1180,2024-04-19
V001053,2024-03-30,P012,C059,19,1408,26752,798,1059,2024-04-23
V001054,2024-03-30,P019,C072,20,2989,59780,220,1181,2024-04-11
V001055,2024-03-30,P014,C057,31,1124,34844,0,1772,2024-04-07
V001056,2024-03-30,P016,C059,4,1365,5460,0,162,2024-04-23
V001057,2024-03-30,P007,C059,17,825,14025,0,698,2024-04-23
V001058,2024-03-30,P004,C078,31,9778,303118,22382,1620,2024-04-07
V001059,2024-03-30,P017,C020,10,2400,24000,500,521,2024-04-28
V001060,2024-03-30,P001,C019,7,16597,116179,0,369,2024-04-14
V001061,2024-03-30,P010,C028,5,470,2350,0,226,2024-04-29
V001062,2024-03-31,P002,C054,19,12799,243181,7619,916,2024-04-24
V001063,2024-03-31,P013,C061,12,3076,36912,1488,356,2024-04-30
V001064,2024-03-31,P015,C020,36,996,35856,0,1013,2024-04-29
V001065,2024-04-01,P013,C030,39,3360,131040,0,1953,2024-04-08
V001066,2024-04-01,P015,C036,67,968,64856,804,2005,2024-04-17
V001067,2024-04-01,P010,C072,31,484,15004,0,1868,2024-04-13
V001068,2024-04-01,P018,C074,22,2880,63360,440,989,2024-04-29
V001069,2024-04-01,P018,C024,40,2805,112200,3800,2669,2024-04-24
V001070,2024-04-01,P019,C057,7,2940,20580,420,416,2024-04-09
V001071,2024-04-01,P016,C003,16,1407,22512,0,755,2024-04-14
V001072,2024-04-01,P013,C033,21,3279,68859,0,1338,2024-04-12
V001073,2024-04-01,P005,C040,5,896,4480,20,251,2024-04-14
V001074,2024-04-01,P005,C053,36,963,34668,0,1288,2024-04-16
V001075,2024-04-01,P002,C026,9,13247,119223,0,533,2024-04-10
V001076,2024-04-01,P017,C050,39,2405,93795,1755,2295,2024-04-09
V001077,2024-04-01,P003,C062,23,2515,57845,0,1314,2024-04-24
V001078,2024-04-01,P005,C039,23,921,21183,0,768,2024-04-25
V001079,2024-04-01,P005,C048,21,902,18942,0,1567,2024-04-23
V001080,2024-04-01,P018,C058,24,3113,74712,0,1320,2024-04-22
V001081,2024-04-01,P009,C077,8,2028,16224,0,359,2024-04-16
V001082,2024-04-02,P019,C066,15,2961,44415,585,660,2024-04-27
V001083,2024-04-02,P003,C051,74,2352,174048,3552,109,2024-04-21
V001084,2024-04-02,P014,C027,10,1084,10840,160,528,2024-04-17
V001085,2024-04-02,P015,C035,14,975,13650,70,612,2024-04-12
V001086,2024-04-02,P005,C001,24,869,20856,744,1100,2024-04-16
V001087,2024-04-02,P003,C010,29,2437,70673,0,959,2024-04-18
V001088,2024-04-02,P004,C046,46,10208,469568,13432,1746,2024-04-16
V001089,2024-04-02,P001,C016,10,15139,151390,3610,479,2024-05-02
V001090,2024-04-02,P001,C036,40,15859,634360,0,2625,2024-04-18
V001091,2024-04-02,P010,C029,11,442,4862,88,576,2024-04-29
V001092,2024-04-03,P001,C026,11,15168,166848,3652,495,2024-04-12
V001093,2024-04-03,P007,C073,32,817,26144,0,1897,2024-04-30
V001094,2024-04-03,P003,C017,10,2414,24140,0,595,2024-04-30
V001095,2024-04-03,P009,C025,29,1903,55187,0,1290,2024-04-14
V001096,2024-04-03,P014,C007,35,1122,39270,0,1219,2024-04-20
V001097,2024-04-03,P004,C067,18,10543,189774,0,363,2024-05-02
V001098,2024-04-03,P008,C007,13,648,8424,26,590,2024-04-20
V001099,2024-04-03,P007,C043,6,845,5070,0,289,2024-04-12
V001100,2024-04-03,P014,C010,35,1093,38255,245,1708,2024-04-19
V001101,2024-04-03,P004,C004,17,10069,171173,7327,608,2024-05-02
V001102,2024-04-04,P009,C032,11,1888,20768,132,532,2024-05-01
V001103,2024-04-04,P011,C067,45,502,22590,0,1271,2024-05-03
V001104,2024-04-04,P019,C016,9,3022,27198,0,373,2024-05-04
V001105,2024-04-04,P005,C008,46,886,40756,644,2804,2024-04-22
V001106,2024-04-04,P003,C014,31,2377,73687,713,1745,2024-04-22
V001107,2024-04-04,P004,C080,28,9559,267652,26348,971,2024-04-16
V001108,2024-04-04,P001,C059,10,16049,160490,0,336,2024-04-28
V001109,2024-04-04,P011,C004,18,503,9054,0,904,2024-05-03
V001110,2024-04-04,P020,C009,38,14717,559246,0,1576,2024-04-28
V001111,2024-04-04,P017,C033,14,2410,33740,560,556,2024-04-15
V001112,2024-04-04,P005,C006,9,827,7443,657,512,2024-04-16
V001113,2024-04-04,P012,C040,24,1485,35640,0,1337,2024-04-17
V001114,2024-04-04,P020,C044,21,14730,309330,0,1091,2024-04-18
V001115,2024-04-04,P018,C007,18,2968,53424,0,1260,2024-04-21
V001116,2024-04-05,P011,C025,37,524,19388,0,1597,2024-04-16
V001117,2024-04-05,P011,C075,22,495,10890,110,1214,2024-04-15
V001118,2024-04-05,P004,C059,18,10137,182466,6534,556,2024-04-29
V001119,2024-04-05,P015,C080,10,938,9380,420,231,2024-04-17
V001120,2024-04-05,P013,C027,10,3216,32160,0,451,2024-04-20
V001121,2024-04-05,P012,C004,21,1383,29043,1407,1075,2024-05-04
V001122,2024-04-06,P002,C004,12,13270,159240,0,650,2024-05-05
V001123,2024-04-06,P006,C044,33,6245,206085,0,1717,2024-04-20
V001124,2024-04-06,P009,C013,10,2020,20200,0,631,2024-04-25
V001125,2024-04-06,P010,C059,4,430,1720,80,83,2024-04-30
V001126,2024-04-06,P020,C056,30,14146,424380,10620,1591,2024-04-18
V001127,2024-04-06,P020,C055,9,14611,131499,0,312,2024-04-13
V001128,2024-04-06,P002,C036,14,12530,175420,9380,675,2024-04-22
V001129,2024-04-07,P006,C066,6,6202,37212,0,200,2024-05-02
V001130,2024-04-07,P017,C060,5,2353,11765,485,214,2024-04-20
V001131,2024-04-07,P016,C061,13,1405,18265,0,487,2024-05-07
V001132,2024-04-08,P007,C029,44,802,35288,0,2349,2024-05-05
V001133,2024-04-08,P014,C049,68,1066,72488,2312,3794,2024-04-28
V001134,2024-04-08,P005,C011,12,901,10812,0,581,2024-05-03
V001135,2024-04-08,P017,C080,14,2256,31584,2716,696,2024-04-20
V001136,2024-04-08,P016,C041,18,1440,25920,0,1023,2024-05-07
V001137,2024-04-09,P017,C066,21,2440,51240,210,1124,2024-05-04
V001138,2024-04-09,P004,C010,14,10223,143122,3878,848,2024-04-25
V001139,2024-04-09,P009,C039,65,1924,125060,0,2506,2024-05-03
V001140,2024-04-09,P020,C018,16,13851,221616,10384,585,2024-04-17
V001141,2024-04-09,P016,C066,34,1345,45730,170,1254,2024-05-04
V001142,2024-04-09,P008,C067,24,609,14616,984,1183,2024-05-08
V001143,2024-04-09,P011,C011,15,503,7545,0,399,2024-05-04
V001144,2024-04-09,P007,C057,17,774,13158,442,955,2024-04-17
V001145,2024-04-09,P005,C040,14,887,12418,182,473,2024-04-22
V001146,2024-04-09,P018,C039,16,2951,47216,0,297,2024-05-03
V001147,2024-04-09,P005,C043,29,935,27115,0,1071,2024-04-18
V001148,2024-04-09,P013,C049,11,3129,34419,781,477,2024-04-29
V001149,2024-04-09,P004,C043,23,10628,244444,0,960,2024-04-18
V001150,2024-04-10,P018,C023,19,3136,59584,0,1103,2024-05-05
V001151,2024-04-10,P010,C027,8,455,3640,0,374,2024-04-25
V001152,2024-04-10,P017,C002,17,2532,43044,0,927,2024-05-04
V001153,2024-04-10,P016,C009,5,1376,6880,0,342,2024-05-04
V001154,2024-04-10,P010,C056,57,461,26277,0,3317,2024-04-22
V001155,2024-04-10,P010,C076,6,440,2640,60,282,2024-04-23
V001156,2024-04-10,P005,C058,8,914,7312,0,250,2024-05-01
V001157,2024-04-11,P016,C059,19,1407,26733,0,1033,2024-05-05
V001158,2024-04-11,P015,C045,43,966,41538,602,2615,2024-04-20
V001159,2024-04-11,P006,C054,32,6317,202144,0,1310,2024-05-05
V001160,2024-04-11,P019,C013,2,3014,6028,0,138,2024-04-30
V001161,2024-04-11,P009,C069,44,1916,84304,0,2583,2024-04-20
V001162,2024-04-11,P018,C016,14,2898,40572,28,830,2024-05-11
V001163,2024-04-11,P015,C004,31,978,30318,62,663,2024-05-10
V001164,2024-04-11,P013,C005,40,3199,127960,40,1247,2024-05-06
V001165,2024-04-11,P003,C011,21,2444,51324,0,902,2024-05-06
V001166,2024-04-11,P009,C021,10,1835,18350,650,424,2024-05-08
V001167,2024-04-11,P003,C002,25,2363,59075,925,1288,2024-05-05
V001168,2024-04-11,P002,C069,7,13636,95452,0,184,2024-04-20
V001169,2024-04-11,P004,C050,29,10405,301745,2755,1241,2024-04-19
V001170,2024-04-11,P013,C026,43,3204,137772,0,2160,2024-04-20
V001171,2024-04-11,P014,C004,45,1120,50400,0,2775,2024-05-10
V001172,2024-04-11,P008,C013,12,641,7692,108,575,2024-04-30
V001173,2024-04-11,P011,C042,21,506,10626,0,1248,2024-05-02
V001174,2024-04-11,P014,C016,14,1097,15358,42,656,2024-05-11
V001175,2024-04-11,P011,C002,15,529,7935,0,808,2024-05-05
V001176,2024-04-11,P020,C048,13,12952,168376,20124,586,2024-05-03
V001177,2024-04-11,P018,C073,39,3054,119106,0,1631,2024-05-08
V001178,2024-04-11,P011,C023,73,486,35478,1022,4842,2024-05-06
V001179,2024-04-12,P003,C043,17,2395,40715,85,524,2024-04-21
V001180,2024-04-12,P001,C030,11,15135,166485,4015,538,2024-04-19
V001181,2024-04-12,P003,C008,8,2424,19392,0,449,2024-04-30
V001182,2024-04-12,P002,C031,65,13914,904410,0,2498,2024-05-05
V001183,2024-04-12,P011,C018,10,501,5010,0,305,2024-04-20
V001184,2024-04-12,P014,C037,28,1096,30688,112,954,2024-04-21
V001185,2024-04-12,P007,C070,26,824,21424,0,898,2024-04-22
V001186,2024-04-12,P006,C057,23,5663,130249,12351,1071,2024-04-20
V001187,2024-04-12,P002,C019,8,13288,106304,0,298,2024-04-27
V001188,2024-04-12,P017,C011,17,2479,42143,0,881,2024-05-07
V001189,2024-04-12,P014,C023,23,1011,23253,2047,701,2024-05-07
V001190,2024-04-12,P007,C035,43,825,35475,0,1787,2024-04-22
V001191,2024-04-12,P013,C022,18,3108,55944,1656,664,2024-05-06
V001192,2024-04-12,P005,C062,8,932,7456,0,231,2024-05-05
V001193,2024-04-12,P010,C077,22,457,10054,0,1221,2024-04-27
V001194,2024-04-12,P010,C059,11,436,4796,154,509,2024-05-06
V001195,2024-04-12,P016,C026,12,1406,16872,0,554,2024-04-21
V001196,2024-04-12,P012,C063,16,1384,22144,1056,914,2024-04-24
V001197,2024-04-12,P013,C063,67,3098,207566,6834,4044,2024-04-24
V001198,2024-04-13,P012,C008,28,1541,43148,0,1392,2024-05-01
V001199,2024-04-13,P001,C019,12,15326,183912,2088,440,2024-04-28
V001200,2024-04-13,P020,C075,139,13960,1940440,75060,7583,2024-04-23
V001201,2024-04-13,P003,C067,10,2365,23650,350,318,2024-05-12
V001202,2024-04-13,P018,C049,28,2904,81312,0,497,2024-05-03
V001203,2024-04-13,P003,C014,39,2374,92586,1014,1970,2024-05-01
V001204,2024-04-13,P007,C051,9,840,7560,0,511,2024-05-02
V001205,2024-04-13,P014,C068,17,1078,18326,374,818,2024-05-10
V001206,2024-04-13,P006,C018,13,6425,83525,0,531,2024-04-21
V001207,2024-04-13,P007,C024,5,766,3830,170,189,2024-05-06
V001208,2024-04-13,P014,C057,29,1116,32364,0,1151,2024-04-21
V001209,2024-04-13,P010,C011,16,439,7024,176,933,2024-05-08
V001210,2024-04-14,P016,C013,4,1309,5236,164,221,2024-05-03
V001211,2024-04-14,P009,C063,19,1842,34998,1102,949,2024-04-26
V001212,2024-04-14,P011,C041,27,515,13905,0,1322,2024-05-13
V001213,2024-04-14,P011,C013,10,504,5040,0,438,2024-05-03
V001214,2024-04-14,P004,C068,8,10640,85120,0,276,2024-05-11
V001215,2024-04-14,P020,C061,21,15223,319683,0,952,2024-05-14
V001216,2024-04-14,P011,C003,65,528,34320,0,2683,2024-04-27
V001217,2024-04-14,P015,C030,24,969,23256,264,1003,2024-04-21
V001218,2024-04-14,P014,C061,15,1129,16935,0,846,2024-05-14
V001219,2024-04-15,P017,C005,10,2283,22830,1670,376,2024-05-10
V001220,2024-04-15,P006,C058,53,6043,320279,8321,2265,2024-05-06
V001221,2024-04-15,P006,C012,14,6134,85876,924,893,2024-05-01
V001222,2024-04-15,P016,C016,26,1362,35412,0,901,2024-05-15
V001223,2024-04-15,P008,C074,42,636,26712,588,1504,2024-05-13
V001224,2024-04-15,P013,C072,50,3209,160450,0,2712,2024-04-27
V001225,2024-04-15,P010,C012,10,441,4410,90,408,2024-05-01
V001226,2024-04-15,P004,C074,7,10962,76734,0,284,2024-05-13
V001227,2024-04-15,P001,C040,7,16369,114583,0,123,2024-04-28
V001228,2024-04-15,P011,C047,5,493,2465,35,210,2024-05-15
V001229,2024-04-15,P001,C069,35,15684,548940,0,1253,2024-04-24
V001230,2024-04-15,P008,C064,25,642,16050,200,1612,2024-05-04
V001231,2024-04-15,P002,C077,13,13061,169793,1807,469,2024-04-30
V001232,2024-04-15,P019,C062,24,2929,70296,1704,1805,2024-05-08
V001233,2024-04-15,P002,C043,5,13823,69115,0,111,2024-04-24
V001234,2024-04-15,P008,C007,86,637,54782,1118,5676,2024-05-02
V001235,2024-04-15,P006,C003,21,5911,124131,6069,255,2024-04-28
V001236,2024-04-15,P013,C051,32,3281,104992,0,1635,2024-05-04
V001237,2024-04-15,P019,C007,76,2939,223364,4636,3564,2024-05-02
V001238,2024-04-15,P005,C057,27,914,24678,0,1394,2024-04-23
V001239,2024-04-15,P007,C002,6,839,5034,0,346,2024-05-09
V001240,2024-04-15,P005,C049,48,939,45072,0,1058,2024-05-05
V001241,2024-04-16,P012,C061,25,1487,37175,0,1172,2024-05-16
V001242,2024-04-16,P016,C039,26,1320,34320,780,651,2024-05-10
V001243,2024-04-16,P003,C060,64,2381,152384,1216,3984,2024-04-29
V001244,2024-04-16,P012,C002,19,1439,27341,209,852,2024-05-10
V001245,2024-04-16,P019,C074,18,3117,56106,0,972,2024-05-14
V001246,2024-04-16,P013,C062,15,3119,46785,1215,928,2024-05-09
V001247,2024-04-16,P018,C024,14,2615,36610,3990,822,2024-05-09
V001248,2024-04-17,P016,C009,21,1331,27951,399,511,2024-05-11
V001249,2024-04-17,P004,C027,8,10699,85592,0,470,2024-05-02
V001250,2024-04-17,P011,C016,24,499,11976,24,1561,2024-05-17
V001251,2024-04-17,P003,C016,20,2315,46300,1700,831,2024-05-17
V001252,2024-04-17,P001,C032,22,15182,334004,6996,749,2024-05-14
V001253,2024-04-17,P019,C063,31,3097,96007,0,1365,2024-04-29
V001254,2024-04-17,P018,C066,14,2932,41048,0,518,2024-05-12
V001255,2024-04-17,P007,C019,5,837,4185,0,203,2024-05-02
V001256,2024-04-17,P007,C076,16,792,12672,128,668,2024-04-30
V001257,2024-04-17,P009,C034,5,1784,8920,580,240,2024-05-10
V001258,2024-04-17,P009,C055,8,1889,15112,88,495,2024-04-24
V001259,2024-04-17,P007,C048,24,783,18792,408,1068,2024-05-09
V001260,2024-04-17,P005,C041,52,942,48984,0,2478,2024-05-16
V001261,2024-04-17,P003,C035,21,2349,49329,1071,760,2024-04-27
V001262,2024-04-17,P011,C035,15,512,7680,0,659,2024-04-27
V001263,2024-04-17,P004,C016,5,10263,51315,1185,329,2024-05-17
V001264,2024-04-17,P016,C013,22,1390,30580,0,740,2024-05-06
V001265,2024-04-17,P020,C013,34,14976,509184,0,1396,2024-05-06
V001266,2024-04-17,P012,C069,32,1394,44608,1792,1735,2024-04-26
V001267,2024-04-17,P009,C002,41,1880,77080,820,1617,2024-05-11
V001268,2024-04-18,P009,C007,73,1821,132933,5767,4391,2024-05-05
V001269,2024-04-18,P020,C054,26,15405,400530,0,1122,2024-05-12
V001270,2024-04-18,P017,C037,12,2615,31380,0,433,2024-04-27
V001271,2024-04-18,P008,C040,23,637,14651,299,1480,2024-05-01
V001272,2024-04-18,P003,C011,10,2491,24910,0,537,2024-05-13
V001273,2024-04-18,P003,C037,22,2551,56122,0,510,2024-04-27
V001274,2024-04-18,P014,C066,19,1079,20501,399,603,2024-05-13
V001275,2024-04-18,P004,C052,16,9836,157376,10624,1230,2024-05-01
V001276,2024-04-18,P017,C078,7,2420,16940,210,484,2024-04-26
V001277,2024-04-18,P017,C029,11,2504,27544,0,587,2024-05-15
V001278,2024-04-18,P002,C055,19,13612,258628,0,816,2024-04-25
V001279,2024-04-18,P008,C070,12,650,7800,0,550,2024-04-28
V001280,2024-04-18,P019,C051,12,3138,37656,0,456,2024-05-07
V001281,2024-04-18,P002,C060,18,13535,243630,0,935,2024-05-01
V001282,2024-04-18,P006,C052,16,6109,97744,1456,724,2024-05-01
V001283,2024-04-18,P017,C020,6,2597,15582,0,275,2024-05-17
V001284,2024-04-18,P009,C029,19,1808,34352,1748,1217,2024-05-15
V001285,2024-04-18,P018,C035,9,2932,26388,0,351,2024-04-28
V001286,2024-04-18,P012,C056,26,1444,37544,156,1333,2024-04-30
V001287,2024-04-18,P014,C043,34,1114,37876,0,1972,2024-04-27
V001288,2024-04-18,P009,C016,16,1932,30912,0,431,2024-05-18
V001289,2024-04-18,P011,C052,20,510,10200,0,701,2024-05-01
V001290,2024-04-19,P004,C003,10,11056,110560,0,466,2024-05-02
V001291,2024-04-19,P002,C044,16,13728,219648,0,731,2024-05-03
V001292,2024-04-19,P010,C063,8,431,3448,152,255,2024-05-01
V001293,2024-04-19,P006,C032,15,6171,92565,435,954,2024-05-16
V001294,2024-04-19,P014,C026,17,1150,19550,0,964,2024-04-28
V001295,2024-04-19,P020,C024,23,14130,324990,8510,1227,2024-05-12
V001296,2024-04-19,P009,C025,46,1878,86388,1012,1909,2024-04-30
V001297,2024-04-20,P013,C053,22,3279,72138,0,967,2024-05-05
V001298,2024-04-20,P014,C062,8,1118,8944,0,375,2024-05-13
V001299,2024-04-21,P009,C045,27,1933,52191,0,1089,2024-04-30
V001300,2024-04-21,P001,C007,26,15403,400478,2522,1417,2024-05-08
V001301,2024-04-21,P020,C013,18,14043,252774,8226,821,2024-05-10
V001302,2024-04-21,P004,C013,36,10525,378900,0,1394,2024-05-10
V001303,2024-04-21,P012,C047,38,1420,53960,1140,1504,2024-05-21
V001304,2024-04-21,P009,C027,22,1974,43428,0,1221,2024-05-06
V001305,2024-04-21,P020,C016,10,15485,154850,0,616,2024-05-21
V001306,2024-04-22,P010,C061,25,457,11425,0,1479,2024-05-22
V001307,2024-04-22,P009,C072,16,1921,30736,0,682,2024-05-04
V001308,2024-04-22,P014,C068,52,1152,59904,0,2456,2024-05-19
V001309,2024-04-22,P005,C038,6,913,5478,0,164,2024-05-16
V001310,2024-04-22,P013,C064,98,3266,320068,0,4284,2024-05-11
V001311,2024-04-22,P017,C050,22,2404,52888,1012,878,2024-04-30
V001312,2024-04-22,P001,C021,24,16745,401880,0,1117,2024-05-19
V001313,2024-04-22,P017,C059,20,2441,48820,180,1369,2024-05-16
V001314,2024-04-22,P010,C035,21,461,9681,0,998,2024-05-02
V001315,2024-04-22,P002,C019,39,13830,539370,0,2461,2024-05-07
V001316,2024-04-22,P002,C032,5,12369,61845,4155,106,2024-05-19
V001317,2024-04-22,P011,C011,14,512,7168,0,546,2024-05-17
V001318,2024-04-22,P002,C002,31,13481,417911,0,1345,2024-05-16
V001319,2024-04-22,P001,C069,75,16166,1212450,0,2930,2024-05-01
V001320,2024-04-23,P009,C078,27,1814,48978,2322,1467,2024-05-01
V001321,2024-04-23,P019,C051,12,2985,35820,180,403,2024-05-12
V001322,2024-04-23,P016,C012,19,1362,25878,0,725,2024-05-09
V001323,2024-04-23,P019,C063,14,3145,44030,0,425,2024-05-05
V001324,2024-04-23,P020,C025,22,14746,324412,0,655,2024-05-04
V001325,2024-04-23,P013,C050,45,3281,147645,0,2136,2024-05-01
V001326,2024-04-23,P003,C035,6,2618,15708,0,286,2024-05-03
V001327,2024-04-23,P004,C070,29,10435,302615,1885,1079,2024-05-03
V001328,2024-04-23,P016,C073,13,1352,17576,0,780,2024-05-20
V001329,2024-04-23,P009,C070,10,1774,17740,1260,433,2024-05-03
V001330,2024-04-23,P005,C001,18,887,15966,234,682,2024-05-07
V001331,2024-04-23,P013,C015,7,3245,22715,0,523,2024-05-21
V001332,2024-04-23,P010,C046,9,427,3843,207,594,2024-05-07
V001333,2024-04-23,P003,C006,23,2288,52624,2576,964,2024-05-05
V001334,2024-04-23,P014,C020,81,1078,87318,1782,3081,2024-05-22
V001335,2024-04-23,P004,C035,25,11355,283875,0,1135,2024-05-03
V001336,2024-04-24,P005,C041,9,925,8325,0,122,2024-05-23
V001337,2024-04-24,P003,C015,172,2393,411596,1204,8624,2024-05-22
V001338,2024-04-24,P005,C024,31,821,25451,2449,1411,2024-05-17
V001339,2024-04-24,P014,C078,32,1062,33984,1216,910,2024-05-02
V001340,2024-04-24,P008,C050,16,623,9968,432,670,2024-05-02
V001341,2024-04-24,P008,C050,22,656,14432,0,818,2024-05-02
V001342,2024-04-24,P003,C031,16,2447,39152,0,573,2024-05-17
V001343,2024-04-24,P016,C018,6,1409,8454,0,171,2024-05-02
V001344,2024-04-25,P015,C019,46,1013,46598,0,1829,2024-05-10
V001345,2024-04-25,P007,C029,17,826,14042,0,722,2024-05-22
V001346,2024-04-25,P004,C075,17,10922,185674,0,888,2024-05-05
V001347,2024-04-25,P014,C020,35,1130,39550,0,1971,2024-05-24
V001348,2024-04-25,P010,C061,17,455,7735,0,457,2024-05-25
V001349,2024-04-25,P010,C015,20,462,9240,0,586,2024-05-23
V001350,2024-04-25,P015,C071,27,954,25758,702,1094,2024-05-13
V001351,2024-04-25,P008,C055,38,669,25422,0,1952,2024-05-02
V001352,2024-04-25,P005,C028,17,854,14518,782,1003,2024-05-25
V001353,2024-04-25,P018,C078,19,2641,50179,4921,523,2024-05-03
V001354,2024-04-25,P006,C007,52,6235,324220,0,2621,2024-05-12
V001355,2024-04-25,P003,C047,42,2467,103614,0,1962,2024-05-25
V001356,2024-04-25,P018,C014,6,2904,17424,0,208,2024-05-13
V001357,2024-04-26,P007,C005,14,792,11088,112,608,2024-05-21
V001358,2024-04-26,P016,C006,20,1316,26320,680,1043,2024-05-08
V001359,2024-04-26,P005,C013,3,863,2589,111,134,2024-05-15
V001360,2024-04-26,P005,C004,23,847,19481,1219,756,2024-05-25
V001361,2024-04-26,P010,C021,9,455,4095,0,373,2024-05-23
V001362,2024-04-26,P008,C028,54,652,35208,0,2049,2024-05-26
V001363,2024-04-26,P017,C067,22,2407,52954,946,1035,2024-05-25
V001364,2024-04-26,P010,C047,26,472,12272,0,1162,2024-05-26
V001365,2024-04-26,P005,C073,26,906,23556,0,1007,2024-05-23
V001366,2024-04-26,P010,C071,48,441,21168,432,2258,2024-05-14
V001367,2024-04-26,P010,C021,6,446,2676,24,292,2024-05-23
V001368,2024-04-26,P015,C034,33,1000,33000,0,1054,2024-05-19
V001369,2024-04-26,P019,C063,9,3048,27432,0,377,2024-05-08
V001370,2024-04-26,P012,C066,12,1410,16920,480,536,2024-05-21
V001371,2024-04-26,P002,C080,59,12304,725936,52864,2502,2024-05-08
V001372,2024-04-26,P004,C038,14,10659,149226,0,535,2024-05-20
V001373,2024-04-26,P015,C012,14,918,12852,868,562,2024-05-12
V001374,2024-04-26,P004,C011,13,10858,141154,0,546,2024-05-21
V001375,2024-04-26,P014,C026,17,1071,18207,493,997,2024-05-05
V001376,2024-04-26,P007,C061,9,735,6615,585,331,2024-05-26
V001377,2024-04-26,P005,C028,16,875,14000,400,609,2024-05-26
V001378,2024-04-27,P014,C061,13,1164,15132,0,623,2024-05-27
V001379,2024-04-27,P014,C035,14,1119,15666,0,734,2024-05-07
V001380,2024-04-27,P003,C039,42,2349,98658,2142,2059,2024-05-21
V001381,2024-04-27,P009,C024,39,1806,70434,3666,1474,2024-05-20
V001382,2024-04-27,P012,C054,19,1478,28082,0,276,2024-05-21
V001383,2024-04-27,P014,C046,58,1122,65076,0,1809,2024-05-11
V001384,2024-04-27,P020,C026,24,15696,376704,0,1022,2024-05-06
V001385,2024-04-28,P001,C020,20,15712,314240,0,553,2024-05-27
V001386,2024-04-28,P009,C067,30,1884,56520,480,1304,2024-05-27
V001387,2024-04-28,P007,C054,53,784,41552,848,2122,2024-05-22
V001388,2024-04-28,P007,C025,20,787,15740,260,570,2024-05-09
V001389,2024-04-28,P015,C053,17,940,15980,680,700,2024-05-13
V001390,2024-04-28,P011,C015,48,484,23232,768,2683,2024-05-26
V001391,2024-04-28,P006,C070,18,6024,108432,3168,535,2024-05-08
V001392,2024-04-29,P020,C013,5,14111,70555,1945,184,2024-05-18
V001393,2024-04-29,P016,C080,17,1319,22423,527,799,2024-05-11
V001394,2024-04-29,P014,C028,11,1081,11891,209,554,2024-05-29
V001395,2024-04-29,P016,C016,8,1249,9992,808,407,2024-05-29
V001396,2024-04-29,P013,C001,20,3148,62960,1040,727,2024-05-13
V001397,2024-04-29,P014,C031,21,1090,22890,210,1085,2024-05-22
V001398,2024-04-29,P019,C056,7,3089,21623,0,182,2024-05-11
V001399,2024-04-29,P019,C055,6,3064,18384,0,264,2024-05-06
V001400,2024-04-29,P011,C067,12,498,5976,24,468,2024-05-28
V001401,2024-04-29,P004,C074,24,9653,231672,20328,851,2024-05-27
V001402,2024-04-29,P007,C012,8,774,6192,208,267,2024-05-15
V001403,2024-04-29,P001,C080,9,14712,132408,7092,348,2024-05-11
V001404,2024-04-29,P015,C046,7,984,6888,0,369,2024-05-13
V001405,2024-04-30,P013,C034,25,3177,79425,575,958,2024-05-23
V001406,2024-04-30,P019,C014,12,2995,35940,60,631,2024-05-18
V001407,2024-04-30,P003,C064,13,2424,31512,0,430,2024-05-19
V001408,2024-04-30,P016,C010,11,1402,15422,0,376,2024-05-16
V001409,2024-04-30,P015,C021,8,973,7784,56,345,2024-05-27
V001410,2024-04-30,P011,C045,19,490,9310,190,816,2024-05-09
V001411,2024-04-30,P009,C016,6,1977,11862,0,388,2024-05-30
V001412,2024-04-30,P004,C028,11,10551,116061,0,550,2024-05-30
V001413,2024-04-30,P018,C038,16,2674,42784,3616,902,2024-05-24
V001414,2024-04-30,P007,C033,6,817,4902,0,232,2024-05-11
V001415,2024-04-30,P013,C014,29,3125,90625,2175,1878,2024-05-18
V001416,2024-05-01,P014,C058,14,1122,15708,0,415,2024-05-22
V001417,2024-05-01,P020,C050,16,13995,223920,8080,913,2024-05-09
V001418,2024-05-01,P003,C058,20,2358,47160,840,1333,2024-05-22
V001419,2024-05-01,P017,C046,17,2483,42211,0,564,2024-05-15
V001420,2024-05-01,P006,C046,13,6116,79508,1092,648,2024-05-15
V001421,2024-05-01,P011,C016,27,486,13122,378,1098,2024-05-31
V001422,2024-05-01,P008,C072,10,654,6540,0,532,2024-05-13
V001423,2024-05-01,P018,C036,57,2769,157833,7467,2123,2024-05-17
V001424,2024-05-01,P014,C041,31,1143,35433,0,1528,2024-05-30
V001425,2024-05-01,P002,C036,18,13395,241110,0,979,2024-05-17
V001426,2024-05-01,P013,C031,22,3063,67386,3014,582,2024-05-24
V001427,2024-05-01,P001,C060,4,14555,58220,3780,239,2024-05-14
V001428,2024-05-01,P017,C006,16,2388,38208,992,803,2024-05-13
V001429,2024-05-01,P011,C045,15,491,7365,135,904,2024-05-10
V001430,2024-05-01,P013,C039,30,3370,101100,0,584,2024-05-25
V001431,2024-05-01,P004,C048,86,10523,904978,0,4308,2024-05-23
V001432,2024-05-01,P012,C069,34,1455,49470,0,1337,2024-05-10
V001433,2024-05-01,P010,C010,8,454,3632,0,269,2024-05-17
V001434,2024-05-01,P006,C018,22,6148,135256,1144,1125,2024-05-09
V001435,2024-05-02,P014,C058,29,1103,31987,0,1701,2024-05-23
V001436,2024-05-02,P016,C036,9,1356,12204,0,489,2024-05-18
V001437,2024-05-02,P010,C011,7,451,3157,0,436,2024-05-27
V001438,2024-05-02,P007,C010,7,810,5670,0,437,2024-05-18
V001439,2024-05-02,P015,C050,13,992,12896,0,786,2024-05-10
V001440,2024-05-02,P017,C066,13,2508,32604,0,737,2024-05-27
V001441,2024-05-02,P005,C029,42,858,36036,1764,2097,2024-05-29
V001442,2024-05-02,P007,C052,12,812,9744,0,646,2024-05-15
V001443,2024-05-02,P019,C014,28,3053,85484,0,1127,2024-05-20
V001444,2024-05-02,P001,C061,27,15379,415233,3267,1953,2024-06-01
V001445,2024-05-02,P003,C046,18,2300,41400,1800,806,2024-05-16
V001446,2024-05-02,P002,C057,15,12754,191310,6690,440,2024-05-10
V001447,2024-05-02,P014,C025,13,1061,13793,507,478,2024-05-13
V001448,2024-05-02,P016,C067,15,1278,19170,1080,313,2024-05-31
V001449,2024-05-02,P008,C015,15,663,9945,0,751,2024-05-30
V001450,2024-05-02,P020,C052,17,14395,244715,1785,347,2024-05-15
V001451,2024-05-02,P009,C064,4,1868,7472,128,212,2024-05-21
V001452,2024-05-02,P020,C037,26,13712,356512,20488,1160,2024-05-11
V001453,2024-05-02,P016,C040,70,1384,96880,0,4264,2024-05-15
V001454,2024-05-02,P006,C024,14,6187,86618,182,572,2024-05-25
V001455,2024-05-02,P014,C043,33,1100,36300,0,1430,2024-05-11
V001456,2024-05-02,P012,C061,24,1450,34800,0,1219,2024-06-01
V001457,2024-05-03,P019,C038,44,3029,133276,0,2238,2024-05-27
V001458,2024-05-03,P004,C013,8,9928,79424,4576,406,2024-05-22
V001459,2024-05-03,P018,C033,25,2716,67900,4600,1269,2024-05-14
V001460,2024-05-03,P010,C043,22,440,9680,220,598,2024-05-12
V001461,2024-05-04,P005,C053,64,923,59072,0,3580,2024-05-19
V001462,2024-05-04,P008,C074,10,670,6700,0,730,2024-06-01
V001463,2024-05-05,P004,C036,74,10824,800976,0,2756,2024-05-21
V001464,2024-05-05,P017,C023,8,2515,20120,0,298,2024-05-30
V001465,2024-05-05,P014,C036,16,1065,17040,560,698,2024-05-21
V001466,2024-05-05,P020,C016,17,15382,261494,0,693,2024-06-04
V001467,2024-05-05,P010,C015,57,443,25251,399,1861,2024-06-02
V001468,2024-05-05,P005,C067,26,887,23062,338,1713,2024-06-03
V001469,2024-05-05,P001,C059,9,15350,138150,1350,385,2024-05-29
V001470,2024-05-05,P010,C001,15,462,6930,0,676,2024-05-19
V001471,2024-05-05,P012,C037,38,1513,57494,0,1559,2024-05-14
V001472,2024-05-05,P003,C035,4,2229,8916,684,224,2024-05-15
V001473,2024-05-05,P010,C029,8,438,3504,96,424,2024-06-01
V001474,2024-05-05,P004,C034,64,10148,649472,22528,3608,2024-05-28
V001475,2024-05-06,P019,C018,25,3088,77200,0,1412,2024-05-14
V001476,2024-05-06,P010,C040,6,436,2616,84,205,2024-05-19
V001477,2024-05-06,P013,C056,7,3154,22078,322,222,2024-05-18
V001478,2024-05-06,P012,C060,14,1505,21070,0,585,2024-05-19
V001479,2024-05-06,P018,C004,48,2905,139440,0,1364,2024-06-04
V001480,2024-05-06,P010,C032,23,425,9775,575,627,2024-06-02
V001481,2024-05-06,P010,C007,32,449,14368,32,1464,2024-05-23
V001482,2024-05-06,P017,C059,6,2498,14988,0,186,2024-05-30
V001483,2024-05-06,P011,C008,7,472,3304,196,306,2024-05-24
V001484,2024-05-06,P007,C067,19,775,14725,475,457,2024-06-04
V001485,2024-05-06,P010,C040,49,452,22148,0,2414,2024-05-19
V001486,2024-05-06,P005,C078,48,855,41040,2160,2429,2024-05-14
V001487,2024-05-06,P001,C065,18,15898,286164,0,962,2024-06-01
V001488,2024-05-06,P006,C031,46,6343,291778,0,1318,2024-05-29
V001489,2024-05-07,P014,C019,24,1124,26976,0,697,2024-05-22
V001490,2024-05-07,P006,C066,36,6022,216792,6408,1673,2024-06-01
V001491,2024-05-07,P004,C076,19,10059,191121,8379,1078,2024-05-20
V001492,2024-05-07,P004,C060,17,10900,185300,0,804,2024-05-20
V001493,2024-05-07,P019,C050,91,2977,270907,2093,3875,2024-05-15
V001494,2024-05-07,P012,C018,17,1426,24242,408,1334,2024-05-15
V001495,2024-05-07,P012,C065,44,1404,61776,2024,2652,2024-06-02
V001496,2024-05-08,P017,C009,13,2389,31057,793,418,2024-06-01
V001497,2024-05-08,P015,C018,7,969,6783,77,394,2024-05-16
V001498,2024-05-08,P016,C049,5,1281,6405,345,221,2024-05-28
V001499,2024-05-08,P009,C017,34,1823,61982,2618,1267,2024-06-04
V001500,2024-05-08,P013,C009,18,3402,61236,0,764,2024-06-01
V001501,2024-05-08,P008,C014,34,680,23120,0,1102,2024-05-26
V001502,2024-05-08,P014,C009,10,1162,11620,0,497,2024-06-01
V001503,2024-05-08,P015,C048,42,1007,42294,0,1685,2024-05-30
V001504,2024-05-08,P015,C049,6,959,5754,126,253,2024-05-28
V001505,2024-05-08,P016,C057,25,1348,33700,50,805,2024-05-16
V001506,2024-05-08,P017,C025,35,2380,83300,2450,2111,2024-05-19
V001507,2024-05-08,P017,C064,12,2497,29964,0,390,2024-05-27
V001508,2024-05-08,P012,C080,36,1308,47088,5112,996,2024-05-20
V001509,2024-05-08,P019,C011,8,3099,24792,0,427,2024-06-02
V001510,2024-05-08,P002,C077,21,13366,280686,0,757,2024-05-23
V001511,2024-05-08,P009,C050,25,2021,50525,0,556,2024-05-16
V001512,2024-05-09,P018,C074,11,2833,31163,737,422,2024-06-06
V001513,2024-05-09,P020,C008,32,13465,430880,33120,991,2024-05-27
V001514,2024-05-09,P009,C004,8,1943,15544,0,551,2024-06-07
V001515,2024-05-09,P002,C018,9,13341,120069,0,385,2024-05-17
V001516,2024-05-09,P016,C010,43,1281,55083,2967,1311,2024-05-25
V001517,2024-05-09,P002,C045,26,13712,356512,0,1362,2024-05-18
V001518,2024-05-10,P009,C006,8,1910,15280,0,448,2024-05-22
V001519,2024-05-10,P016,C039,8,1298,10384,416,460,2024-06-03
V001520,2024-05-10,P001,C071,19,15299,290681,3819,937,2024-05-28
V001521,2024-05-10,P014,C071,9,1187,10683,0,220,2024-05-28
V001522,2024-05-10,P012,C046,10,1484,14840,0,481,2024-05-24
V001523,2024-05-10,P019,C002,6,3142,18852,0,187,2024-06-03
V001524,2024-05-10,P019,C006,74,3048,225552,0,3544,2024-05-22
V001525,2024-05-10,P006,C037,9,6109,54981,819,338,2024-05-19
V001526,2024-05-11,P005,C078,14,848,11872,728,574,2024-05-19
V001527,2024-05-11,P018,C027,19,2760,52440,2660,1251,2024-05-26
V001528,2024-05-11,P008,C057,31,634,19654,496,1021,2024-05-19
V001529,2024-05-11,P009,C041,31,2035,63085,0,1661,2024-06-09
V001530,2024-05-11,P020,C063,14,15402,215628,0,978,2024-05-23
V001531,2024-05-11,P008,C040,28,621,17388,812,1705,2024-05-24
V001532,2024-05-12,P002,C031,37,12982,480334,8066,1728,2024-06-04
V001533,2024-05-12,P016,C005,10,1312,13120,380,745,2024-06-06
V001534,2024-05-12,P002,C036,38,13651,518738,0,1763,2024-05-28
V001535,2024-05-12,P015,C006,12,957,11484,276,390,2024-05-24
V001536,2024-05-13,P002,C070,6,13139,78834,366,390,2024-05-23
V001537,2024-05-13,P007,C004,7,773,5411,189,351,2024-06-11
V001538,2024-05-13,P002,C014,70,13547,948290,0,2865,2024-05-31
V001539,2024-05-13,P018,C060,14,2909,40726,0,501,2024-05-26
V001540,2024-05-13,P013,C060,10,3102,31020,980,421,2024-05-26
V001541,2024-05-13,P013,C005,24,3094,74256,2544,657,2024-06-07
V001542,2024-05-13,P020,C002,7,14328,100296,1204,374,2024-06-06
V001543,2024-05-13,P006,C057,18,5648,101664,9936,928,2024-05-21
V001544,2024-05-13,P016,C072,39,1318,51402,1248,1495,2024-05-25
V001545,2024-05-13,P003,C057,4,2372,9488,112,275,2024-05-21
V001546,2024-05-13,P005,C030,23,893,20539,161,976,2024-05-20
V001547,2024-05-13,P004,C005,9,10201,91809,2691,440,2024-06-07
V001548,2024-05-13,P018,C030,13,2813,36569,1131,308,2024-05-20
V001549,2024-05-14,P018,C006,23,2997,68931,0,1175,2024-05-26
V001550,2024-05-14,P017,C010,13,2340,30420,1430,795,2024-05-30
V001551,2024-05-14,P014,C010,71,1121,79591,0,3788,2024-05-30
V001552,2024-05-14,P012,C043,16,1490,23840,0,928,2024-05-23
V001553,2024-05-14,P004,C078,12,9852,118224,7776,308,2024-05-22
V001554,2024-05-14,P019,C045,44,2867,126148,5852,1596,2024-05-23
V001555,2024-05-14,P005,C049,46,976,44896,0,1683,2024-06-03
V001556,2024-05-14,P008,C073,20,627,12540,460,825,2024-06-10
V001557,2024-05-14,P004,C068,46,10259,471914,11086,1507,2024-06-10
V001558,2024-05-14,P011,C035,9,513,4617,0,354,2024-05-24
V001559,2024-05-14,P012,C030,16,1478,23648,0,815,2024-05-21
V001560,2024-05-14,P014,C047,6,1132,6792,0,302,2024-06-13
V001561,2024-05-14,P016,C078,4,1293,5172,228,269,2024-05-22
V001562,2024-05-14,P005,C069,35,856,29960,1540,1114,2024-05-23
V001563,2024-05-14,P011,C041,9,490,4410,90,403,2024-06-12
V001564,2024-05-15,P007,C024,11,702,7722,1078,393,2024-06-07
V001565,2024-05-15,P004,C017,7,10142,70994,2506,300,2024-06-11
V001566,2024-05-15,P014,C046,5,1102,5510,0,275,2024-05-29
V001567,2024-05-15,P011,C044,26,505,13130,0,1167,2024-05-29
V001568,2024-05-15,P012,C058,69,1447,99843,207,2221,2024-06-05
V001569,2024-05-15,P016,C018,51,1276,65076,3774,1690,2024-05-23
V001570,2024-05-15,P017,C011,27,2378,64206,1944,1297,2024-06-09
V001571,2024-05-15,P006,C066,28,6223,174244,0,1018,2024-06-09
V001572,2024-05-15,P016,C044,7,1294,9058,392,299,2024-05-29
V001573,2024-05-15,P014,C037,15,1109,16635,0,765,2024-05-24
V001574,2024-05-15,P007,C056,21,790,16590,210,868,2024-05-27
V001575,2024-05-15,P010,C022,11,420,4620,330,598,2024-06-08
V001576,2024-05-15,P010,C034,12,441,5292,108,335,2024-06-07
V001577,2024-05-15,P001,C077,25,16525,413125,0,1149,2024-05-30
V001578,2024-05-15,P001,C048,27,14486,391122,27378,1135,2024-06-06
V001579,2024-05-15,P010,C015,19,458,8702,0,995,2024-06-12
V001580,2024-05-15,P004,C046,75,10525,789375,0,3723,2024-05-29
V001581,2024-05-15,P006,C065,14,6171,86394,406,380,2024-06-10
V001582,2024-05-15,P003,C041,20,2250,45000,3000,736,2024-06-13
V001583,2024-05-16,P001,C032,10,16260,162600,0,387,2024-06-12
V001584,2024-05-16,P009,C061,28,1943,54404,0,1911,2024-06-15
V001585,2024-05-16,P017,C028,21,2489,52269,0,1181,2024-06-15
V001586,2024-05-16,P009,C079,14,1850,25900,700,483,2024-05-23
V001587,2024-05-16,P006,C039,29,6000,174000,5800,963,2024-06-09
V001588,2024-05-17,P016,C038,11,1389,15279,0,593,2024-06-10
V001589,2024-05-17,P011,C015,15,525,7875,0,943,2024-06-14
V001590,2024-05-17,P016,C077,17,1336,22712,238,1000,2024-06-01
V001591,2024-05-17,P014,C008,22,1082,23804,396,748,2024-06-04
V001592,2024-05-17,P015,C055,5,974,4870,30,321,2024-05-24
V001593,2024-05-17,P011,C006,13,491,6383,117,544,2024-05-29
V001594,2024-05-17,P007,C015,12,844,10128,0,569,2024-06-14
V001595,2024-05-17,P013,C012,32,3085,98720,3680,1963,2024-06-02
V001596,2024-05-17,P003,C007,20,2416,48320,0,1033,2024-06-03
V001597,2024-05-17,P018,C051,33,2971,98043,0,659,2024-06-05
V001598,2024-05-17,P011,C053,6,504,3024,0,263,2024-06-01
V001599,2024-05-17,P001,C068,9,15184,136656,2844,411,2024-06-13
V001600,2024-05-17,P010,C004,5,450,2250,0,273,2024-06-15
V001601,2024-05-17,P004,C049,24,10483,251592,408,852,2024-06-06
V001602,2024-05-17,P003,C010,33,2558,84414,0,1554,2024-06-02
V001603,2024-05-17,P020,C020,6,13758,82548,4452,356,2024-06-15
V001604,2024-05-17,P010,C042,14,444,6216,84,806,2024-06-07
V001605,2024-05-17,P004,C034,15,10037,150555,6945,856,2024-06-09
V001606,2024-05-17,P009,C062,8,1835,14680,520,356,2024-06-09
V001607,2024-05-17,P016,C051,31,1341,41571,279,1356,2024-06-05
V001608,2024-05-17,P008,C058,14,637,8918,182,512,2024-06-07
V001609,2024-05-18,P003,C013,21,2505,52605,0,825,2024-06-06
V001610,2024-05-18,P003,C019,10,2241,22410,1590,416,2024-06-02
V001611,2024-05-18,P008,C008,29,642,18618,232,1598,2024-06-05
V001612,2024-05-18,P005,C005,12,897,10764,36,548,2024-06-12
V001613,2024-05-18,P007,C072,41,784,32144,656,2505,2024-05-30
V001614,2024-05-18,P011,C060,32,535,17120,0,505,2024-05-31
V001615,2024-05-18,P003,C014,18,2410,43380,0,836,2024-06-05
V001616,2024-05-18,P017,C016,10,2474,24740,0,444,2024-06-17
V001617,2024-05-18,P014,C064,18,1063,19134,666,746,2024-06-06
V001618,2024-05-18,P010,C016,18,471,8478,0,657,2024-06-17
V001619,2024-05-18,P017,C042,24,2422,58128,672,951,2024-06-08
V001620,2024-05-18,P017,C027,13,2392,31096,754,604,2024-06-02
V001621,2024-05-19,P005,C022,23,933,21459,0,1053,2024-06-12
V001622,2024-05-19,P005,C061,15,887,13305,195,465,2024-06-18
V001623,2024-05-19,P011,C013,7,509,3563,0,380,2024-06-07
V001624,2024-05-19,P018,C029,12,2991,35892,0,460,2024-06-15
V001625,2024-05-19,P010,C048,25,449,11225,25,1499,2024-06-10
V001626,2024-05-19,P007,C010,22,804,17688,0,1152,2024-06-04
V001627,2024-05-19,P019,C014,8,2937,23496,504,286,2024-06-06
V001628,2024-05-20,P019,C078,5,2952,14760,240,161,2024-05-28
V001629,2024-05-20,P016,C027,29,1399,40571,0,1915,2024-06-04
V001630,2024-05-20,P011,C010,20,492,9840,160,716,2024-06-05
V001631,2024-05-20,P017,C016,12,2470,29640,0,317,2024-06-19
V001632,2024-05-20,P012,C040,34,1511,51374,0,1793,2024-06-02
V001633,2024-05-20,P007,C022,87,770,66990,2610,3466,2024-06-13
V001634,2024-05-20,P009,C016,22,1891,41602,198,1039,2024-06-19
V001635,2024-05-20,P012,C060,31,1388,43028,1922,1632,2024-06-02
V001636,2024-05-20,P007,C049,2,818,1636,0,90,2024-06-09
V001637,2024-05-20,P012,C068,8,1397,11176,424,546,2024-06-16
V001638,2024-05-20,P009,C065,66,1952,128832,0,3103,2024-06-15
V001639,2024-05-20,P016,C051,9,1437,12933,0,369,2024-06-08
V001640,2024-05-20,P016,C078,26,1192,30992,4108,1276,2024-05-28
V001641,2024-05-20,P018,C014,33,2882,95106,594,687,2024-06-07
V001642,2024-05-20,P005,C011,11,942,10362,0,560,2024-06-14
V001643,2024-05-20,P002,C041,7,13502,94514,0,309,2024-06-18
V001644,2024-05-20,P020,C003,11,15375,169125,0,329,2024-06-02
V001645,2024-05-20,P006,C076,29,6519,189051,0,1351,2024-06-02
V001646,2024-05-20,P014,C008,20,1136,22720,0,1031,2024-06-07
V001647,2024-05-20,P009,C078,10,1854,18540,460,626,2024-05-28
V001648,2024-05-20,P001,C040,13,15118,196534,4966,755,2024-06-02
V001649,2024-05-20,P003,C073,35,2463,86205,0,1765,2024-06-16
V001650,2024-05-21,P006,C002,12,6504,78048,0,653,2024-06-14
V001651,2024-05-21,P008,C040,57,662,37734,0,2307,2024-06-03
V001652,2024-05-21,P005,C040,13,891,11583,117,687,2024-06-03
V001653,2024-05-21,P007,C035,33,788,26004,396,2073,2024-05-31
V001654,2024-05-22,P003,C063,15,2414,36210,0,458,2024-06-03
V001655,2024-05-22,P006,C005,67,6357,425919,0,3880,2024-06-16
V001656,2024-05-22,P014,C045,33,1092,36036,264,1837,2024-05-31
V001657,2024-05-22,P017,C071,12,2492,29904,0,554,2024-06-09
V001658,2024-05-22,P006,C061,7,6053,42371,1029,374,2024-06-21
V001659,2024-05-22,P019,C005,16,2857,45712,2288,1040,2024-06-16
V001660,2024-05-22,P006,C054,19,6315,119985,0,771,2024-06-15
V001661,2024-05-22,P012,C040,8,1451,11608,0,257,2024-06-04
V001662,2024-05-22,P020,C059,28,14431,404068,1932,882,2024-06-15
V001663,2024-05-22,P008,C033,37,627,23199,851,1714,2024-06-02
V001664,2024-05-22,P002,C030,20,13373,267460,0,311,2024-05-29
V001665,2024-05-22,P013,C076,6,3406,20436,0,200,2024-06-04
V001666,2024-05-23,P007,C073,27,765,20655,945,1927,2024-06-19
V001667,2024-05-23,P003,C040,29,2352,68208,1392,1593,2024-06-05
V001668,2024-05-23,P015,C001,25,994,24850,0,1352,2024-06-06
V001669,2024-05-23,P006,C031,40,6180,247200,800,1526,2024-06-15
V001670,2024-05-23,P018,C048,7,2845,19915,385,351,2024-06-14
V001671,2024-05-23,P016,C049,70,1352,94640,0,2774,2024-06-12
V001672,2024-05-23,P005,C041,28,910,25480,0,550,2024-06-21
V001673,2024-05-23,P014,C077,17,1037,17629,1071,790,2024-06-07
V001674,2024-05-23,P019,C004,9,3011,27099,0,302,2024-06-21
V001675,2024-05-23,P011,C065,50,500,25000,0,919,2024-06-18
V001676,2024-05-23,P008,C018,20,647,12940,60,1000,2024-05-31
V001677,2024-05-23,P013,C024,17,2890,49130,5270,1012,2024-06-15
V001678,2024-05-23,P002,C034,48,12884,618432,15168,2907,2024-06-15
V001679,2024-05-23,P004,C060,33,10442,344586,1914,910,2024-06-05
V001680,2024-05-23,P013,C002,13,3030,39390,2210,575,2024-06-16
V001681,2024-05-23,P001,C063,33,15339,506187,5313,1547,2024-06-04
V001682,2024-05-23,P014,C034,27,1073,28971,729,552,2024-06-15
V001683,2024-05-23,P017,C048,59,2578,152102,0,1085,2024-06-14
V001684,2024-05-23,P004,C023,13,10695,139035,0,700,2024-06-17
V001685,2024-05-23,P019,C034,31,2927,90737,2263,1486,2024-06-15
V001686,2024-05-24,P016,C059,5,1336,6680,70,183,2024-06-17
V001687,2024-05-24,P011,C038,13,483,6279,221,670,2024-06-17
V001688,2024-05-24,P010,C005,23,475,10925,0,1138,2024-06-18
V001689,2024-05-24,P008,C023,40,633,25320,680,1961,2024-06-18
V001690,2024-05-24,P015,C080,3,958,2874,66,85,2024-06-05
V001691,2024-05-24,P017,C073,19,2416,45904,646,947,2024-06-20
V001692,2024-05-24,P004,C049,21,10226,214746,5754,1250,2024-06-13
V001693,2024-05-25,P014,C052,9,1154,10386,0,267,2024-06-07
V001694,2024-05-25,P014,C015,43,1153,49579,0,1912,2024-06-22
V001695,2024-05-25,P018,C032,25,2837,70925,1575,1032,2024-06-21
V001696,2024-05-25,P014,C036,69,1090,75210,690,4323,2024-06-10
V001697,2024-05-25,P020,C052,13,15021,195273,0,604,2024-06-07
V001698,2024-05-25,P005,C036,10,927,9270,0,434,2024-06-10
V001699,2024-05-26,P008,C003,27,622,16794,756,878,2024-06-08
V001700,2024-05-26,P020,C059,26,14261,370786,6214,1443,2024-06-19
V001701,2024-05-26,P018,C002,15,2926,43890,0,582,2024-06-19
V001702,2024-05-26,P016,C027,20,1313,26260,740,1055,2024-06-10
V001703,2024-05-26,P019,C011,28,2960,82880,1120,1449,2024-06-20
V001704,2024-05-27,P012,C039,14,1444,20216,84,593,2024-06-20
V001705,2024-05-27,P020,C075,11,12973,142703,16797,677,2024-06-06
V001706,2024-05-27,P001,C037,22,15617,343574,0,1582,2024-06-05
V001707,2024-05-27,P005,C049,44,918,40392,0,2192,2024-06-16
V001708,2024-05-27,P004,C074,3,10612,31836,0,32,2024-06-24
V001709,2024-05-27,P013,C071,13,3068,39884,1716,689,2024-06-14
V001710,2024-05-27,P011,C047,30,490,14700,300,880,2024-06-26
V001711,2024-05-27,P011,C065,21,513,10773,0,717,2024-06-22
V001712,2024-05-27,P015,C037,38,999,37962,0,1579,2024-06-05
V001713,2024-05-27,P010,C001,21,441,9261,189,980,2024-06-10
V001714,2024-05-27,P004,C050,23,10293,236739,4761,1123,2024-06-04
V001715,2024-05-27,P001,C080,9,14514,130626,8874,404,2024-06-08
V001716,2024-05-27,P019,C053,41,3000,123000,0,2484,2024-06-11
V001717,2024-05-27,P016,C012,34,1307,44438,1462,1843,2024-06-12
V001718,2024-05-27,P007,C021,16,802,12832,0,937,2024-06-23
V001719,2024-05-27,P007,C042,17,780,13260,340,818,2024-06-17
V001720,2024-05-27,P006,C060,20,6045,120900,3100,769,2024-06-09
V001721,2024-05-27,P006,C032,6,6256,37536,0,271,2024-06-23
V001722,2024-05-27,P014,C067,8,1096,8768,32,512,2024-06-25
V001723,2024-05-27,P004,C078,28,10370,290360,3640,1317,2024-06-04
V001724,2024-05-28,P010,C051,76,465,35340,0,3649,2024-06-16
V001725,2024-05-28,P017,C057,18,2491,44838,0,944,2024-06-05
V001726,2024-05-28,P019,C015,29,2968,86072,928,1145,2024-06-25
V001727,2024-05-28,P008,C062,14,644,9016,84,579,2024-06-20
V001728,2024-05-28,P016,C032,31,1334,41354,496,1086,2024-06-24
V001729,2024-05-29,P009,C073,8,2035,16280,0,392,2024-06-25
V001730,2024-05-29,P019,C047,28,2971,83188,812,835,2024-06-28
V001731,2024-05-29,P010,C061,41,466,19106,0,2579,2024-06-28
V001732,2024-05-29,P005,C019,47,899,42253,47,2520,2024-06-13
V001733,2024-05-29,P007,C075,11,797,8767,33,706,2024-06-08
V001734,2024-05-29,P017,C052,15,2571,38565,0,630,2024-06-11
V001735,2024-05-29,P019,C065,14,3080,43120,0,485,2024-06-24
V001736,2024-05-29,P006,C068,19,5965,113335,4465,1087,2024-06-25
V001737,2024-05-29,P003,C044,13,2468,32084,0,758,2024-06-12
V001738,2024-05-29,P004,C026,14,11182,156548,0,439,2024-06-07
V001739,2024-05-29,P017,C030,30,2568,77040,0,1454,2024-06-05
V001740,2024-05-29,P011,C065,6,472,2832,168,244,2024-06-24
V001741,2024-05-29,P003,C008,17,2405,40885,0,1129,2024-06-16
V001742,2024-05-29,P006,C032,6,6466,38796,0,450,2024-06-25
V001743,2024-05-29,P009,C071,7,1884,13188,112,128,2024-06-16
V001744,2024-05-29,P005,C067,15,902,13530,0,980,2024-06-27
V001745,2024-05-29,P016,C060,8,1300,10400,400,399,2024-06-11
V001746,2024-05-29,P004,C070,25,10484,262100,400,1165,2024-06-08
V001747,2024-05-30,P004,C057,29,10674,309546,0,854,2024-06-07
V001748,2024-05-30,P015,C001,12,974,11688,72,742,2024-06-13
V001749,2024-05-30,P011,C065,19,492,9348,152,714,2024-06-25
V001750,2024-05-30,P018,C032,11,2758,30338,1562,491,2024-06-26
V001751,2024-05-30,P004,C024,19,10364,196916,2584,814,2024-06-22
V001752,2024-05-30,P006,C023,8,6034,48272,1328,566,2024-06-24
V001753,2024-05-30,P015,C044,28,1004,28112,0,1792,2024-06-13
V001754,2024-05-30,P008,C028,14,653,9142,0,441,2024-06-29
V001755,2024-05-30,P010,C079,7,445,3115,35,364,2024-06-06
V001756,2024-05-30,P013,C022,55,3355,184525,0,3855,2024-06-23
V001757,2024-05-30,P016,C077,86,1337,114982,1118,6251,2024-06-14
V001758,2024-05-30,P016,C039,16,1337,21392,208,363,2024-06-23
V001759,2024-05-30,P011,C058,12,500,6000,0,525,2024-06-20
V001760,2024-05-30,P013,C008,45,3304,148680,0,646,2024-06-17
V001761,2024-05-30,P009,C003,31,1873,58063,837,1152,2024-06-12
V001762,2024-05-30,P012,C004,7,1420,9940,210,411,2024-06-28
V001763,2024-05-30,P007,C028,25,798,19950,50,1242,2024-06-29
V001764,2024-05-31,P011,C062,67,540,36180,0,2437,2024-06-23
V001765,2024-05-31,P013,C063,22,3296,72512,0,1074,2024-06-12
V001766,2024-05-31,P018,C048,18,2694,48492,3708,888,2024-06-22
V001767,2024-05-31,P003,C042,25,2317,57925,2075,1003,2024-06-21
V001768,2024-05-31,P011,C074,23,470,10810,690,858,2024-06-28
V001769,2024-05-31,P001,C018,27,15691,423657,0,717,2024-06-08
V001770,2024-05-31,P011,C047,45,508,22860,0,1796,2024-06-30
V001771,2024-05-31,P015,C030,18,957,17226,414,507,2024-06-07
V001772,2024-05-31,P009,C078,9,1747,15723,1377,481,2024-06-08
V001773,2024-06-01,P017,C008,51,2541,129591,0,2362,2024-06-19
V001774,2024-06-01,P002,C065,37,12835,474895,13505,1578,2024-06-27
V001775,2024-06-02,P003,C010,39,2449,95511,0,891,2024-06-18
V001776,2024-06-02,P003,C074,67,2540,170180,0,2956,2024-06-30
V001777,2024-06-02,P014,C036,14,1122,15708,0,627,2024-06-18
V001778,2024-06-02,P011,C010,8,471,3768,232,408,2024-06-18
V001779,2024-06-02,P014,C003,17,1073,18241,459,623,2024-06-15
V001780,2024-06-02,P001,C029,15,15943,239145,0,487,2024-06-29
V001781,2024-06-02,P011,C069,17,503,8551,0,500,2024-06-11
V001782,2024-06-03,P019,C020,13,2983,38779,221,652,2024-07-02
V001783,2024-06-03,P018,C078,10,2932,29320,0,552,2024-06-11
V001784,2024-06-03,P008,C027,13,667,8671,0,579,2024-06-18
V001785,2024-06-03,P007,C046,18,805,14490,0,524,2024-06-17
V001786,2024-06-03,P004,C012,58,10110,586380,22620,2214,2024-06-19
V001787,2024-06-03,P006,C027,8,5914,47312,2288,262,2024-06-18
V001788,2024-06-03,P011,C054,33,500,16500,0,1678,2024-06-27
V001789,2024-06-03,P015,C003,9,929,8361,459,611,2024-06-16
V001790,2024-06-03,P003,C056,7,2310,16170,630,191,2024-06-15
V001791,2024-06-03,P016,C003,40,1325,53000,1000,1461,2024-06-16
V001792,2024-06-03,P005,C032,20,891,17820,180,913,2024-06-30
V001793,2024-06-03,P020,C027,67,14136,947112,24388,3616,2024-06-18
V001794,2024-06-03,P006,C054,30,6276,188280,0,1231,2024-06-27
V001795,2024-06-03,P006,C004,20,5865,117300,6700,528,2024-07-02
V001796,2024-06-03,P009,C080,7,1740,12180,1120,468,2024-06-15
V001797,2024-06-04,P005,C053,8,869,6952,248,292,2024-06-19
V001798,2024-06-04,P006,C013,8,6625,53000,0,340,2024-06-23
V001799,2024-06-04,P018,C057,7,2843,19901,399,260,2024-06-12
V001800,2024-06-04,P016,C033,6,1307,7842,258,344,2024-06-15
V001801,2024-06-04,P004,C062,19,10328,196232,3268,804,2024-06-27
V001802,2024-06-05,P005,C019,14,927,12978,0,726,2024-06-20
V001803,2024-06-05,P020,C014,13,14446,187798,702,454,2024-06-23
V001804,2024-06-05,P015,C076,21,1023,21483,0,661,2024-06-18
V001805,2024-06-05,P005,C042,15,835,12525,975,474,2024-06-26
V001806,2024-06-05,P002,C050,41,13278,544398,0,1834,2024-06-13
V001807,2024-06-05,P002,C031,11,12722,139942,5258,429,2024-06-28
V001808,2024-06-05,P012,C025,44,1401,61644,2156,1710,2024-06-16
V001809,2024-06-05,P007,C059,27,817,22059,0,1392,2024-06-29
V001810,2024-06-05,P017,C044,3,2445,7335,15,200,2024-06-19
V001811,2024-06-05,P016,C071,19,1400,26600,0,551,2024-06-23
V001812,2024-06-05,P009,C009,34,1982,67388,0,1611,2024-06-29
V001813,2024-06-05,P004,C030,10,10054,100540,4460,495,2024-06-12
V001814,2024-06-05,P003,C065,48,2480,119040,0,2836,2024-07-01
V001815,2024-06-05,P001,C026,30,15249,457470,7530,1228,2024-06-14
V001816,2024-06-05,P017,C068,6,2322,13932,768,243,2024-07-02
V001817,2024-06-05,P017,C022,17,2511,42687,0,1015,2024-06-29
V001818,2024-06-05,P020,C029,47,14272,670784,10716,3518,2024-07-02
V001819,2024-06-05,P013,C038,15,3088,46320,1680,772,2024-06-29
V001820,2024-06-05,P011,C018,28,524,14672,0,1499,2024-06-13
V001821,2024-06-05,P010,C027,67,455,30485,0,2944,2024-06-20
V001822,2024-06-06,P005,C019,19,985,18715,0,746,2024-06-21
V001823,2024-06-06,P008,C051,49,638,31262,588,2449,2024-06-25
V001824,2024-06-06,P012,C010,10,1440,14400,100,292,2024-06-22
V001825,2024-06-06,P005,C027,16,900,14400,0,692,2024-06-21
V001826,2024-06-06,P004,C067,15,10213,153195,4305,528,2024-07-05
V001827,2024-06-06,P015,C039,43,965,41495,645,1745,2024-06-30
V001828,2024-06-06,P011,C035,33,487,16071,429,1186,2024-06-16
V001829,2024-06-06,P006,C063,29,6801,197229,0,2034,2024-06-18
V001830,2024-06-06,P020,C077,34,14848,504832,0,1144,2024-06-21
V001831,2024-06-06,P014,C054,25,1085,27125,375,927,2024-06-30
V001832,2024-06-06,P012,C011,19,1460,27740,0,1094,2024-07-01
V001833,2024-06-06,P009,C014,19,1817,34523,1577,730,2024-06-24
V001834,2024-06-06,P013,C006,26,3275,85150,0,424,2024-06-18
V001835,2024-06-06,P019,C013,12,3090,37080,0,454,2024-06-25
V001836,2024-06-06,P013,C006,8,3288,26304,0,260,2024-06-18
V001837,2024-06-06,P017,C005,38,2440,92720,380,1619,2024-07-01
V001838,2024-06-06,P019,C024,69,2895,199755,7245,2591,2024-06-29
V001839,2024-06-07,P012,C032,6,1415,8490,210,370,2024-07-04
V001840,2024-06-07,P009,C021,4,1844,7376,224,168,2024-07-04
V001841,2024-06-07,P013,C045,29,3152,91408,1392,1305,2024-06-16
V001842,2024-06-07,P012,C079,24,1493,35832,0,1027,2024-06-14
V001843,2024-06-07,P010,C013,15,433,6495,255,442,2024-06-26
V001844,2024-06-07,P007,C034,43,745,32035,2365,2408,2024-06-30
V001845,2024-06-07,P012,C021,42,1501,63042,0,2319,2024-07-04
V001846,2024-06-07,P017,C072,11,2502,27522,0,660,2024-06-19
V001847,2024-06-07,P003,C026,31,2358,73098,1302,1688,2024-06-16
V001848,2024-06-07,P005,C050,11,1006,11066,0,747,2024-06-15
V001849,2024-06-07,P015,C006,14,988,13832,0,628,2024-06-19
V001850,2024-06-07,P008,C029,13,641,8333,117,498,2024-07-04
V001851,2024-06-07,P001,C038,43,14910,641130,25370,2269,2024-07-01
V001852,2024-06-07,P019,C025,10,2871,28710,1290,368,2024-06-18
V001853,2024-06-07,P013,C034,31,2883,89373,9827,1976,2024-06-30
V001854,2024-06-08,P011,C070,21,530,11130,0,892,2024-06-18
V001855,2024-06-08,P017,C061,20,2478,49560,0,747,2024-07-08
V001856,2024-06-08,P012,C071,31,1438,44578,372,2098,2024-06-26
V001857,2024-06-08,P015,C080,16,1030,16480,0,971,2024-06-20
V001858,2024-06-08,P001,C072,17,15990,271830,0,624,2024-06-20
V001859,2024-06-09,P003,C046,88,2381,209528,1672,2306,2024-06-23
V001860,2024-06-09,P016,C056,17,1331,22627,323,602,2024-06-21
V001861,2024-06-09,P019,C066,23,2995,68885,115,1065,2024-07-04
V001862,2024-06-09,P020,C007,29,15520,450080,0,1959,2024-06-26
V001863,2024-06-10,P017,C053,52,2451,127452,0,3186,2024-06-25
V001864,2024-06-10,P006,C024,29,6064,175856,3944,1502,2024-07-03
V001865,2024-06-10,P013,C053,15,3241,48615,0,581,2024-06-25
V001866,2024-06-10,P010,C046,10,450,4500,0,502,2024-06-24
V001867,2024-06-10,P009,C052,12,1883,22596,204,493,2024-06-23
V001868,2024-06-10,P015,C013,20,904,18080,1520,479,2024-06-29
V001869,2024-06-11,P012,C013,20,1441,28820,180,938,2024-06-30
V001870,2024-06-11,P019,C073,17,3070,52190,0,1021,2024-07-08
V001871,2024-06-11,P016,C024,101,1338,135138,1212,5597,2024-07-04
V001872,2024-06-11,P005,C077,16,843,13488,912,855,2024-06-26
V001873,2024-06-11,P006,C065,54,6567,354618,0,2002,2024-07-07
V001874,2024-06-12,P010,C014,16,416,6656,544,672,2024-06-30
V001875,2024-06-12,P016,C025,57,1311,74727,2223,3044,2024-06-23
V001876,2024-06-12,P004,C071,10,11089,110890,0,687,2024-06-30
V001877,2024-06-12,P016,C025,17,1307,22219,731,477,2024-06-23
V001878,2024-06-12,P019,C013,142,2849,404558,21442,5367,2024-07-01
V001879,2024-06-12,P017,C051,44,2441,107404,396,2259,2024-07-01
V001880,2024-06-12,P007,C038,47,789,37083,517,2208,2024-07-06
V001881,2024-06-12,P001,C063,7,15142,105994,2506,269,2024-06-24
V001882,2024-06-12,P010,C008,20,463,9260,0,833,2024-06-30
V001883,2024-06-12,P019,C074,22,2991,65802,198,664,2024-07-10
V001884,2024-06-12,P002,C039,16,12363,197808,13392,636,2024-07-06
V001885,2024-06-12,P014,C066,20,1059,21180,820,1170,2024-07-07
V001886,2024-06-12,P007,C013,18,804,14472,0,997,2024-07-01
V001887,2024-06-13,P016,C027,24,1394,33456,0,1159,2024-06-28
V001888,2024-06-13,P004,C038,35,10558,369530,0,1467,2024-07-07
V001889,2024-06-13,P005,C077,8,924,7392,0,292,2024-06-28
V001890,2024-06-13,P019,C040,28,2960,82880,1120,936,2024-06-26
V001891,2024-06-13,P014,C049,40,1056,42240,1760,1404,2024-07-03
V001892,2024-06-13,P013,C006,29,3159,91611,1189,1094,2024-06-25
V001893,2024-06-13,P004,C015,7,10799,75593,0,435,2024-07-11
V001894,2024-06-13,P013,C037,21,3151,66171,1029,894,2024-06-22
V001895,2024-06-13,P004,C051,62,10308,639096,11904,2795,2024-07-02
V001896,2024-06-13,P002,C061,19,13645,259255,0,908,2024-07-13
V001897,2024-06-14,P003,C031,17,2393,40681,119,545,2024-07-07
V001898,2024-06-14,P002,C065,28,13299,372372,0,1545,2024-07-10
V001899,2024-06-14,P019,C002,42,3226,135492,0,1541,2024-07-08
V001900,2024-06-14,P012,C060,7,1427,9989,161,346,2024-06-27
V001901,2024-06-14,P010,C065,7,420,2940,210,379,2024-07-10
V001902,2024-06-14,P003,C032,23,2456,56488,0,1330,2024-07-11
V001903,2024-06-15,P002,C015,28,12573,352044,17556,1160,2024-07-13
V001904,2024-06-15,P006,C042,16,6326,101216,0,805,2024-07-06
V001905,2024-06-15,P013,C001,29,3207,93003,0,1131,2024-06-29
V001906,2024-06-15,P008,C005,21,620,13020,630,499,2024-07-10
V001907,2024-06-15,P019,C050,10,2834,28340,1660,512,2024-06-23
V001908,2024-06-15,P016,C079,26,1392,36192,0,966,2024-06-22
V001909,2024-06-15,P012,C029,6,1511,9066,0,437,2024-07-12
V001910,2024-06-16,P006,C048,32,6180,197760,640,1548,2024-07-08
V001911,2024-06-16,P014,C070,6,1110,6660,0,341,2024-06-26
V001912,2024-06-16,P014,C059,32,1072,34304,896,1675,2024-07-10
V001913,2024-06-16,P011,C052,8,501,4008,0,512,2024-06-29
V001914,2024-06-16,P019,C025,33,2796,92268,6732,1665,2024-06-27
V001915,2024-06-16,P014,C048,24,1112,26688,0,1187,2024-07-08
V001916,2024-06-17,P010,C080,17,411,6987,663,1130,2024-06-29
V001917,2024-06-17,P013,C067,5,3275,16375,0,231,2024-07-16
V001918,2024-06-17,P019,C023,7,2944,20608,392,296,2024-07-12
V001919,2024-06-17,P013,C074,29,3093,89697,3103,1512,2024-07-15
V001920,2024-06-17,P005,C063,32,934,29888,0,1035,2024-06-29
V001921,2024-06-17,P003,C011,37,2564,94868,0,2216,2024-07-12
V001922,2024-06-17,P012,C026,15,1418,21270,480,565,2024-06-26
V001923,2024-06-17,P015,C061,16,960,15360,320,1047,2024-07-17
V001924,2024-06-17,P006,C020,13,6388,83044,0,499,2024-07-16
V001925,2024-06-17,P018,C071,32,2862,91584,1216,2171,2024-07-05
V001926,2024-06-17,P008,C015,24,614,14736,864,1244,2024-07-15
V001927,2024-06-17,P005,C049,18,904,16272,0,525,2024-07-07
V001928,2024-06-17,P012,C057,22,1556,34232,0,557,2024-06-25
V001929,2024-06-17,P019,C045,11,2953,32483,517,542,2024-06-26
V001930,2024-06-17,P007,C042,6,806,4836,0,204,2024-07-08
V001931,2024-06-17,P016,C003,27,1395,37665,0,1199,2024-06-30
V001932,2024-06-17,P009,C025,46,1912,87952,0,2002,2024-06-28
V001933,2024-06-17,P011,C022,10,493,4930,70,573,2024-07-11
V001934,2024-06-18,P011,C006,33,498,16434,66,1572,2024-06-30
V001935,2024-06-18,P020,C002,4,14400,57600,400,189,2024-07-12
V001936,2024-06-18,P009,C049,7,1971,13797,0,198,2024-07-08
V001937,2024-06-18,P014,C044,10,1098,10980,20,528,2024-07-02
V001938,2024-06-18,P010,C035,8,437,3496,104,207,2024-06-28
V001939,2024-06-18,P011,C066,14,521,7294,0,717,2024-07-13
V001940,2024-06-18,P008,C012,59,668,39412,0,3481,2024-07-04
V001941,2024-06-18,P015,C043,28,1019,28532,0,1624,2024-06-27
V001942,2024-06-18,P007,C011,5,825,4125,0,260,2024-07-13
V001943,2024-06-18,P008,C027,13,635,8255,195,601,2024-07-03
V001944,2024-06-18,P016,C078,30,1276,38280,2220,871,2024-06-26
V001945,2024-06-18,P002,C057,12,13557,162684,0,681,2024-06-26
V001946,2024-06-18,P007,C016,25,810,20250,0,1369,2024-07-18
V001947,2024-06-18,P008,C021,9,643,5787,63,512,2024-07-15
V001948,2024-06-18,P010,C028,12,448,5376,24,364,2024-07-18
V001949,2024-06-18,P009,C037,27,1956,52812,0,1329,2024-06-27
V001950,2024-06-18,P002,C080,33,12109,399597,36003,732,2024-06-30
V001951,2024-06-19,P001,C012,8,16221,129768,0,284,2024-07-05
V001952,2024-06-19,P020,C009,26,14299,371774,5226,1437,2024-07-13
V001953,2024-06-19,P016,C048,20,1281,25620,1380,1728,2024-07-11
V001954,2024-06-19,P007,C030,22,781,17182,418,1226,2024-06-26
V001955,2024-06-19,P015,C042,53,1010,53530,0,1972,2024-07-10
V001956,2024-06-19,P005,C050,18,918,16524,0,955,2024-06-27
V001957,2024-06-19,P005,C052,15,928,13920,0,319,2024-07-02
V001958,2024-06-19,P005,C076,37,935,34595,0,1717,2024-07-02
V001959,2024-06-19,P009,C044,10,1968,19680,0,639,2024-07-03
V001960,2024-06-19,P018,C036,11,2882,31702,198,356,2024-07-05
V001961,2024-06-19,P006,C063,13,6161,80093,507,696,2024-07-01
V001962,2024-06-19,P016,C028,18,1340,24120,180,929,2024-07-19
V001963,2024-06-19,P010,C080,18,436,7848,252,938,2024-07-01
V001964,2024-06-19,P012,C017,8,1420,11360,240,393,2024-07-16
V001965,2024-06-19,P011,C030,91,486,44226,1274,4227,2024-06-26
V001966,2024-06-19,P011,C074,59,537,31683,0,1593,2024-07-17
V001967,2024-06-19,P019,C030,36,3031,109116,0,1319,2024-06-26
V001968,2024-06-19,P019,C061,37,3076,113812,0,1367,2024-07-19
V001969,2024-06-20,P020,C042,8,13646,109168,6832,239,2024-07-11
V001970,2024-06-20,P009,C009,15,1914,28710,0,535,2024-07-14
V001971,2024-06-20,P005,C047,9,873,7857,243,583,2024-07-20
V001972,2024-06-20,P016,C072,11,1292,14212,638,842,2024-07-02
V001973,2024-06-20,P020,C069,23,15480,356040,0,1248,2024-06-29
V001974,2024-06-20,P017,C065,6,2310,13860,840,332,2024-07-16
V001975,2024-06-20,P001,C039,14,16278,227892,0,669,2024-07-14
V001976,2024-06-20,P014,C011,10,1142,11420,0,444,2024-07-15
V001977,2024-06-21,P018,C021,30,2963,88890,0,1530,2024-07-18
V001978,2024-06-21,P009,C026,30,1918,57540,0,1511,2024-06-30
V001979,2024-06-21,P001,C016,9,15203,136827,2673,414,2024-07-21
V001980,2024-06-21,P013,C071,7,3169,22183,217,362,2024-07-09
V001981,2024-06-21,P020,C005,25,14506,362650,0,1040,2024-07-16
V001982,2024-06-21,P017,C008,47,2254,105938,9212,2142,2024-07-09
V001983,2024-06-21,P005,C020,11,897,9867,33,439,2024-07-20
V001984,2024-06-21,P012,C046,14,1450,20300,0,434,2024-07-05
V001985,2024-06-21,P018,C008,21,2853,59913,987,1034,2024-07-09
V001986,2024-06-21,P003,C027,18,2455,44190,0,721,2024-07-06
V001987,2024-06-21,P008,C008,28,691,19348,0,1469,2024-07-09
V001988,2024-06-21,P008,C062,14,668,9352,0,486,2024-07-14
V001989,2024-06-21,P011,C050,47,530,24910,0,2231,2024-06-29
V001990,2024-06-21,P016,C004,37,1337,49469,481,1626,2024-07-20
V001991,2024-06-21,P019,C005,9,3163,28467,0,413,2024-07-16
V001992,2024-06-21,P019,C048,21,2952,61992,1008,1032,2024-07-13
V001993,2024-06-22,P020,C037,13,13764,178932,9568,776,2024-07-01
V001994,2024-06-22,P020,C033,15,14483,217245,255,765,2024-07-03
V001995,2024-06-23,P015,C004,3,952,2856,84,81,2024-07-22
V001996,2024-06-23,P007,C024,9,808,7272,0,561,2024-07-16
V001997,2024-06-23,P007,C026,60,787,47220,780,3751,2024-07-02
V001998,2024-06-23,P007,C076,34,837,28458,0,1722,2024-07-06
V001999,2024-06-23,P019,C033,33,3098,102234,0,1356,2024-07-04
V002000,2024-06-23,P011,C059,9,487,4383,117,372,2024-07-17
V002001,2024-06-24,P003,C079,9,2264,20376,1224,177,2024-07-01
V002002,2024-06-24,P012,C010,9,1446,13014,36,433,2024-07-10
V002003,2024-06-24,P004,C039,9,11457,103113,0,277,2024-07-18
V002004,2024-06-24,P007,C016,24,829,19896,0,942,2024-07-24
V002005,2024-06-24,P001,C015,10,15988,159880,0,335,2024-07-22
V002006,2024-06-24,P018,C035,8,2737,21896,1304,380,2024-07-04
V002007,2024-06-24,P005,C028,7,916,6412,0,239,2024-07-24
V002008,2024-06-24,P001,C074,73,16573,1209829,0,2833,2024-07-22
V002009,2024-06-24,P010,C062,12,431,5172,228,214,2024-07-17
V002010,2024-06-24,P007,C031,61,808,49288,0,2739,2024-07-17
V002011,2024-06-24,P019,C056,25,3043,76075,0,666,2024-07-06
V002012,2024-06-25,P010,C047,9,458,4122,0,283,2024-07-25
V002013,2024-06-25,P012,C048,34,1419,48246,1054,2056,2024-07-17
V002014,2024-06-25,P014,C023,23,1165,26795,0,986,2024-07-20
V002015,2024-06-25,P005,C064,27,913,24651,0,1182,2024-07-14
V002016,2024-06-25,P009,C018,15,1791,26865,1635,738,2024-07-03
V002017,2024-06-26,P002,C044,21,12759,267939,9261,704,2024-07-10
V002018,2024-06-26,P018,C021,50,3078,153900,0,2098,2024-07-23
V002019,2024-06-26,P013,C011,21,3196,67116,84,1264,2024-07-21
V002020,2024-06-26,P006,C030,52,6008,312416,9984,2378,2024-07-03
V002021,2024-06-26,P012,C071,55,1465,80575,0,2054,2024-07-14
V002022,2024-06-26,P012,C053,8,1494,11952,0,483,2024-07-11
V002023,2024-06-26,P007,C001,38,837,31806,0,1356,2024-07-10
V002024,2024-06-26,P010,C031,30,456,13680,0,1847,2024-07-19
V002025,2024-06-26,P007,C004,9,814,7326,0,600,2024-07-25
V002026,2024-06-27,P003,C033,18,2516,45288,0,702,2024-07-08
V002027,2024-06-27,P001,C077,13,15648,203424,0,744,2024-07-12
V002028,2024-06-27,P019,C062,29,2876,83404,3596,442,2024-07-20
V002029,2024-06-27,P016,C041,16,1267,20272,1328,777,2024-07-26
V002030,2024-06-27,P018,C013,16,3081,49296,0,401,2024-07-16
V002031,2024-06-27,P016,C004,27,1350,36450,0,1357,2024-07-26
V002032,2024-06-28,P004,C059,16,10171,162736,5264,589,2024-07-22
V002033,2024-06-28,P011,C040,24,477,11448,552,1200,2024-07-11
V002034,2024-06-28,P004,C002,33,10460,345180,1320,1400,2024-07-22
V002035,2024-06-28,P017,C057,11,2484,27324,0,340,2024-07-06
V002036,2024-06-28,P002,C033,27,12205,329535,26865,1254,2024-07-09
V002037,2024-06-28,P010,C021,15,456,6840,0,661,2024-07-25
V002038,2024-06-28,P016,C063,12,1348,16176,24,330,2024-07-10
V002039,2024-06-28,P006,C049,11,6288,69168,0,416,2024-07-18
V002040,2024-06-28,P015,C015,22,944,20768,792,1294,2024-07-26
V002041,2024-06-28,P001,C068,40,14956,598240,21760,1665,2024-07-25
V002042,2024-06-28,P002,C036,15,13380,200700,0,706,2024-07-14
V002043,2024-06-29,P012,C061,5,1536,7680,0,157,2024-07-29
V002044,2024-06-29,P004,C004,8,10296,82368,1632,270,2024-07-28
V002045,2024-06-29,P018,C048,22,3046,67012,0,920,2024-07-21
V002046,2024-06-29,P019,C053,12,2998,35976,24,397,2024-07-14
V002047,2024-06-29,P012,C008,20,1411,28220,780,871,2024-07-17
V002048,2024-06-29,P017,C002,6,2423,14538,162,319,2024-07-23
V002049,2024-06-29,P016,C028,10,1329,13290,210,457,2024-07-29
V002050,2024-06-29,P013,C071,27,3221,86967,0,1043,2024-07-17
V002051,2024-06-29,P005,C066,1,917,917,0,48,2024-07-24
V002052,2024-06-29,P014,C047,13,1133,14729,0,622,2024-07-29
V002053,2024-06-29,P013,C004,5,3114,15570,430,272,2024-07-28
V002054,2024-06-29,P008,C017,12,627,7524,276,531,2024-07-26
V002055,2024-06-30,P006,C031,23,6233,143359,0,744,2024-07-23
V002056,2024-06-30,P001,C054,33,15171,500643,10857,1190,2024-07-24
V002057,2024-06-30,P013,C036,16,3283,52528,0,639,2024-07-16
V002058,2024-06-30,P018,C078,15,2864,42960,540,606,2024-07-08
V002059,2024-06-30,P013,C076,28,3087,86436,3164,1090,2024-07-13
V002060,2024-06-30,P003,C063,23,2265,52095,3105,568,2024-07-12
V002061,2024-06-30,P010,C077,20,479,9580,0,608,2024-07-15
V002062,2024-06-30,P019,C025,15,3058,45870,0,482,2024-07-11
V002063,2024-06-30,P014,C036,12,1064,12768,432,333,2024-07-16
V002064,2024-06-30,P005,C038,6,891,5346,54,181,2024-07-24
V002065,2024-06-30,P007,C060,22,791,17402,198,457,2024-07-13
V002066,2024-06-30,P008,C027,27,625,16875,675,1792,2024-07-15
V002067,2024-07-01,P012,C032,13,1501,19513,0,514,2024-07-28
V002068,2024-07-01,P011,C019,14,512,7168,0,745,2024-07-16
V002069,2024-07-01,P018,C051,22,2838,62436,1364,918,2024-07-20
V002070,2024-07-01,P002,C055,26,13585,353210,0,1380,2024-07-08
V002071,2024-07-01,P011,C016,12,504,6048,0,79,2024-07-31
V002072,2024-07-01,P002,C009,11,13107,144177,1023,725,2024-07-25
V002073,2024-07-01,P014,C027,14,1110,15540,0,855,2024-07-16
V002074,2024-07-01,P009,C071,16,1987,31792,0,757,2024-07-19
V002075,2024-07-01,P008,C022,8,660,5280,0,348,2024-07-25
V002076,2024-07-01,P020,C035,29,14512,420848,0,1660,2024-07-11
V002077,2024-07-01,P008,C059,62,666,41292,0,2492,2024-07-25
V002078,2024-07-01,P001,C031,28,16178,452984,0,758,2024-07-24
V002079,2024-07-01,P015,C028,16,1022,16352,0,1046,2024-07-31
V002080,2024-07-01,P020,C049,7,13546,94822,6678,381,2024-07-21
V002081,2024-07-01,P011,C042,6,486,2916,84,320,2024-07-22
V002082,2024-07-01,P007,C048,65,814,52910,0,3616,2024-07-23
V002083,2024-07-01,P007,C041,16,787,12592,208,319,2024-07-30
V002084,2024-07-01,P013,C077,32,3175,101600,800,1329,2024-07-16
V002085,2024-07-01,P001,C050,22,16076,353672,0,1026,2024-07-09
V002086,2024-07-02,P014,C012,18,1090,19620,180,1282,2024-07-18
V002087,2024-07-02,P009,C062,12,1831,21972,828,451,2024-07-25
V002088,2024-07-02,P017,C026,10,2611,26110,0,593,2024-07-11
V002089,2024-07-02,P003,C079,25,2571,64275,0,1457,2024-07-09
V002090,2024-07-02,P015,C020,3,966,2898,42,214,2024-07-31
V002091,2024-07-02,P008,C053,12,651,7812,0,603,2024-07-17
V002092,2024-07-02,P002,C074,44,14255,627220,0,1620,2024-07-30
V002093,2024-07-02,P006,C037,50,6326,316300,0,1980,2024-07-11
V002094,2024-07-02,P007,C078,25,799,19975,25,1454,2024-07-10
V002095,2024-07-02,P006,C069,9,6224,56016,0,232,2024-07-11
V002096,2024-07-02,P005,C069,38,962,36556,0,1759,2024-07-11
V002097,2024-07-02,P009,C066,40,1953,78120,0,1505,2024-07-27
V002098,2024-07-02,P006,C007,16,6215,99440,0,983,2024-07-19
V002099,2024-07-02,P012,C074,36,1373,49428,2772,1810,2024-07-30
V002100,2024-07-02,P008,C021,37,670,24790,0,1842,2024-07-29
V002101,2024-07-02,P001,C037,16,15261,244176,3824,547,2024-07-11
V002102,2024-07-02,P018,C052,45,2826,127170,3330,1502,2024-07-15
V002103,2024-07-02,P020,C074,53,14506,768818,0,1611,2024-07-30
V002104,2024-07-03,P006,C065,31,6283,194773,0,1428,2024-07-29
V002105,2024-07-03,P012,C039,16,1508,24128,0,753,2024-07-27
V002106,2024-07-03,P001,C028,16,16154,258464,0,1027,2024-08-02
V002107,2024-07-03,P005,C039,17,955,16235,0,507,2024-07-27
V002108,2024-07-03,P009,C063,13,1869,24297,403,661,2024-07-15
V002109,2024-07-03,P005,C054,39,927,36153,0,2285,2024-07-27
V002110,2024-07-03,P004,C038,16,11146,178336,0,504,2024-07-27
V002111,2024-07-03,P014,C010,23,1056,24288,1012,1010,2024-07-19
V002112,2024-07-03,P016,C009,16,1375,22000,0,666,2024-07-27
V002113,2024-07-03,P004,C019,37,10908,403596,0,1860,2024-07-18
V002114,2024-07-03,P017,C048,8,2479,19832,0,258,2024-07-25
V002115,2024-07-03,P020,C042,15,14241,213615,3885,665,2024-07-24
V002116,2024-07-03,P015,C063,17,958,16286,374,543,2024-07-15
V002117,2024-07-03,P019,C065,43,2940,126420,2580,1465,2024-07-29
V002118,2024-07-03,P009,C019,9,1885,16965,135,424,2024-07-18
V002119,2024-07-03,P010,C002,22,454,9988,0,855,2024-07-27
V002120,2024-07-03,P018,C073,34,2863,97342,1258,1546,2024-07-30
V002121,2024-07-04,P006,C064,5,6275,31375,0,174,2024-07-23
V002122,2024-07-04,P012,C061,39,1351,52689,3861,1402,2024-08-03
V002123,2024-07-04,P011,C042,21,512,10752,0,656,2024-07-25
V002124,2024-07-04,P009,C077,30,1928,57840,0,998,2024-07-19
V002125,2024-07-04,P009,C043,40,2102,84080,0,1548,2024-07-13
V002126,2024-07-04,P002,C076,3,13405,40215,0,148,2024-07-17
V002127,2024-07-04,P008,C029,35,693,24255,0,1037,2024-07-31
V002128,2024-07-04,P018,C065,11,2820,31020,880,553,2024-07-30
V002129,2024-07-04,P003,C032,9,2428,21852,0,388,2024-07-31
V002130,2024-07-04,P011,C008,13,511,6643,0,730,2024-07-22
V002131,2024-07-04,P001,C043,16,15030,240480,7520,617,2024-07-13
V002132,2024-07-04,P008,C037,4,634,2536,64,236,2024-07-13
V002133,2024-07-04,P019,C049,10,3195,31950,0,281,2024-07-24
V002134,2024-07-04,P005,C007,12,914,10968,0,420,2024-07-21
V002135,2024-07-04,P019,C012,16,2729,43664,4336,435,2024-07-20
V002136,2024-07-04,P020,C001,31,14744,457064,0,1720,2024-07-18
V002137,2024-07-04,P016,C014,13,1359,17667,0,534,2024-07-22
V002138,2024-07-04,P020,C037,9,14678,132102,0,354,2024-07-13
V002139,2024-07-05,P004,C064,29,11204,324916,0,1441,2024-07-24
V002140,2024-07-05,P006,C061,34,6019,204646,6154,1511,2024-08-04
V002141,2024-07-05,P013,C054,31,3296,102176,0,1364,2024-07-29
V002142,2024-07-05,P011,C027,14,504,7056,0,687,2024-07-20
V002143,2024-07-05,P019,C016,13,2967,38571,429,689,2024-08-04
V002144,2024-07-05,P016,C056,4,1315,5260,140,118,2024-07-17
V002145,2024-07-05,P019,C039,37,2973,110001,999,1685,2024-07-29
V002146,2024-07-05,P006,C051,14,5882,82348,4452,634,2024-07-24
V002147,2024-07-05,P013,C042,14,3195,44730,70,367,2024-07-26
V002148,2024-07-05,P011,C073,33,507,16731,0,1311,2024-08-01
V002149,2024-07-05,P009,C054,16,1951,31216,0,898,2024-07-29
V002150,2024-07-05,P016,C036,13,1300,16900,650,404,2024-07-21
V002151,2024-07-05,P020,C048,16,14681,234896,0,218,2024-07-27
V002152,2024-07-05,P007,C028,5,829,4145,0,148,2024-08-04
V002153,2024-07-05,P009,C068,15,1772,26580,1920,454,2024-08-01
V002154,2024-07-05,P007,C056,61,870,53070,0,3208,2024-07-17
V002155,2024-07-05,P019,C071,18,3139,56502,0,842,2024-07-23
V002156,2024-07-05,P003,C061,37,2230,82510,6290,1874,2024-08-04
V002157,2024-07-05,P019,C030,13,3159,41067,0,393,2024-07-12
V002158,2024-07-05,P008,C075,13,644,8372,78,576,2024-07-15
V002159,2024-07-06,P008,C051,29,654,18966,0,1282,2024-07-25
V002160,2024-07-06,P010,C077,28,433,12124,476,1060,2024-07-21
V002161,2024-07-06,P018,C037,43,2890,124270,430,1616,2024-07-15
V002162,2024-07-06,P007,C002,25,759,18975,1025,546,2024-07-30
V002163,2024-07-06,P001,C013,9,15235,137115,2385,306,2024-07-25
V002164,2024-07-06,P014,C027,29,1103,31987,0,1019,2024-07-21
V002165,2024-07-06,P018,C071,23,2929,67367,0,1151,2024-07-24
V002166,2024-07-06,P001,C031,29,15898,461042,0,1839,2024-07-29
V002167,2024-07-06,P011,C016,20,480,9600,400,838,2024-08-05
V002168,2024-07-07,P020,C036,32,14765,472480,0,1571,2024-07-23
V002169,2024-07-07,P007,C070,67,847,56749,0,2753,2024-07-17
V002170,2024-07-07,P003,C021,12,2441,29292,0,377,2024-08-03
V002171,2024-07-07,P016,C045,35,1379,48265,0,895,2024-07-16
V002172,2024-07-07,P013,C028,7,3052,21364,1036,327,2024-08-06
V002173,2024-07-07,P003,C030,40,2328,93120,2880,1911,2024-07-14
V002174,2024-07-07,P012,C026,8,1525,12200,0,375,2024-07-16
V002175,2024-07-07,P012,C044,11,1549,17039,0,445,2024-07-21
V002176,2024-07-07,P003,C018,51,2361,120411,1989,2180,2024-07-15
V002177,2024-07-08,P016,C064,22,1352,29744,0,857,2024-07-27
V002178,2024-07-08,P002,C041,10,13084,130840,1160,465,2024-08-06
V002179,2024-07-08,P004,C008,3,11492,34476,0,124,2024-07-26
V002180,2024-07-08,P012,C010,19,1440,27360,190,884,2024-07-24
V002181,2024-07-08,P010,C042,13,462,6006,0,730,2024-07-29
V002182,2024-07-08,P020,C013,16,14459,231344,656,892,2024-07-27
V002183,2024-07-08,P004,C024,24,10072,241728,10272,1123,2024-07-31
V002184,2024-07-08,P010,C071,34,446,15164,136,1373,2024-07-26
V002185,2024-07-09,P002,C040,44,13000,572000,8800,1630,2024-07-22
V002186,2024-07-09,P002,C018,22,12685,279070,11330,1033,2024-07-17
V002187,2024-07-09,P012,C052,21,1395,29295,1155,770,2024-07-22
V002188,2024-07-09,P008,C011,16,681,10896,0,573,2024-08-03
V002189,2024-07-09,P004,C003,17,10921,185657,0,1003,2024-07-22
V002190,2024-07-09,P017,C031,20,2491,49820,0,501,2024-08-01
V002191,2024-07-09,P007,C064,21,810,17010,0,1307,2024-07-28
V002192,2024-07-09,P007,C068,15,828,12420,0,645,2024-08-05
V002193,2024-07-09,P019,C037,10,3126,31260,0,330,2024-07-18
V002194,2024-07-09,P009,C078,17,1771,30107,2193,839,2024-07-17
V002195,2024-07-09,P009,C017,31,1748,54188,4712,925,2024-08-05
V002196,2024-07-09,P008,C017,27,650,17550,0,1315,2024-08-05
V002197,2024-07-09,P003,C051,11,2506,27566,0,451,2024-07-28
V002198,2024-07-09,P007,C015,11,828,9108,0,662,2024-08-06
V002199,2024-07-09,P004,C048,14,10201,142814,4186,416,2024-07-31
V002200,2024-07-09,P015,C026,32,963,30816,544,1599,2024-07-18
V002201,2024-07-10,P016,C063,48,1349,64752,48,2774,2024-07-22
V002202,2024-07-10,P006,C008,35,6230,218050,0,1770,2024-07-28
V002203,2024-07-10,P010,C019,14,452,6328,0,441,2024-07-25
V002204,2024-07-10,P017,C009,23,2392,55016,1334,798,2024-08-03
V002205,2024-07-10,P009,C062,40,1829,73160,2840,1863,2024-08-02
V002206,2024-07-10,P005,C003,48,831,39888,3312,3281,2024-07-23
V002207,2024-07-10,P018,C066,24,2889,69336,264,1356,2024-08-04
V002208,2024-07-10,P009,C013,9,1934,17406,0,235,2024-07-29
V002209,2024-07-10,P001,C009,38,15524,589912,0,2081,2024-08-03
V002210,2024-07-10,P008,C072,51,696,35496,0,1663,2024-07-22
V002211,2024-07-10,P016,C068,10,1292,12920,580,398,2024-08-06
V002212,2024-07-11,P016,C025,5,1341,6705,45,163,2024-07-22
V002213,2024-07-11,P009,C076,11,1949,21439,0,345,2024-07-24
V002214,2024-07-11,P019,C046,8,3026,24208,0,428,2024-07-25
V002215,2024-07-11,P002,C044,10,12673,126730,5270,422,2024-07-25
V002216,2024-07-12,P018,C003,25,2958,73950,0,993,2024-07-25
V002217,2024-07-12,P002,C027,18,13185,237330,270,710,2024-07-27
V002218,2024-07-12,P018,C057,27,2922,78894,0,1519,2024-07-20
V002219,2024-07-12,P002,C033,11,12771,140481,4719,419,2024-07-23
V002220,2024-07-12,P007,C012,15,837,12555,0,896,2024-07-28
V002221,2024-07-12,P020,C069,11,14448,158928,572,574,2024-07-21
V002222,2024-07-12,P001,C063,31,15087,467697,12803,1570,2024-07-24
V002223,2024-07-12,P003,C065,68,2385,162180,1020,3908,2024-08-07
V002224,2024-07-12,P012,C046,37,1493,55241,0,2290,2024-07-26
V002225,2024-07-12,P019,C003,25,3034,75850,0,928,2024-07-25
V002226,2024-07-12,P002,C023,13,13545,176085,0,713,2024-08-06
V002227,2024-07-12,P015,C029,23,972,22356,184,597,2024-08-08
V002228,2024-07-12,P012,C039,38,1413,53694,1406,911,2024-08-05
V002229,2024-07-12,P006,C061,17,6331,107627,0,793,2024-08-11
V002230,2024-07-12,P014,C014,8,1045,8360,440,419,2024-07-30
V002231,2024-07-12,P006,C035,46,6399,294354,0,1617,2024-07-22
V002232,2024-07-12,P019,C075,21,3106,65226,0,869,2024-07-22
V002233,2024-07-13,P015,C036,11,1035,11385,0,389,2024-07-29
V002234,2024-07-13,P001,C026,16,14289,228624,19376,623,2024-07-22
V002235,2024-07-13,P019,C015,29,3162,91698,0,1494,2024-08-10
V002236,2024-07-13,P018,C015,22,2806,61732,2068,653,2024-08-10
V002237,2024-07-13,P005,C007,20,902,18040,0,1024,2024-07-30
V002238,2024-07-13,P002,C066,48,13714,658272,0,2482,2024-08-07
V002239,2024-07-13,P003,C044,20,2393,47860,140,1202,2024-07-27
V002240,2024-07-13,P006,C006,11,6308,69388,0,724,2024-07-25
V002241,2024-07-13,P008,C012,21,683,14343,0,1120,2024-07-29
V002242,2024-07-13,P018,C011,29,2942,85318,0,1546,2024-08-07
V002243,2024-07-13,P011,C004,9,502,4518,0,209,2024-08-11
V002244,2024-07-14,P003,C011,30,2431,72930,0,986,2024-08-08
V002245,2024-07-14,P018,C048,10,2864,28640,360,491,2024-08-05
V002246,2024-07-14,P017,C038,29,2585,74965,0,1629,2024-08-07
V002247,2024-07-14,P020,C074,21,13641,286461,18039,885,2024-08-11
V002248,2024-07-14,P005,C023,33,893,29469,231,1404,2024-08-08
V002249,2024-07-14,P013,C061,8,3349,26792,0,381,2024-08-13
V002250,2024-07-14,P001,C034,40,14580,583200,36800,1643,2024-08-06
V002251,2024-07-14,P017,C036,21,2392,50232,1218,874,2024-07-30
V002252,2024-07-14,P005,C035,81,893,72333,567,3870,2024-07-24
V002253,2024-07-14,P010,C022,33,474,15642,0,1648,2024-08-07
V002254,2024-07-14,P016,C007,17,1298,22066,884,597,2024-07-31
V002255,2024-07-15,P020,C046,29,15569,451501,0,1007,2024-07-29
V002256,2024-07-15,P006,C017,10,6306,63060,0,468,2024-08-11
V002257,2024-07-15,P013,C033,30,3071,92130,3870,1198,2024-07-26
V002258,2024-07-15,P001,C034,24,14926,358224,13776,939,2024-08-07
V002259,2024-07-15,P016,C064,35,1376,48160,0,2202,2024-08-03
V002260,2024-07-15,P007,C068,26,802,20852,0,1636,2024-08-11
V002261,2024-07-15,P005,C052,24,920,22080,0,1410,2024-07-28
V002262,2024-07-15,P010,C053,39,482,18798,0,2480,2024-07-30
V002263,2024-07-15,P009,C011,19,1776,33744,2356,1205,2024-08-09
V002264,2024-07-15,P013,C021,10,3211,32110,0,210,2024-08-11
V002265,2024-07-15,P002,C024,17,12360,210120,14280,599,2024-08-07
V002266,2024-07-15,P006,C038,43,6017,258731,7869,2018,2024-08-08
V002267,2024-07-15,P009,C038,28,1755,49140,4060,1118,2024-08-08
V002268,2024-07-15,P001,C029,30,14900,447000,18000,1203,2024-08-11
V002269,2024-07-15,P006,C036,15,6507,97605,0,779,2024-07-31
V002270,2024-07-15,P002,C038,25,13406,335150,0,948,2024-08-08
V002271,2024-07-15,P007,C027,9,750,6750,450,288,2024-07-30
V002272,2024-07-15,P004,C051,75,10555,791625,0,3008,2024-08-03
V002273,2024-07-16,P017,C060,64,2337,149568,7232,2591,2024-07-29
V002274,2024-07-16,P007,C031,26,806,20956,0,1377,2024-08-08
V002275,2024-07-16,P013,C042,18,3242,58356,0,852,2024-08-06
V002276,2024-07-16,P020,C065,18,14727,265086,0,805,2024-08-11
V002277,2024-07-16,P017,C053,61,2439,148779,671,2730,2024-07-31
V002278,2024-07-16,P006,C027,28,6403,179284,0,1586,2024-07-31
V002279,2024-07-16,P001,C032,27,15085,407295,11205,927,2024-08-12
V002280,2024-07-16,P010,C077,23,431,9913,437,1396,2024-07-31
V002281,2024-07-16,P005,C008,6,923,5538,0,134,2024-08-03
V002282,2024-07-16,P019,C037,10,3015,30150,0,596,2024-07-25
V002283,2024-07-16,P011,C004,29,491,14239,261,1422,2024-08-14
V002284,2024-07-16,P006,C028,25,6413,160325,0,1271,2024-08-15
V002285,2024-07-16,P011,C044,18,525,9450,0,675,2024-07-30
V002286,2024-07-16,P010,C017,20,449,8980,20,449,2024-08-12
V002287,2024-07-16,P001,C044,1,15474,15474,26,30,2024-07-30
V002288,2024-07-16,P004,C015,32,10995,351840,0,694,2024-08-13
V002289,2024-07-16,P007,C008,20,755,15100,900,1216,2024-08-03
V002290,2024-07-16,P003,C004,13,2579,33527,0,748,2024-08-14
V002291,2024-07-17,P004,C023,29,10435,302615,1885,1401,2024-08-11
V002292,2024-07-17,P014,C066,22,1142,25124,0,1224,2024-08-11
V002293,2024-07-17,P016,C055,45,1370,61650,0,2315,2024-07-24
V002294,2024-07-17,P017,C034,10,2191,21910,2590,378,2024-08-09
V002295,2024-07-17,P015,C025,15,1029,15435,0,373,2024-07-28
V002296,2024-07-17,P017,C018,17,2378,40426,1224,542,2024-07-25
V002297,2024-07-17,P004,C007,9,10475,94275,225,386,2024-08-03
V002298,2024-07-17,P002,C065,14,12980,181720,3080,338,2024-08-12
V002299,2024-07-17,P010,C074,22,451,9922,0,577,2024-08-14
V002300,2024-07-17,P020,C054,40,13872,554880,25120,2388,2024-08-10
V002301,2024-07-18,P018,C078,62,2682,166284,13516,1665,2024-07-26
V002302,2024-07-18,P015,C012,37,948,35076,1184,1572,2024-08-03
V002303,2024-07-18,P013,C073,13,3219,41847,0,604,2024-08-14
V002304,2024-07-18,P017,C040,29,2582,74878,0,630,2024-07-31
V002305,2024-07-18,P007,C014,4,810,3240,0,144,2024-08-05
V002306,2024-07-18,P005,C056,15,930,13950,0,605,2024-07-30
V002307,2024-07-18,P001,C072,19,16181,307439,0,1116,2024-07-30
V002308,2024-07-18,P001,C057,12,13874,166488,19512,364,2024-07-26
V002309,2024-07-18,P008,C067,23,624,14352,598,521,2024-08-16
V002310,2024-07-18,P008,C067,115,692,79580,0,4866,2024-08-16
V002311,2024-07-18,P012,C053,5,1414,7070,180,190,2024-08-02
V002312,2024-07-18,P018,C019,12,2845,34140,660,518,2024-08-02
V002313,2024-07-18,P009,C012,33,1851,61083,1617,1765,2024-08-03
V002314,2024-07-19,P007,C002,28,843,23604,0,1627,2024-08-12
V002315,2024-07-19,P005,C025,33,863,28479,1221,2253,2024-07-30
V002316,2024-07-19,P004,C033,17,9961,169337,9163,581,2024-07-30
V002317,2024-07-19,P017,C035,23,2663,61249,0,1163,2024-07-29
V002318,2024-07-19,P016,C029,20,1389,27780,0,769,2024-08-15
V002319,2024-07-19,P002,C015,20,12784,255680,8320,516,2024-08-16
V002320,2024-07-20,P001,C007,44,16236,714384,0,2243,2024-08-06
V002321,2024-07-20,P003,C038,23,2398,55154,46,943,2024-08-13
V002322,2024-07-20,P014,C023,46,1165,53590,0,1098,2024-08-14
V002323,2024-07-20,P014,C019,9,1080,9720,180,340,2024-08-04
V002324,2024-07-20,P016,C057,18,1389,25002,0,1101,2024-07-28
V002325,2024-07-20,P015,C018,58,965,55970,870,2804,2024-07-28
V002326,2024-07-20,P005,C045,34,875,29750,850,1202,2024-07-29
V002327,2024-07-21,P002,C021,59,13932,821988,0,3155,2024-08-17
V002328,2024-07-21,P001,C051,10,15745,157450,0,484,2024-08-09
V002329,2024-07-21,P011,C046,26,475,12350,650,1828,2024-08-04
V002330,2024-07-21,P004,C060,21,11214,235494,0,978,2024-08-03
V002331,2024-07-21,P006,C014,16,5843,93488,5712,889,2024-08-08
V002332,2024-07-21,P011,C017,18,517,9306,0,779,2024-08-17
V002333,2024-07-21,P007,C028,11,777,8547,253,463,2024-08-20
V002334,2024-07-21,P019,C007,27,2971,80217,783,1167,2024-08-07
V002335,2024-07-22,P010,C066,18,466,8388,0,887,2024-08-16
V002336,2024-07-22,P009,C014,15,2030,30450,0,504,2024-08-09
V002337,2024-07-22,P016,C066,12,1378,16536,0,548,2024-08-16
V002338,2024-07-22,P003,C063,58,2418,140244,0,2324,2024-08-03
V002339,2024-07-22,P007,C034,45,776,34920,1080,2623,2024-08-14
V002340,2024-07-22,P016,C078,15,1304,19560,690,578,2024-07-30
V002341,2024-07-22,P018,C032,6,2890,17340,60,286,2024-08-18
V002342,2024-07-22,P008,C074,28,619,17332,868,1480,2024-08-19
V002343,2024-07-22,P004,C059,19,10776,204744,0,650,2024-08-15
V002344,2024-07-22,P013,C067,28,3228,90384,0,951,2024-08-20
V002345,2024-07-22,P001,C049,21,15685,329385,0,811,2024-08-11
V002346,2024-07-22,P012,C042,24,1369,32856,1944,1444,2024-08-12
V002347,2024-07-22,P012,C002,39,1427,55653,897,1827,2024-08-15
V002348,2024-07-22,P009,C052,26,1787,46462,2938,1093,2024-08-04
V002349,2024-07-22,P006,C010,23,6134,141082,1518,851,2024-08-07
V002350,2024-07-22,P020,C078,24,14581,349944,0,555,2024-07-30
V002351,2024-07-23,P002,C043,26,13468,350168,0,891,2024-08-01
V002352,2024-07-23,P020,C033,20,15219,304380,0,1262,2024-08-03
V002353,2024-07-23,P011,C079,20,491,9820,180,743,2024-07-30
V002354,2024-07-23,P015,C070,25,980,24500,0,1044,2024-08-02
V002355,2024-07-23,P015,C012,16,1007,16112,0,601,2024-08-08
V002356,2024-07-23,P013,C062,4,3186,12744,56,171,2024-08-15
V002357,2024-07-23,P020,C058,6,14679,88074,0,264,2024-08-13
V002358,2024-07-23,P015,C064,25,915,22875,1625,971,2024-08-11
V002359,2024-07-24,P014,C065,19,1111,21109,0,752,2024-08-19
V002360,2024-07-24,P017,C074,13,2406,31278,572,645,2024-08-21
V002361,2024-07-24,P008,C048,10,697,6970,0,498,2024-08-15
V002362,2024-07-24,P012,C050,14,1424,19936,364,430,2024-08-01
V002363,2024-07-24,P001,C016,4,15757,63028,0,150,2024-08-23
V002364,2024-07-24,P006,C068,14,6267,87738,0,778,2024-08-20
V002365,2024-07-24,P020,C038,12,15235,182820,0,475,2024-08-17
V002366,2024-07-24,P019,C035,33,2956,97548,1452,1404,2024-08-03
V002367,2024-07-24,P013,C022,8,3262,26096,0,329,2024-08-17
V002368,2024-07-24,P011,C062,7,487,3409,91,411,2024-08-16
V002369,2024-07-24,P012,C014,20,1412,28240,760,1045,2024-08-11
V002370,2024-07-24,P016,C067,13,1375,17875,0,473,2024-08-22
V002371,2024-07-24,P020,C042,70,14408,1008560,6440,3786,2024-08-14
V002372,2024-07-24,P001,C025,11,16326,179586,0,301,2024-08-04
V002373,2024-07-24,P019,C010,19,3122,59318,0,935,2024-08-09
V002374,2024-07-24,P011,C075,4,514,2056,0,204,2024-08-03
V002375,2024-07-24,P013,C040,10,3364,33640,0,591,2024-08-06
V002376,2024-07-24,P007,C014,13,786,10218,182,511,2024-08-11
V002377,2024-07-24,P014,C061,18,1153,20754,0,840,2024-08-23
V002378,2024-07-24,P005,C014,7,947,6629,0,391,2024-08-11
V002379,2024-07-24,P006,C059,15,6535,98025,0,671,2024-08-17
V002380,2024-07-24,P017,C061,23,2523,58029,0,635,2024-08-23
V002381,2024-07-25,P009,C047,24,1877,45048,552,1220,2024-08-24
V002382,2024-07-25,P005,C043,41,905,37105,0,1341,2024-08-03
V002383,2024-07-25,P011,C075,20,482,9640,360,980,2024-08-04
V002384,2024-07-25,P010,C022,5,405,2025,225,214,2024-08-18
V002385,2024-07-26,P018,C044,31,2766,85746,4154,1959,2024-08-09
V002386,2024-07-26,P020,C037,13,15576,202488,0,496,2024-08-04
V002387,2024-07-26,P003,C055,11,2252,24772,1628,355,2024-08-02
V002388,2024-07-26,P003,C031,16,2434,38944,0,981,2024-08-18
V002389,2024-07-26,P018,C024,26,2730,70980,4420,1539,2024-08-18
V002390,2024-07-26,P020,C050,14,14441,202174,826,538,2024-08-03
V002391,2024-07-26,P008,C055,17,598,10166,884,945,2024-08-02
V002392,2024-07-26,P014,C020,27,1163,31401,0,443,2024-08-24
V002393,2024-07-26,P006,C048,10,6332,63320,0,277,2024-08-17
V002394,2024-07-26,P004,C018,13,10524,136812,0,569,2024-08-03
V002395,2024-07-26,P010,C080,9,434,3906,144,407,2024-08-07
V002396,2024-07-26,P008,C054,14,645,9030,70,446,2024-08-19
V002397,2024-07-27,P018,C022,33,2859,94347,1353,921,2024-08-20
V002398,2024-07-27,P006,C024,47,5743,269921,21479,2959,2024-08-19
V002399,2024-07-28,P018,C035,19,3058,58102,0,442,2024-08-07
V002400,2024-07-28,P011,C019,26,504,13104,0,712,2024-08-12
V002401,2024-07-28,P015,C049,54,976,52704,216,1788,2024-08-17
V002402,2024-07-28,P018,C024,24,2690,64560,5040,1133,2024-08-20
V002403,2024-07-28,P015,C028,40,1001,40040,0,2356,2024-08-27
V002404,2024-07-28,P019,C079,11,3023,33253,0,549,2024-08-04
V002405,2024-07-28,P014,C042,30,1082,32460,540,1146,2024-08-18
V002406,2024-07-29,P005,C031,38,847,32186,2014,2599,2024-08-21
V002407,2024-07-29,P019,C070,9,2961,26649,351,510,2024-08-08
V002408,2024-07-29,P016,C060,3,1322,3966,84,218,2024-08-11
V002409,2024-07-29,P019,C043,14,3068,42952,0,361,2024-08-07
V002410,2024-07-29,P020,C015,10,14957,149570,0,238,2024-08-26
V002411,2024-07-29,P015,C001,13,990,12870,0,607,2024-08-12
V002412,2024-07-29,P008,C077,18,639,11502,198,812,2024-08-13
V002413,2024-07-29,P016,C042,56,1358,76048,0,2637,2024-08-19
V002414,2024-07-29,P004,C018,34,10685,363290,0,743,2024-08-06
V002415,2024-07-29,P018,C025,11,2711,29821,2079,301,2024-08-09
V002416,2024-07-29,P015,C067,20,932,18640,960,1037,2024-08-27
V002417,2024-07-29,P012,C066,16,1337,21392,1808,625,2024-08-23
V002418,2024-07-29,P002,C026,12,13724,164688,0,633,2024-08-07
V002419,2024-07-29,P019,C042,31,3042,94302,0,1976,2024-08-19
V002420,2024-07-29,P003,C003,47,2495,117265,0,3235,2024-08-11
V002421,2024-07-29,P019,C045,24,3027,72648,0,1300,2024-08-07
V002422,2024-07-29,P017,C025,59,2486,146674,0,2641,2024-08-09
V002423,2024-07-29,P019,C064,12,3014,36168,0,610,2024-08-17
V002424,2024-07-29,P015,C053,17,1024,17408,0,857,2024-08-13
V002425,2024-07-29,P003,C015,9,2436,21924,0,455,2024-08-26
V002426,2024-07-29,P004,C080,31,9888,306528,18972,855,2024-08-10
V002427,2024-07-30,P015,C032,8,979,7832,8,334,2024-08-26
V002428,2024-07-30,P019,C025,17,2850,48450,2550,697,2024-08-10
V002429,2024-07-30,P015,C039,28,983,27524,0,988,2024-08-23
V002430,2024-07-30,P004,C012,6,10290,61740,1260,178,2024-08-15
V002431,2024-07-30,P005,C044,51,892,45492,408,2587,2024-08-13
V002432,2024-07-30,P020,C037,17,14648,249016,0,645,2024-08-08
V002433,2024-07-30,P012,C045,93,1526,141918,0,4925,2024-08-08
V002434,2024-07-30,P001,C028,35,14969,523915,18585,2178,2024-08-29
V002435,2024-07-30,P019,C064,11,3043,33473,0,562,2024-08-18
V002436,2024-07-30,P012,C071,14,1410,19740,560,987,2024-08-17
V002437,2024-07-30,P007,C004,15,799,11985,15,570,2024-08-28
V002438,2024-07-30,P005,C062,46,888,40848,552,2320,2024-08-22
V002439,2024-07-30,P008,C072,19,643,12217,133,808,2024-08-11
V002440,2024-07-30,P003,C056,16,2362,37792,608,773,2024-08-11
V002441,2024-07-30,P010,C068,109,443,48287,763,5756,2024-08-26
V002442,2024-07-30,P006,C001,6,6164,36984,216,323,2024-08-13
V002443,2024-07-30,P004,C003,82,10143,831726,29274,4335,2024-08-12
V002444,2024-07-30,P015,C048,13,956,12428,312,480,2024-08-21
V002445,2024-07-30,P019,C045,15,3037,45555,0,795,2024-08-08
V002446,2024-07-30,P016,C014,19,1366,25954,0,877,2024-08-17
V002447,2024-07-31,P017,C016,21,2333,48993,2457,1199,2024-08-30
V002448,2024-07-31,P003,C063,9,2303,20727,873,369,2024-08-12
V002449,2024-07-31,P012,C058,6,1466,8796,0,245,2024-08-21
V002450,2024-07-31,P011,C008,19,519,9861,0,921,2024-08-18
V002451,2024-07-31,P008,C007,19,656,12464,0,889,2024-08-17
V002452,2024-07-31,P010,C047,19,444,8436,114,921,2024-08-30
V002453,2024-07-31,P007,C004,7,768,5376,224,450,2024-08-29
V002454,2024-08-01,P015,C055,35,957,33495,805,1582,2024-08-08
V002455,2024-08-01,P018,C001,91,2854,259714,4186,3698,2024-08-15
V002456,2024-08-01,P015,C033,18,972,17496,144,873,2024-08-12
V002457,2024-08-01,P008,C018,30,712,21360,0,1551,2024-08-09
V002458,2024-08-01,P013,C054,17,3128,53176,1224,1003,2024-08-25
V002459,2024-08-01,P003,C015,5,2378,11890,110,198,2024-08-29
V002460,2024-08-01,P009,C005,24,1923,46152,0,1041,2024-08-26
V002461,2024-08-01,P019,C035,22,2919,64218,1782,630,2024-08-11
V002462,2024-08-01,P011,C023,20,490,9800,200,1332,2024-08-26
V002463,2024-08-01,P016,C051,39,1316,51324,1326,1770,2024-08-20
V002464,2024-08-01,P003,C026,18,2463,44334,0,963,2024-08-10
V002465,2024-08-01,P020,C072,27,15561,420147,0,774,2024-08-13
V002466,2024-08-01,P005,C028,14,859,12026,574,651,2024-08-31
V002467,2024-08-01,P008,C030,94,636,59784,1316,4530,2024-08-08
V002468,2024-08-01,P017,C076,25,2691,67275,0,605,2024-08-14
V002469,2024-08-02,P001,C009,10,16295,162950,0,437,2024-08-26
V002470,2024-08-02,P001,C028,18,15787,284166,0,566,2024-09-01
V002471,2024-08-02,P006,C014,6,6586,39516,0,292,2024-08-20
V002472,2024-08-02,P009,C013,135,1955,263925,0,6856,2024-08-21
V002473,2024-08-02,P020,C074,20,15172,303440,0,886,2024-08-30
V002474,2024-08-02,P005,C015,8,959,7672,0,386,2024-08-30
V002475,2024-08-02,P017,C076,21,2585,54285,0,407,2024-08-15
V002476,2024-08-02,P013,C034,15,3046,45690,2310,478,2024-08-25
V002477,2024-08-02,P012,C067,24,1401,33624,1176,946,2024-08-31
V002478,2024-08-02,P017,C048,18,2523,45414,0,1159,2024-08-24
V002479,2024-08-02,P009,C070,7,1871,13097,203,321,2024-08-12
V002480,2024-08-02,P006,C025,17,6122,104074,1326,714,2024-08-13
V002481,2024-08-02,P003,C021,20,2427,48540,0,726,2024-08-29
V002482,2024-08-02,P006,C077,30,5958,178740,7260,1338,2024-08-17
V002483,2024-08-02,P013,C075,63,3232,203616,0,2904,2024-08-12
V002484,2024-08-02,P012,C030,27,1473,39771,0,661,2024-08-09
V002485,2024-08-02,P014,C015,16,1145,18320,0,558,2024-08-30
V002486,2024-08-02,P006,C063,32,6094,195008,3392,1764,2024-08-14
V002487,2024-08-03,P015,C075,27,977,26379,81,1310,2024-08-13
V002488,2024-08-03,P020,C054,27,14115,381105,10395,1012,2024-08-27
V002489,2024-08-03,P008,C034,47,615,28905,1645,2787,2024-08-26
V002490,2024-08-04,P003,C057,46,2410,110860,0,1041,2024-08-12
V002491,2024-08-04,P014,C036,21,1050,22050,1050,940,2024-08-20
V002492,2024-08-04,P008,C035,21,619,12999,651,941,2024-08-14
V002493,2024-08-04,P014,C018,49,1166,57134,0,3622,2024-08-12
V002494,2024-08-05,P015,C078,23,923,21229,1311,965,2024-08-13
V002495,2024-08-05,P010,C010,29,448,12992,58,982,2024-08-21
V002496,2024-08-05,P020,C021,26,14685,381810,0,1654,2024-09-01
V002497,2024-08-05,P001,C044,12,15916,190992,0,478,2024-08-19
V002498,2024-08-05,P017,C013,12,2392,28704,696,239,2024-08-24
V002499,2024-08-05,P012,C036,34,1445,49130,170,2093,2024-08-21
V002500,2024-08-05,P014,C041,75,1090,81750,750,2695,2024-09-03
V002501,2024-08-05,P019,C054,17,3004,51068,0,530,2024-08-29
V002502,2024-08-05,P003,C067,11,2264,24904,1496,442,2024-09-03
V002503,2024-08-05,P002,C070,32,13667,437344,0,1447,2024-08-15
V002504,2024-08-05,P018,C019,11,3079,33869,0,488,2024-08-20
V002505,2024-08-05,P011,C080,11,466,5126,374,568,2024-08-17
V002506,2024-08-05,P014,C079,32,1151,36832,0,1138,2024-08-12
V002507,2024-08-05,P019,C051,32,2953,94496,1504,1863,2024-08-24
V002508,2024-08-05,P019,C040,97,2935,284695,6305,5736,2024-08-18
V002509,2024-08-05,P011,C007,6,495,2970,30,163,2024-08-22
V002510,2024-08-05,P002,C062,19,13155,249945,855,693,2024-08-28
V002511,2024-08-05,P020,C069,37,14081,520997,15503,1950,2024-08-14
V002512,2024-08-05,P008,C053,6,636,3816,84,356,2024-08-20
V002513,2024-08-05,P013,C063,30,3233,96990,0,1066,2024-08-17
V002514,2024-08-06,P009,C023,56,1838,102928,3472,2809,2024-08-31
V002515,2024-08-06,P011,C056,32,485,15520,480,1609,2024-08-18
V002516,2024-08-06,P015,C044,20,899,17980,1620,1081,2024-08-20
V002517,2024-08-06,P011,C029,10,486,4860,140,370,2024-09-02
V002518,2024-08-06,P008,C048,12,641,7692,108,592,2024-08-28
V002519,2024-08-06,P006,C054,15,6439,96585,0,835,2024-08-30
V002520,2024-08-06,P020,C078,11,13979,153769,5731,546,2024-08-14
V002521,2024-08-06,P006,C058,10,6115,61150,850,322,2024-08-27
V002522,2024-08-06,P013,C018,42,3160,132720,1680,2040,2024-08-14
V002523,2024-08-06,P006,C036,26,5795,150670,10530,1770,2024-08-22
V002524,2024-08-06,P017,C033,21,2427,50967,483,1002,2024-08-17
V002525,2024-08-06,P018,C002,6,3016,18096,0,261,2024-08-30
V002526,2024-08-06,P016,C072,8,1398,11184,0,323,2024-08-18
V002527,2024-08-06,P001,C035,17,16010,272170,0,1085,2024-08-16
V002528,2024-08-06,P003,C019,6,2419,14514,0,391,2024-08-21
V002529,2024-08-06,P016,C044,12,1310,15720,480,465,2024-08-20
V002530,2024-08-06,P018,C007,18,2926,52668,0,691,2024-08-23
V002531,2024-08-06,P009,C066,13,1852,24076,624,373,2024-08-31
V002532,2024-08-06,P008,C065,15,668,10020,0,193,2024-09-01
V002533,2024-08-06,P009,C007,9,1884,16956,144,523,2024-08-23
V002534,2024-08-06,P005,C026,12,984,11808,0,374,2024-08-15
V002535,2024-08-06,P010,C069,32,474,15168,0,1357,2024-08-15
V002536,2024-08-07,P015,C057,42,994,41748,0,2607,2024-08-15
V002537,2024-08-07,P006,C063,12,6334,76008,0,384,2024-08-19
V002538,2024-08-07,P006,C010,39,6471,252369,0,1801,2024-08-23
V002539,2024-08-07,P003,C078,32,2268,72576,4224,1194,2024-08-15
V002540,2024-08-07,P013,C078,13,3080,40040,1560,477,2024-08-15
V002541,2024-08-07,P008,C043,34,645,21930,170,1130,2024-08-16
V002542,2024-08-08,P017,C037,20,2221,44420,4580,1227,2024-08-17
V002543,2024-08-08,P009,C033,8,1867,14936,264,418,2024-08-19
V002544,2024-08-08,P002,C069,10,13090,130900,1100,484,2024-08-17
V002545,2024-08-08,P020,C080,6,13694,82164,4836,266,2024-08-20
V002546,2024-08-08,P011,C031,24,457,10968,1032,913,2024-08-31
V002547,2024-08-08,P017,C033,44,2348,103312,4488,2296,2024-08-19
V002548,2024-08-08,P017,C020,23,2548,58604,0,1006,2024-09-06
V002549,2024-08-08,P005,C062,26,906,23556,0,1735,2024-08-31
V002550,2024-08-08,P020,C070,31,14493,449283,217,1689,2024-08-18
V002551,2024-08-08,P007,C072,30,811,24330,0,1575,2024-08-20
V002552,2024-08-08,P019,C014,12,2919,35028,972,396,2024-08-26
V002553,2024-08-08,P001,C051,34,16010,544340,0,2254,2024-08-27
V002554,2024-08-08,P002,C074,21,13285,278985,0,1005,2024-09-05
V002555,2024-08-08,P004,C002,13,10633,138229,0,586,2024-09-01
V002556,2024-08-08,P017,C050,18,2470,44460,0,825,2024-08-16
V002557,2024-08-08,P020,C072,26,13605,353730,23270,1000,2024-08-20
V002558,2024-08-08,P007,C048,17,842,14314,0,889,2024-08-30
V002559,2024-08-08,P018,C038,23,2868,65964,736,1029,2024-09-01
V002560,2024-08-08,P016,C036,14,1392,19488,0,441,2024-08-24
V002561,2024-08-09,P011,C040,10,501,5010,0,456,2024-08-22
V002562,2024-08-09,P001,C059,37,15715,581455,0,2054,2024-09-02
V002563,2024-08-09,P009,C043,18,2001,36018,0,850,2024-08-18
V002564,2024-08-09,P014,C056,18,1155,20790,0,836,2024-08-21
V002565,2024-08-09,P012,C039,82,1420,116440,2460,1701,2024-09-02
V002566,2024-08-09,P008,C037,14,671,9394,0,289,2024-08-18
V002567,2024-08-09,P009,C080,18,1913,34434,0,845,2024-08-21
V002568,2024-08-09,P007,C056,17,774,13158,442,699,2024-08-21
V002569,2024-08-09,P019,C073,23,2856,65688,3312,734,2024-09-05
V002570,2024-08-09,P017,C030,22,2329,51238,2662,943,2024-08-16
V002571,2024-08-10,P016,C068,19,1320,25080,570,1021,2024-09-06
V002572,2024-08-10,P019,C055,10,3102,31020,0,512,2024-08-17
V002573,2024-08-10,P013,C003,26,3247,84422,0,1189,2024-08-23
V002574,2024-08-11,P012,C059,57,1365,77805,4845,1963,2024-09-04
V002575,2024-08-11,P006,C049,21,6634,139314,0,758,2024-08-31
V002576,2024-08-11,P012,C018,14,1475,20650,0,615,2024-08-19
V002577,2024-08-11,P016,C059,15,1349,20235,15,467,2024-09-04
V002578,2024-08-11,P013,C078,25,3004,75100,4900,992,2024-08-19
V002579,2024-08-11,P003,C078,29,2321,67309,2291,1514,2024-08-19
V002580,2024-08-11,P006,C019,25,6115,152875,2125,1116,2024-08-26
V002581,2024-08-11,P002,C034,29,12719,368851,13949,1223,2024-09-03
V002582,2024-08-12,P012,C038,8,1502,12016,0,389,2024-09-05
V002583,2024-08-12,P017,C017,20,2269,45380,3620,644,2024-09-08
V002584,2024-08-12,P002,C009,24,13080,313920,2880,827,2024-09-05
V002585,2024-08-12,P009,C007,18,1985,35730,0,1126,2024-08-29
V002586,2024-08-12,P016,C023,20,1274,25480,1520,578,2024-09-06
V002587,2024-08-12,P009,C001,7,1815,12705,595,164,2024-08-26
V002588,2024-08-12,P017,C024,12,2294,27528,1872,558,2024-09-04
V002589,2024-08-12,P014,C010,3,1161,3483,0,106,2024-08-28
V002590,2024-08-12,P012,C001,19,1411,26809,741,1091,2024-08-26
V002591,2024-08-12,P002,C012,10,13489,134890,0,450,2024-08-28
V002592,2024-08-12,P015,C014,14,980,13720,0,580,2024-08-30
V002593,2024-08-12,P012,C030,13,1460,18980,0,620,2024-08-19
V002594,2024-08-12,P015,C010,46,979,45034,46,2022,2024-08-28
V002595,2024-08-12,P016,C033,81,1313,106353,2997,3268,2024-08-23
V002596,2024-08-12,P011,C038,8,506,4048,0,249,2024-09-05
V002597,2024-08-12,P014,C076,21,1122,23562,0,764,2024-08-25
V002598,2024-08-12,P020,C033,12,15222,182664,0,722,2024-08-23
V002599,2024-08-12,P003,C080,39,2337,91143,2457,2166,2024-08-24
V002600,2024-08-12,P010,C069,26,450,11700,0,1265,2024-08-21
V002601,2024-08-12,P012,C072,27,1442,38934,216,1103,2024-08-24
V002602,2024-08-12,P010,C028,31,418,12958,992,1280,2024-09-11
V002603,2024-08-13,P011,C020,18,531,9558,0,352,2024-09-11
V002604,2024-08-13,P014,C005,32,1077,34464,736,1298,2024-09-07
V002605,2024-08-13,P009,C039,52,1733,90116,8684,1863,2024-09-06
V002606,2024-08-13,P011,C030,21,530,11130,0,1097,2024-08-20
V002607,2024-08-13,P009,C007,16,1886,30176,224,787,2024-08-30
V002608,2024-08-13,P013,C021,13,3268,42484,0,398,2024-09-09
V002609,2024-08-13,P018,C043,39,3038,118482,0,1929,2024-08-22
V002610,2024-08-13,P010,C004,31,456,14136,0,1286,2024-09-11
V002611,2024-08-13,P003,C013,18,2313,41634,1566,1000,2024-09-01
V002612,2024-08-13,P001,C019,15,16268,244020,0,579,2024-08-28
V002613,2024-08-13,P002,C023,29,13287,385323,0,1944,2024-09-07
V002614,2024-08-14,P003,C023,25,2520,63000,0,819,2024-09-08
V002615,2024-08-14,P019,C046,10,3090,30900,0,201,2024-08-28
V002616,2024-08-14,P003,C041,11,2390,26290,110,413,2024-09-12
V002617,2024-08-14,P012,C076,9,1440,12960,90,386,2024-08-27
V002618,2024-08-14,P010,C006,54,452,24408,0,1423,2024-08-26
V002619,2024-08-14,P005,C060,22,868,19096,704,1336,2024-08-27
V002620,2024-08-14,P012,C004,42,1434,60228,672,1574,2024-09-12
V002621,2024-08-14,P010,C002,11,453,4983,0,519,2024-09-07
V002622,2024-08-14,P007,C055,41,821,33661,0,2027,2024-08-21
V002623,2024-08-14,P020,C013,12,15501,186012,0,311,2024-09-02
V002624,2024-08-14,P012,C045,29,1404,40716,1334,1626,2024-08-23
V002625,2024-08-14,P005,C006,17,976,16592,0,956,2024-08-26
V002626,2024-08-15,P019,C002,26,2791,72566,5434,1470,2024-09-08
V002627,2024-08-15,P018,C008,9,2826,25434,666,436,2024-09-02
V002628,2024-08-15,P008,C062,20,684,13680,0,1257,2024-09-07
V002629,2024-08-15,P007,C025,22,737,16214,1386,659,2024-08-26
V002630,2024-08-15,P012,C029,8,1367,10936,664,402,2024-09-11
V002631,2024-08-15,P006,C043,15,5927,88905,4095,424,2024-08-24
V002632,2024-08-15,P003,C064,11,2394,26334,66,777,2024-09-03
V002633,2024-08-15,P006,C037,7,6231,43617,0,342,2024-08-24
V002634,2024-08-15,P006,C074,26,6245,162370,0,911,2024-09-12
V002635,2024-08-15,P004,C009,25,11048,276200,0,766,2024-09-08
V002636,2024-08-15,P002,C046,9,13769,123921,0,370,2024-08-29
V002637,2024-08-15,P014,C066,15,1115,16725,0,436,2024-09-09
V002638,2024-08-15,P001,C037,39,16682,650598,0,1595,2024-08-24
V002639,2024-08-15,P011,C073,13,505,6565,0,534,2024-09-11
V002640,2024-08-15,P019,C076,31,2940,91140,1860,1560,2024-08-28
V002641,2024-08-15,P008,C054,101,664,67064,0,2136,2024-09-08
V002642,2024-08-15,P005,C059,14,931,13034,0,718,2024-09-08
V002643,2024-08-15,P015,C004,25,994,24850,0,1044,2024-09-13
V002644,2024-08-15,P012,C021,5,1483,7415,0,226,2024-09-11
V002645,2024-08-15,P006,C013,30,6157,184710,1290,1236,2024-09-03
V002646,2024-08-15,P017,C016,26,2428,63128,572,702,2024-09-14
V002647,2024-08-15,P019,C013,14,2928,40992,1008,628,2024-09-03
V002648,2024-08-16,P011,C071,24,517,12408,0,825,2024-09-03
V002649,2024-08-16,P015,C061,6,950,5700,180,329,2024-09-15
V002650,2024-08-16,P002,C044,49,13270,650230,0,1298,2024-08-30
V002651,2024-08-16,P007,C009,21,831,17451,0,839,2024-09-09
V002652,2024-08-16,P019,C062,16,3104,49664,0,851,2024-09-08
V002653,2024-08-16,P006,C062,23,5904,135792,6808,947,2024-09-08
V002654,2024-08-16,P008,C018,24,650,15600,0,1312,2024-08-24
V002655,2024-08-16,P016,C036,38,1433,54454,0,1297,2024-09-01
V002656,2024-08-16,P004,C009,3,10182,30546,954,173,2024-09-09
V002657,2024-08-16,P007,C002,41,799,32759,41,1589,2024-09-09
V002658,2024-08-16,P007,C007,8,832,6656,0,511,2024-09-02
V002659,2024-08-16,P005,C057,19,945,17955,0,1189,2024-08-24
V002660,2024-08-16,P008,C048,25,652,16300,0,969,2024-09-07
V002661,2024-08-16,P003,C054,16,2399,38384,16,847,2024-09-09
V002662,2024-08-16,P002,C045,36,13656,491616,0,1435,2024-08-25
V002663,2024-08-17,P012,C051,21,1460,30660,0,968,2024-09-05
V002664,2024-08-17,P006,C077,10,6242,62420,0,424,2024-09-01
V002665,2024-08-17,P006,C075,36,6479,233244,0,2136,2024-08-27
V002666,2024-08-17,P009,C032,88,1911,168168,0,3606,2024-09-13
V002667,2024-08-17,P013,C051,8,3224,25792,0,299,2024-09-05
V002668,2024-08-17,P004,C054,19,10186,193534,5966,1071,2024-09-10
V002669,2024-08-17,P012,C054,16,1489,23824,0,601,2024-09-10
V002670,2024-08-17,P013,C020,7,3117,21819,581,364,2024-09-15
V002671,2024-08-17,P010,C075,7,449,3143,7,438,2024-08-27
V002672,2024-08-18,P014,C051,23,1106,25438,0,1318,2024-09-06
V002673,2024-08-18,P001,C039,26,15226,395876,7124,1217,2024-09-11
V002674,2024-08-18,P006,C050,10,6291,62910,0,517,2024-08-26
V002675,2024-08-18,P014,C018,60,1075,64500,1500,3673,2024-08-26
V002676,2024-08-18,P004,C066,58,10936,634288,0,2370,2024-09-12
V002677,2024-08-18,P016,C077,11,1317,14487,363,722,2024-09-02
V002678,2024-08-18,P003,C077,22,2420,53240,0,1322,2024-09-02
V002679,2024-08-18,P008,C018,12,696,8352,0,461,2024-08-26
V002680,2024-08-18,P002,C047,21,13179,276759,441,1114,2024-09-17
V002681,2024-08-19,P008,C010,45,632,28440,810,2317,2024-09-04
V002682,2024-08-19,P009,C048,13,1865,24245,455,421,2024-09-10
V002683,2024-08-19,P015,C052,50,988,49400,0,1797,2024-09-01
V002684,2024-08-19,P011,C026,16,486,7776,224,878,2024-08-28
V002685,2024-08-19,P009,C051,12,1911,22932,0,401,2024-09-07
V002686,2024-08-20,P014,C027,12,1159,13908,0,571,2024-09-04
V002687,2024-08-20,P001,C074,6,14553,87318,5682,154,2024-09-17
V002688,2024-08-20,P017,C012,30,2412,72360,1140,1468,2024-09-05
V002689,2024-08-20,P012,C074,16,1427,22832,368,751,2024-09-17
V002690,2024-08-20,P008,C002,10,636,6360,140,103,2024-09-13
V002691,2024-08-20,P009,C024,2,1756,3512,288,172,2024-09-12
V002692,2024-08-21,P018,C075,10,3031,30310,0,589,2024-08-31
V002693,2024-08-21,P010,C028,25,440,11000,250,1039,2024-09-20
V002694,2024-08-21,P015,C029,36,938,33768,1512,1634,2024-09-17
V002695,2024-08-21,P012,C022,12,1407,16884,516,674,2024-09-14
V002696,2024-08-21,P003,C072,15,2256,33840,2160,1036,2024-09-02
V002697,2024-08-21,P009,C023,9,1915,17235,0,325,2024-09-15
V002698,2024-08-21,P016,C007,11,1443,15873,0,437,2024-09-07
V002699,2024-08-21,P001,C068,17,15485,263245,255,650,2024-09-17
V002700,2024-08-21,P015,C060,17,955,16235,425,871,2024-09-03
V002701,2024-08-21,P007,C025,19,834,15846,0,681,2024-09-01
V002702,2024-08-21,P002,C046,42,12799,537558,16842,1295,2024-09-04
V002703,2024-08-21,P002,C005,32,13476,431232,0,1678,2024-09-15
V002704,2024-08-22,P015,C025,25,1031,25775,0,875,2024-09-02
V002705,2024-08-22,P017,C012,19,2493,47367,0,880,2024-09-07
V002706,2024-08-22,P013,C080,11,2935,32285,2915,480,2024-09-03
V002707,2024-08-22,P001,C077,29,15076,437204,12296,1011,2024-09-06
V002708,2024-08-22,P008,C045,10,618,6180,320,301,2024-08-31
V002709,2024-08-22,P007,C031,12,782,9384,216,292,2024-09-14
V002710,2024-08-22,P008,C079,9,649,5841,9,401,2024-08-29
V002711,2024-08-22,P012,C061,69,1457,100533,0,2530,2024-09-21
V002712,2024-08-22,P012,C029,9,1490,13410,0,457,2024-09-18
V002713,2024-08-22,P002,C061,5,12714,63570,2430,204,2024-09-21
V002714,2024-08-22,P017,C024,15,2462,36930,0,598,2024-09-14
V002715,2024-08-22,P006,C026,17,6074,103258,2142,771,2024-08-31
V002716,2024-08-22,P004,C046,24,11115,266760,0,1384,2024-09-05
V002717,2024-08-22,P014,C034,21,1025,21525,1575,1042,2024-09-14
V002718,2024-08-23,P009,C017,5,1931,9655,0,228,2024-09-19
V002719,2024-08-23,P020,C038,14,13797,193158,9842,538,2024-09-16
V002720,2024-08-23,P019,C020,41,2918,119638,3362,948,2024-09-21
V002721,2024-08-23,P006,C046,16,6330,101280,0,480,2024-09-06
V002722,2024-08-23,P011,C028,17,475,8075,425,1012,2024-09-22
V002723,2024-08-23,P016,C032,21,1328,27888,462,677,2024-09-19
V002724,2024-08-23,P004,C031,10,10437,104370,630,508,2024-09-15
V002725,2024-08-23,P018,C042,6,2817,16902,498,267,2024-09-13
V002726,2024-08-23,P013,C030,26,3139,81614,1586,913,2024-08-30
V002727,2024-08-23,P011,C036,12,513,6156,0,218,2024-09-08
V002728,2024-08-23,P003,C048,15,2413,36195,0,407,2024-09-14
V002729,2024-08-23,P011,C055,11,489,5379,121,343,2024-08-30
V002730,2024-08-23,P013,C076,18,3213,57834,0,738,2024-09-05
V002731,2024-08-23,P001,C018,19,15337,291403,3097,745,2024-08-31
V002732,2024-08-23,P003,C026,27,2216,59832,4968,1549,2024-09-01
V002733,2024-08-23,P013,C060,22,3080,67760,2640,1180,2024-09-05
V002734,2024-08-23,P017,C061,13,2352,30576,1274,596,2024-09-22
V002735,2024-08-23,P003,C078,17,2288,38896,1904,539,2024-08-31
V002736,2024-08-24,P019,C068,21,2906,61026,1974,880,2024-09-20
V002737,2024-08-24,P007,C074,15,840,12600,0,843,2024-09-21
V002738,2024-08-24,P011,C040,49,493,24157,343,1923,2024-09-06
V002739,2024-08-24,P004,C019,36,9663,347868,30132,2566,2024-09-08
V002740,2024-08-24,P019,C059,32,3034,97088,0,1445,2024-09-17
V002741,2024-08-24,P005,C054,53,886,46958,742,3134,2024-09-17
V002742,2024-08-24,P014,C064,15,1027,15405,1095,450,2024-09-12
V002743,2024-08-25,P014,C026,16,1096,17536,64,673,2024-09-03
V002744,2024-08-25,P011,C005,15,507,7605,0,903,2024-09-19
V002745,2024-08-25,P013,C035,24,3318,79632,0,1008,2024-09-04
V002746,2024-08-26,P019,C046,5,3012,15060,0,265,2024-09-09
V002747,2024-08-26,P012,C076,19,1433,27227,323,936,2024-09-08
V002748,2024-08-26,P017,C021,17,2394,40698,952,831,2024-09-22
V002749,2024-08-26,P003,C041,91,2322,211302,7098,3133,2024-09-24
V002750,2024-08-26,P019,C043,24,2970,71280,720,1493,2024-09-04
V002751,2024-08-26,P008,C039,14,640,8960,140,345,2024-09-19
V002752,2024-08-26,P010,C079,7,441,3087,63,277,2024-09-02
V002753,2024-08-27,P009,C036,22,1853,40766,1034,895,2024-09-12
V002754,2024-08-27,P014,C034,70,1057,73990,3010,3677,2024-09-19
V002755,2024-08-27,P019,C043,20,2972,59440,560,521,2024-09-05
V002756,2024-08-27,P007,C074,30,804,24120,0,916,2024-09-24
V002757,2024-08-27,P009,C013,14,2041,28574,0,648,2024-09-15
V002758,2024-08-27,P019,C058,5,3090,15450,0,270,2024-09-17
V002759,2024-08-27,P002,C062,2,12900,25800,600,88,2024-09-19
V002760,2024-08-27,P014,C048,8,1145,9160,0,483,2024-09-18
V002761,2024-08-27,P002,C032,32,13076,418432,3968,1535,2024-09-23
V002762,2024-08-27,P020,C029,30,15023,450690,0,1807,2024-09-23
V002763,2024-08-27,P012,C014,32,1514,48448,0,844,2024-09-14
V002764,2024-08-28,P020,C051,8,13827,110616,5384,228,2024-09-16
V002765,2024-08-28,P001,C072,6,15540,93240,0,297,2024-09-09
V002766,2024-08-28,P012,C071,14,1427,19978,322,777,2024-09-15
V002767,2024-08-28,P003,C010,10,2280,22800,1200,631,2024-09-13
V002768,2024-08-28,P010,C024,11,450,4950,0,406,2024-09-20
V002769,2024-08-28,P002,C032,10,13393,133930,0,562,2024-09-24
V002770,2024-08-28,P004,C003,10,10415,104150,850,329,2024-09-10
V002771,2024-08-28,P013,C070,35,3316,116060,0,1247,2024-09-07
V002772,2024-08-28,P009,C049,17,1948,33116,0,828,2024-09-17
V002773,2024-08-28,P002,C039,12,13522,162264,0,688,2024-09-21
V002774,2024-08-28,P012,C007,23,1425,32775,575,1146,2024-09-14
V002775,2024-08-28,P011,C021,13,524,6812,0,577,2024-09-24
V002776,2024-08-28,P008,C002,12,593,7116,684,799,2024-09-21
V002777,2024-08-28,P007,C027,34,804,27336,0,1836,2024-09-12
V002778,2024-08-28,P015,C057,27,903,24381,2079,1419,2024-09-05
V002779,2024-08-28,P001,C057,31,14762,457622,22878,1464,2024-09-05
V002780,2024-08-28,P011,C032,13,539,7007,0,713,2024-09-24
V002781,2024-08-28,P006,C030,36,6187,222732,468,2119,2024-09-04
V002782,2024-08-28,P008,C004,6,662,3972,0,258,2024-09-26
V002783,2024-08-28,P005,C070,15,941,14115,0,634,2024-09-07
V002784,2024-08-29,P003,C059,24,2477,59448,0,1170,2024-09-22
V002785,2024-08-29,P015,C053,37,1008,37296,0,1333,2024-09-13
V002786,2024-08-29,P004,C061,33,10377,342441,4059,1762,2024-09-28
V002787,2024-08-29,P004,C080,44,10491,461604,396,1063,2024-09-10
V002788,2024-08-30,P013,C047,24,3284,78816,0,857,2024-09-29
V002789,2024-08-30,P016,C019,4,1375,5500,0,191,2024-09-14
V002790,2024-08-30,P020,C006,45,14310,643950,8550,1532,2024-09-11
V002791,2024-08-30,P018,C037,26,2901,75426,0,1406,2024-09-08
V002792,2024-08-30,P007,C058,79,804,63516,0,3137,2024-09-20
V002793,2024-08-31,P003,C007,9,2339,21051,549,398,2024-09-17
V002794,2024-08-31,P012,C071,6,1393,8358,342,200,2024-09-18
V002795,2024-08-31,P003,C059,18,2458,44244,0,331,2024-09-24
V002796,2024-09-01,P005,C046,30,912,27360,0,1634,2024-09-15
V002797,2024-09-01,P004,C064,11,11234,123574,0,317,2024-09-20
V002798,2024-09-01,P009,C032,11,1933,21263,0,602,2024-09-28
V002799,2024-09-01,P010,C020,10,440,4400,100,524,2024-09-30
V002800,2024-09-01,P009,C076,39,2041,79599,0,1489,2024-09-14
V002801,2024-09-01,P001,C070,31,15386,476966,3534,1701,2024-09-11
V002802,2024-09-01,P001,C040,20,14786,295720,14280,883,2024-09-14
V002803,2024-09-01,P011,C002,24,484,11616,384,1067,2024-09-25
V002804,2024-09-01,P020,C041,6,13790,82740,4260,272,2024-09-30
V002805,2024-09-01,P006,C051,15,6438,96570,0,986,2024-09-20
V002806,2024-09-01,P011,C054,13,517,6721,0,501,2024-09-25
V002807,2024-09-02,P006,C046,21,6392,134232,0,1068,2024-09-16
V002808,2024-09-02,P018,C011,7,2996,20972,0,329,2024-09-27
V002809,2024-09-02,P006,C020,22,6009,132198,4202,1464,2024-10-01
V002810,2024-09-02,P014,C028,10,1076,10760,240,407,2024-10-02
V002811,2024-09-02,P008,C060,54,641,34614,486,2114,2024-09-15
V002812,2024-09-02,P020,C038,8,14299,114392,1608,424,2024-09-26
V002813,2024-09-02,P017,C004,28,2498,69944,0,1390,2024-10-01
V002814,2024-09-02,P004,C029,41,10784,442144,0,1944,2024-09-29
V002815,2024-09-02,P018,C029,26,2918,75868,0,1052,2024-09-29
V002816,2024-09-03,P004,C023,33,10345,341385,5115,2045,2024-09-28
V002817,2024-09-03,P004,C048,27,10062,271674,11826,1107,2024-09-25
V002818,2024-09-03,P013,C039,24,3189,76536,264,1436,2024-09-27
V002819,2024-09-03,P013,C040,63,3307,208341,0,3033,2024-09-16
V002820,2024-09-03,P019,C065,50,2922,146100,3900,1726,2024-09-29
V002821,2024-09-03,P011,C067,9,486,4374,126,476,2024-10-02
V002822,2024-09-03,P013,C040,28,3146,88088,1512,1330,2024-09-16
V002823,2024-09-03,P010,C024,12,452,5424,0,429,2024-09-26
V002824,2024-09-04,P003,C025,12,2463,29556,0,586,2024-09-15
V002825,2024-09-04,P020,C033,23,15126,347898,0,1327,2024-09-15
V002826,2024-09-04,P017,C073,55,2524,138820,0,2957,2024-10-01
V002827,2024-09-04,P020,C058,25,13996,349900,12600,869,2024-09-25
V002828,2024-09-04,P017,C013,28,2494,69832,0,1780,2024-09-23
V002829,2024-09-04,P001,C008,11,14751,162261,8239,611,2024-09-22
V002830,2024-09-04,P006,C001,9,6242,56178,0,465,2024-09-18
V002831,2024-09-04,P011,C025,21,513,10773,0,1071,2024-09-15
V002832,2024-09-04,P002,C042,32,13948,446336,0,901,2024-09-25
V002833,2024-09-05,P001,C046,21,14639,307419,18081,1172,2024-09-19
V002834,2024-09-05,P006,C073,27,5944,160488,6912,1336,2024-10-02
V002835,2024-09-05,P014,C021,87,1170,101790,0,3079,2024-10-02
V002836,2024-09-05,P006,C072,58,5912,342896,16704,3421,2024-09-17
V002837,2024-09-05,P007,C028,36,799,28764,36,1107,2024-10-05
V002838,2024-09-05,P004,C070,28,10234,286552,7448,1331,2024-09-15
V002839,2024-09-05,P018,C040,48,2922,140256,0,2553,2024-09-18
V002840,2024-09-05,P020,C020,7,13152,92064,9436,304,2024-10-04
V002841,2024-09-05,P012,C024,18,1414,25452,648,602,2024-09-28
V002842,2024-09-05,P011,C003,7,492,3444,56,317,2024-09-18
V002843,2024-09-05,P002,C055,56,13328,746368,0,2159,2024-09-12
V002844,2024-09-05,P018,C067,5,2882,14410,90,327,2024-10-04
V002845,2024-09-05,P020,C017,18,14024,252432,8568,939,2024-10-02
V002846,2024-09-05,P017,C015,13,2357,30641,1209,493,2024-10-03
V002847,2024-09-05,P008,C070,27,613,16551,999,1223,2024-09-15
V002848,2024-09-05,P001,C020,28,15164,424592,9408,671,2024-10-04
V002849,2024-09-05,P018,C050,42,2784,116928,4872,2643,2024-09-13
V002850,2024-09-05,P005,C042,18,859,15462,738,797,2024-09-26
V002851,2024-09-05,P006,C044,12,6055,72660,1740,362,2024-09-19
V002852,2024-09-05,P001,C057,25,14783,369575,17925,1268,2024-09-13
V002853,2024-09-05,P005,C080,15,866,12990,510,674,2024-09-17
V002854,2024-09-06,P019,C080,17,3024,51408,0,774,2024-09-18
V002855,2024-09-06,P015,C040,30,931,27930,1470,1151,2024-09-19
V002856,2024-09-06,P019,C037,17,2811,47787,3213,744,2024-09-15
V002857,2024-09-06,P017,C039,8,2427,19416,184,463,2024-09-30
V002858,2024-09-06,P011,C027,15,503,7545,0,595,2024-09-21
V002859,2024-09-06,P013,C038,38,3191,121258,342,2106,2024-09-30
V002860,2024-09-06,P020,C022,29,14444,418876,1624,1335,2024-09-30
V002861,2024-09-06,P006,C016,12,5989,71868,2532,577,2024-10-06
V002862,2024-09-06,P010,C071,22,455,10010,0,850,2024-09-24
V002863,2024-09-06,P018,C033,16,2923,46768,0,961,2024-09-17
V002864,2024-09-06,P018,C074,32,2930,93760,0,1116,2024-10-04
V002865,2024-09-06,P010,C070,23,449,10327,23,821,2024-09-16
V002866,2024-09-06,P004,C071,14,11127,155778,0,557,2024-09-24
V002867,2024-09-06,P001,C007,15,15391,230865,1635,600,2024-09-23
V002868,2024-09-06,P020,C046,23,14968,344264,0,984,2024-09-20
V002869,2024-09-06,P010,C013,26,456,11856,0,1483,2024-09-25
V002870,2024-09-06,P018,C038,16,2784,44544,1856,716,2024-09-30
V002871,2024-09-06,P001,C016,20,16206,324120,0,600,2024-10-06
V002872,2024-09-07,P004,C027,9,10691,96219,0,460,2024-09-22
V002873,2024-09-07,P010,C039,39,420,16380,1170,1098,2024-10-01
V002874,2024-09-08,P016,C036,50,1369,68450,0,1722,2024-09-24
V002875,2024-09-08,P010,C005,10,460,4600,0,526,2024-10-03
V002876,2024-09-08,P012,C079,46,1527,70242,0,3041,2024-09-15
V002877,2024-09-08,P006,C024,24,5953,142872,5928,1479,2024-10-01
V002878,2024-09-08,P010,C057,31,438,13578,372,2143,2024-09-16
V002879,2024-09-08,P010,C070,6,442,2652,48,307,2024-09-18
V002880,2024-09-08,P014,C042,42,1083,45486,714,2430,2024-09-29
V002881,2024-09-08,P003,C018,8,2410,19280,0,417,2024-09-16
V002882,2024-09-09,P001,C032,14,16683,233562,0,502,2024-10-06
V002883,2024-09-09,P003,C061,5,2538,12690,0,349,2024-10-09
V002884,2024-09-09,P016,C021,17,1302,22134,816,507,2024-10-06
V002885,2024-09-09,P020,C045,24,14305,343320,4680,1310,2024-09-18
V002886,2024-09-09,P006,C075,25,6265,156625,0,987,2024-09-19
V002887,2024-09-10,P004,C052,8,9993,79944,4056,369,2024-09-23
V002888,2024-09-10,P015,C009,21,950,19950,630,1203,2024-10-04
V002889,2024-09-10,P009,C058,18,1908,34344,0,1015,2024-10-01
V002890,2024-09-10,P007,C046,30,832,24960,0,934,2024-09-24
V002891,2024-09-10,P010,C015,7,437,3059,91,91,2024-10-08
V002892,2024-09-10,P015,C026,3,973,2919,21,129,2024-09-19
V002893,2024-09-10,P008,C063,20,659,13180,0,1178,2024-09-22
V002894,2024-09-10,P014,C011,21,1137,23877,0,1484,2024-10-05
V002895,2024-09-10,P017,C061,21,2492,52332,0,648,2024-10-10
V002896,2024-09-10,P012,C023,19,1545,29355,0,881,2024-10-05
V002897,2024-09-10,P014,C024,16,1062,16992,608,909,2024-10-03
V002898,2024-09-10,P010,C053,11,473,5203,0,400,2024-09-25
V002899,2024-09-10,P016,C066,7,1379,9653,0,255,2024-10-05
V002900,2024-09-10,P016,C025,3,1273,3819,231,136,2024-09-21
V002901,2024-09-11,P013,C021,23,3500,80500,0,699,2024-10-08
V002902,2024-09-11,P008,C027,30,636,19080,420,1180,2024-09-26
V002903,2024-09-11,P013,C056,5,3177,15885,115,218,2024-09-23
V002904,2024-09-11,P002,C015,15,14199,212985,0,717,2024-10-09
V002905,2024-09-11,P011,C021,27,496,13392,108,1473,2024-10-08
V002906,2024-09-11,P010,C050,31,450,13950,0,595,2024-09-19
V002907,2024-09-11,P020,C059,23,13537,311351,22149,824,2024-10-05
V002908,2024-09-11,P016,C043,28,1351,37828,0,1085,2024-09-20
V002909,2024-09-11,P017,C015,9,2330,20970,1080,317,2024-10-09
V002910,2024-09-11,P020,C010,33,13799,455367,23133,1343,2024-09-27
V002911,2024-09-11,P015,C011,11,980,10780,0,333,2024-10-06
V002912,2024-09-11,P009,C043,30,1765,52950,4050,1367,2024-09-20
V002913,2024-09-11,P017,C051,12,2553,30636,0,573,2024-09-30
V002914,2024-09-11,P011,C056,31,511,15841,0,1533,2024-09-23
V002915,2024-09-11,P016,C069,78,1272,99216,6084,2108,2024-09-20
V002916,2024-09-11,P019,C022,39,2911,113529,3471,1545,2024-10-05
V002917,2024-09-11,P005,C072,22,903,19866,0,879,2024-09-23
V002918,2024-09-11,P011,C065,20,492,9840,160,298,2024-10-07
V002919,2024-09-12,P011,C025,10,500,5000,0,389,2024-09-23
V002920,2024-09-12,P019,C031,28,3002,84056,0,1923,2024-10-05
V002921,2024-09-12,P005,C074,43,883,37969,731,1578,2024-10-10
V002922,2024-09-12,P004,C032,26,10922,283972,0,1309,2024-10-09
V002923,2024-09-13,P004,C065,25,10145,253625,8875,1670,2024-10-09
V002924,2024-09-13,P010,C028,27,463,12501,0,1341,2024-10-13
V002925,2024-09-13,P017,C064,5,2509,12545,0,275,2024-10-02
V002926,2024-09-13,P007,C045,20,783,15660,340,832,2024-09-22
V002927,2024-09-13,P008,C080,15,643,9645,105,461,2024-09-25
V002928,2024-09-13,P014,C012,18,1055,18990,810,462,2024-09-29
V002929,2024-09-13,P013,C031,25,3077,76925,3075,1539,2024-10-06
V002930,2024-09-13,P004,C013,16,10988,175808,0,649,2024-10-02
V002931,2024-09-13,P005,C066,47,903,42441,0,2238,2024-10-08
V002932,2024-09-13,P006,C070,26,6109,158834,2366,1367,2024-09-23
V002933,2024-09-13,P006,C067,4,6165,24660,140,163,2024-10-12
V002934,2024-09-13,P004,C080,9,10300,92700,1800,185,2024-09-25
V002935,2024-09-13,P014,C034,8,1062,8496,304,404,2024-10-06
V002936,2024-09-13,P018,C070,13,2831,36803,897,594,2024-09-23
V002937,2024-09-13,P005,C066,35,899,31465,35,1908,2024-10-08
V002938,2024-09-13,P004,C068,29,10397,301513,2987,1524,2024-10-10
V002939,2024-09-13,P001,C074,12,15021,180252,5748,612,2024-10-11
V002940,2024-09-13,P020,C001,22,13523,297506,21494,871,2024-09-27
V002941,2024-09-13,P020,C066,18,13950,251100,9900,1308,2024-10-08
V002942,2024-09-13,P004,C031,29,10781,312649,0,1610,2024-10-06
V002943,2024-09-13,P015,C035,75,1014,76050,0,1961,2024-09-23
V002944,2024-09-14,P007,C040,67,804,53868,0,1289,2024-09-27
V002945,2024-09-14,P017,C064,10,2403,24030,470,358,2024-10-03
V002946,2024-09-15,P008,C030,12,646,7752,48,544,2024-09-22
V002947,2024-09-15,P009,C013,42,1806,75852,3948,1833,2024-10-04
V002948,2024-09-15,P014,C003,13,1120,14560,0,676,2024-09-28
V002949,2024-09-15,P006,C006,14,6508,91112,0,683,2024-09-27
V002950,2024-09-15,P015,C060,11,979,10769,11,521,2024-09-28
V002951,2024-09-15,P016,C076,33,1324,43692,858,1392,2024-09-28
V002952,2024-09-15,P012,C031,58,1504,87232,0,2902,2024-10-08
V002953,2024-09-15,P020,C040,5,15021,75105,0,304,2024-09-28
V002954,2024-09-15,P018,C060,21,2840,59640,1260,1069,2024-09-28
V002955,2024-09-15,P019,C053,13,3108,40404,0,671,2024-09-30
V002956,2024-09-16,P005,C024,14,888,12432,168,476,2024-10-09
V002957,2024-09-16,P007,C023,18,804,14472,0,748,2024-10-11
V002958,2024-09-16,P007,C040,15,793,11895,105,559,2024-09-29
V002959,2024-09-16,P016,C002,10,1340,13400,100,381,2024-10-10
V002960,2024-09-16,P005,C005,9,908,8172,0,301,2024-10-11
V002961,2024-09-16,P014,C018,9,1059,9531,369,478,2024-09-24
V002962,2024-09-16,P001,C002,14,15426,215964,1036,684,2024-10-10
V002963,2024-09-16,P016,C032,21,1360,28560,0,777,2024-10-13
V002964,2024-09-16,P015,C012,4,968,3872,48,156,2024-10-02
V002965,2024-09-16,P003,C014,26,2367,61542,858,1191,2024-10-04
V002966,2024-09-16,P013,C064,12,3229,38748,0,436,2024-10-05
V002967,2024-09-16,P009,C053,11,1961,21571,0,176,2024-10-01
V002968,2024-09-16,P016,C001,18,1237,22266,2034,1151,2024-09-30
V002969,2024-09-17,P008,C039,6,662,3972,0,244,2024-10-11
V002970,2024-09-17,P005,C012,16,855,13680,720,551,2024-10-03
V002971,2024-09-17,P005,C003,22,925,20350,0,567,2024-09-30
V002972,2024-09-17,P016,C024,17,1261,21437,1513,575,2024-10-10
V002973,2024-09-17,P012,C041,19,1358,25802,1748,945,2024-10-16
V002974,2024-09-17,P018,C004,13,2852,37076,624,392,2024-10-16
V002975,2024-09-17,P012,C015,17,1509,25653,0,952,2024-10-15
V002976,2024-09-17,P011,C069,35,509,17815,0,1966,2024-09-26
V002977,2024-09-18,P010,C078,10,436,4360,140,196,2024-09-26
V002978,2024-09-18,P017,C054,9,2637,23733,0,404,2024-10-12
V002979,2024-09-18,P017,C068,12,2591,31092,0,575,2024-10-15
V002980,2024-09-18,P015,C072,4,1005,4020,0,218,2024-09-30
V002981,2024-09-18,P002,C007,13,13295,172835,0,223,2024-10-05
V002982,2024-09-18,P007,C051,31,813,25203,0,1573,2024-10-07
V002983,2024-09-18,P011,C030,14,482,6748,252,701,2024-09-25
V002984,2024-09-18,P002,C065,12,13664,163968,0,508,2024-10-14
V002985,2024-09-18,P009,C056,5,1925,9625,0,226,2024-09-30
V002986,2024-09-18,P006,C026,34,6314,214676,0,1443,2024-09-27
V002987,2024-09-18,P001,C046,13,15596,202748,0,596,2024-10-02
V002988,2024-09-18,P017,C049,13,2431,31603,247,430,2024-10-08
V002989,2024-09-18,P008,C076,20,665,13300,0,2,2024-10-01
V002990,2024-09-18,P004,C033,37,10510,388870,0,1041,2024-09-29
V002991,2024-09-18,P008,C018,26,609,15834,1066,1328,2024-09-26
V002992,2024-09-18,P018,C074,53,2826,149778,3922,1960,2024-10-16
V002993,2024-09-19,P011,C039,27,530,14310,0,1529,2024-10-13
V002994,2024-09-19,P018,C055,19,2901,55119,0,928,2024-09-26
V002995,2024-09-19,P020,C076,21,14502,304542,0,1072,2024-10-02
V002996,2024-09-19,P004,C032,11,10168,111848,3652,452,2024-10-16
V002997,2024-09-19,P009,C043,20,1956,39120,0,852,2024-09-28
V002998,2024-09-19,P001,C025,43,15396,662028,4472,1768,2024-09-30
V002999,2024-09-19,P007,C042,30,774,23220,780,1557,2024-10-10
V003000,2024-09-19,P013,C074,23,3048,70104,3496,823,2024-10-17
V003001,2024-09-19,P013,C056,15,3317,49755,0,804,2024-10-01
V003002,2024-09-19,P009,C003,65,1872,121680,1820,2842,2024-10-02
V003003,2024-09-19,P017,C020,20,2474,49480,0,273,2024-10-18
V003004,2024-09-19,P005,C051,8,888,7104,96,360,2024-10-08
V003005,2024-09-19,P009,C042,46,1915,88090,0,1566,2024-10-10
V003006,2024-09-19,P007,C053,9,807,7263,0,446,2024-10-04
V003007,2024-09-19,P018,C018,21,2753,57813,3087,829,2024-09-27
V003008,2024-09-19,P003,C023,111,2416,268176,0,5218,2024-10-14
V003009,2024-09-19,P015,C078,18,967,17406,234,952,2024-09-27
V003010,2024-09-19,P017,C019,19,2426,46094,456,483,2024-10-04
V003011,2024-09-19,P006,C026,17,6424,109208,0,976,2024-09-28
V003012,2024-09-19,P009,C069,31,1825,56575,2325,2222,2024-09-28
V003013,2024-09-19,P009,C040,17,1969,33473,0,555,2024-10-02
V003014,2024-09-20,P015,C054,5,1027,5135,0,238,2024-10-14
V003015,2024-09-20,P011,C031,41,508,20828,0,2612,2024-10-13
V003016,2024-09-20,P016,C020,13,1369,17797,0,569,2024-10-19
V003017,2024-09-20,P014,C069,63,1130,71190,0,3432,2024-09-29
V003018,2024-09-20,P006,C051,19,6024,114456,3344,1004,2024-10-09
V003019,2024-09-20,P013,C045,15,3406,51090,0,510,2024-09-29
V003020,2024-09-20,P014,C070,12,1093,13116,84,740,2024-09-30
V003021,2024-09-20,P016,C060,59,1291,76169,3481,2178,2024-10-03
V003022,2024-09-21,P001,C005,4,15660,62640,0,142,2024-10-16
V003023,2024-09-21,P019,C062,10,2990,29900,100,532,2024-10-14
V003024,2024-09-21,P002,C040,37,13450,497650,0,1583,2024-10-04
V003025,2024-09-21,P011,C056,52,500,26000,0,1967,2024-10-03
V003026,2024-09-21,P009,C074,13,1930,25090,0,373,2024-10-19
V003027,2024-09-21,P003,C016,19,2302,43738,1862,768,2024-10-21
V003028,2024-09-21,P015,C032,13,953,12389,351,338,2024-10-18
V003029,2024-09-22,P017,C023,34,2424,82416,884,2253,2024-10-17
V003030,2024-09-22,P018,C003,50,2913,145650,0,2164,2024-10-05
V003031,2024-09-22,P004,C013,10,10380,103800,1200,662,2024-10-11
V003032,2024-09-22,P006,C032,31,6047,187457,4743,1581,2024-10-19
V003033,2024-09-22,P017,C055,20,2428,48560,440,417,2024-09-29
V003034,2024-09-22,P013,C007,9,3274,29466,0,272,2024-10-09
V003035,2024-09-22,P002,C011,10,13494,134940,0,419,2024-10-17
V003036,2024-09-22,P016,C015,6,1328,7968,132,271,2024-10-20
V003037,2024-09-22,P015,C072,13,1018,13234,0,720,2024-10-04
V003038,2024-09-22,P013,C020,34,3200,108800,0,1398,2024-10-21
V003039,2024-09-23,P009,C013,22,1974,43428,0,950,2024-10-12
V003040,2024-09-23,P017,C043,23,2526,58098,0,970,2024-10-02
V003041,2024-09-23,P011,C068,13,490,6370,130,601,2024-10-20
V003042,2024-09-23,P017,C057,20,2513,50260,0,1105,2024-10-01
V003043,2024-09-23,P002,C030,10,13286,132860,0,467,2024-09-30
V003044,2024-09-23,P017,C015,36,2473,89028,0,1424,2024-10-21
V003045,2024-09-23,P007,C077,56,821,45976,0,2481,2024-10-08
V003046,2024-09-23,P016,C016,21,1357,28497,0,883,2024-10-23
V003047,2024-09-23,P014,C072,23,1092,25116,184,777,2024-10-05
V003048,2024-09-23,P012,C060,45,1523,68535,0,2097,2024-10-06
V003049,2024-09-23,P010,C025,29,479,13891,0,676,2024-10-04
V003050,2024-09-23,P006,C016,17,6494,110398,0,753,2024-10-23
V003051,2024-09-23,P013,C071,14,3098,43372,1428,743,2024-10-11
V003052,2024-09-23,P013,C057,27,3042,82134,4266,1406,2024-10-01
V003053,2024-09-23,P008,C074,11,659,7249,0,444,2024-10-21
V003054,2024-09-23,P011,C008,102,526,53652,0,3189,2024-10-11
V003055,2024-09-23,P013,C010,12,3477,41724,0,493,2024-10-09
V003056,2024-09-23,P017,C034,33,2401,79233,1617,983,2024-10-16
V003057,2024-09-23,P004,C080,21,10259,215439,5061,1184,2024-10-05
V003058,2024-09-23,P010,C065,15,424,6360,390,824,2024-10-19
V003059,2024-09-24,P001,C041,12,15574,186888,0,313,2024-10-23
V003060,2024-09-24,P013,C038,11,3227,35497,0,759,2024-10-18
V003061,2024-09-24,P020,C043,10,14875,148750,0,509,2024-10-03
V003062,2024-09-24,P004,C036,44,10525,463100,0,1675,2024-10-10
V003063,2024-09-24,P017,C075,9,2379,21411,639,375,2024-10-04
V003064,2024-09-24,P004,C018,21,10094,211974,8526,1037,2024-10-02
V003065,2024-09-25,P005,C030,31,886,27466,434,1397,2024-10-02
V003066,2024-09-25,P012,C034,38,1398,53124,1976,1241,2024-10-18
V003067,2024-09-25,P008,C050,9,640,5760,90,581,2024-10-03
V003068,2024-09-25,P012,C036,17,1480,25160,0,914,2024-10-11
V003069,2024-09-25,P015,C014,39,940,36660,1560,2402,2024-10-13
V003070,2024-09-25,P016,C069,18,1361,24498,0,1054,2024-10-04
V003071,2024-09-25,P010,C030,23,460,10580,0,886,2024-10-02
V003072,2024-09-26,P010,C065,74,443,32782,518,2560,2024-10-22
V003073,2024-09-26,P006,C073,12,6204,74448,0,321,2024-10-23
V003074,2024-09-26,P013,C019,34,3106,105604,3196,1495,2024-10-11
V003075,2024-09-26,P002,C058,17,13871,235807,0,784,2024-10-17
V003076,2024-09-26,P013,C027,78,3272,255216,0,3286,2024-10-11
V003077,2024-09-26,P018,C052,18,2867,51606,594,897,2024-10-09
V003078,2024-09-27,P014,C065,52,1052,54704,2496,2857,2024-10-23
V003079,2024-09-27,P001,C034,27,15414,416178,2322,1198,2024-10-20
V003080,2024-09-27,P008,C023,9,639,5751,99,462,2024-10-22
V003081,2024-09-27,P001,C045,56,16193,906808,0,2203,2024-10-06
V003082,2024-09-27,P005,C061,11,959,10549,0,639,2024-10-27
V003083,2024-09-27,P020,C058,18,14831,266958,0,818,2024-10-18
V003084,2024-09-27,P011,C053,16,464,7424,576,720,2024-10-12
V003085,2024-09-27,P016,C044,16,1387,22192,0,514,2024-10-11
V003086,2024-09-27,P001,C031,43,15706,675358,0,2195,2024-10-20
V003087,2024-09-27,P007,C052,27,798,21546,54,1013,2024-10-10
V003088,2024-09-27,P006,C023,27,5753,155331,12069,685,2024-10-22
V003089,2024-09-27,P004,C055,16,10695,171120,0,553,2024-10-04
V003090,2024-09-27,P018,C030,9,2839,25551,549,370,2024-10-04
V003091,2024-09-27,P006,C024,23,6363,146349,0,1470,2024-10-20
V003092,2024-09-27,P009,C024,26,1816,47216,2184,1073,2024-10-20
V003093,2024-09-27,P018,C004,42,3027,127134,0,1321,2024-10-26
V003094,2024-09-27,P007,C011,17,806,13702,0,727,2024-10-22
V003095,2024-09-27,P011,C002,40,504,20160,0,2091,2024-10-21
V003096,2024-09-27,P015,C024,13,875,11375,1365,442,2024-10-20
V003097,2024-09-27,P015,C021,27,957,25839,621,1313,2024-10-24
V003098,2024-09-28,P001,C070,9,15451,139059,441,224,2024-10-08
V003099,2024-09-28,P011,C034,28,490,13720,280,1235,2024-10-21
V003100,2024-09-28,P020,C029,28,14211,397908,8092,1307,2024-10-25
V003101,2024-09-28,P016,C024,21,1300,27300,1050,868,2024-10-21
V003102,2024-09-28,P013,C029,16,3342,53472,0,681,2024-10-25
V003103,2024-09-28,P014,C008,9,1066,9594,306,457,2024-10-16
V003104,2024-09-28,P011,C022,18,490,8820,180,650,2024-10-22
V003105,2024-09-28,P007,C076,19,781,14839,361,697,2024-10-11
V003106,2024-09-28,P015,C001,20,979,19580,20,917,2024-10-12
V003107,2024-09-28,P016,C047,51,1391,70941,0,3203,2024-10-28
V003108,2024-09-29,P010,C031,24,416,9984,816,913,2024-10-22
V003109,2024-09-29,P019,C029,13,3076,39988,0,554,2024-10-26
V003110,2024-09-29,P006,C001,39,6314,246246,0,1866,2024-10-13
V003111,2024-09-29,P012,C043,12,1412,16944,456,742,2024-10-08
V003112,2024-09-29,P002,C029,51,13525,689775,0,1269,2024-10-26
V003113,2024-09-29,P010,C027,35,451,15785,0,2431,2024-10-14
V003114,2024-09-29,P010,C032,17,448,7616,34,776,2024-10-26
V003115,2024-09-30,P001,C045,26,15893,413218,0,1170,2024-10-09
V003116,2024-09-30,P005,C035,27,908,24516,0,1138,2024-10-10
V003117,2024-09-30,P011,C077,5,482,2410,90,171,2024-10-15
V003118,2024-09-30,P002,C016,17,12604,214268,10132,833,2024-10-30
V003119,2024-09-30,P009,C021,4,1897,7588,12,201,2024-10-27
V003120,2024-09-30,P007,C058,17,804,13668,0,997,2024-10-21
V003121,2024-09-30,P008,C052,9,675,6075,0,368,2024-10-13
V003122,2024-09-30,P005,C066,25,850,21250,1250,1554,2024-10-25
V003123,2024-09-30,P005,C004,42,849,35658,2142,2163,2024-10-29
V003124,2024-09-30,P001,C001,22,15466,340252,748,665,2024-10-14
V003125,2024-09-30,P009,C041,35,1938,67830,0,2187,2024-10-29
V003126,2024-09-30,P003,C046,92,2355,216660,4140,4904,2024-10-14
V003127,2024-09-30,P009,C027,26,1873,48698,702,1098,2024-10-15
V003128,2024-09-30,P008,C007,20,672,13440,0,768,2024-10-17
V003129,2024-09-30,P005,C034,4,820,3280,320,236,2024-10-23
V003130,2024-09-30,P005,C020,57,905,51585,0,3824,2024-10-29
V003131,2024-09-30,P011,C070,44,496,21824,176,593,2024-10-10
V003132,2024-09-30,P010,C070,19,435,8265,285,865,2024-10-10
V003133,2024-09-30,P019,C026,40,3111,124440,0,1756,2024-10-09
V003134,2024-09-30,P004,C046,9,10207,91863,2637,381,2024-10-14
V003135,2024-09-30,P014,C036,7,1056,7392,308,203,2024-10-16
V003136,2024-10-01,P017,C068,5,2520,12600,0,316,2024-10-28
V003137,2024-10-01,P014,C062,6,1084,6504,96,292,2024-10-24
V003138,2024-10-01,P019,C022,2,3097,6194,0,64,2024-10-25
V003139,2024-10-01,P011,C048,6,505,3030,0,307,2024-10-23
V003140,2024-10-01,P006,C045,5,6041,30205,795,152,2024-10-10
V003141,2024-10-01,P006,C039,17,6338,107746,0,1085,2024-10-25
V003142,2024-10-01,P006,C002,30,6174,185220,780,1643,2024-10-25
V003143,2024-10-01,P019,C023,32,2879,92128,3872,1095,2024-10-26
V003144,2024-10-01,P013,C022,39,3275,127725,0,2108,2024-10-25
V003145,2024-10-01,P009,C044,23,1930,44390,0,1324,2024-10-15
V003146,2024-10-01,P010,C006,11,443,4873,77,559,2024-10-13
V003147,2024-10-01,P020,C023,11,14289,157179,2321,508,2024-10-26
V003148,2024-10-01,P019,C029,19,2914,55366,1634,991,2024-10-28
V003149,2024-10-01,P014,C008,19,1121,21299,0,990,2024-10-19
V003150,2024-10-01,P017,C046,13,2445,31785,65,652,2024-10-15
V003151,2024-10-02,P005,C029,25,914,22850,0,977,2024-10-29
V003152,2024-10-02,P014,C015,24,1134,27216,0,1250,2024-10-30
V003153,2024-10-02,P005,C026,29,891,25839,261,1938,2024-10-11
V003154,2024-10-02,P004,C026,18,10302,185436,3564,630,2024-10-11
V003155,2024-10-02,P012,C062,32,1418,45376,1024,805,2024-10-25
V003156,2024-10-02,P020,C038,38,14647,556586,0,1547,2024-10-26
V003157,2024-10-02,P018,C057,55,2843,156365,3135,2315,2024-10-10
V003158,2024-10-02,P006,C006,36,6236,224496,0,1984,2024-10-14
V003159,2024-10-02,P009,C010,28,1892,52976,224,1613,2024-10-18
V003160,2024-10-02,P011,C026,20,499,9980,20,1212,2024-10-11
V003161,2024-10-02,P001,C022,16,14626,234016,13984,649,2024-10-26
V003162,2024-10-02,P013,C018,16,3176,50816,384,932,2024-10-10
V003163,2024-10-02,P007,C067,15,804,12060,0,686,2024-10-31
V003164,2024-10-02,P001,C077,14,14911,208754,8246,929,2024-10-17
V003165,2024-10-02,P016,C035,11,1343,14773,77,609,2024-10-12
V003166,2024-10-02,P019,C078,22,2774,61028,4972,947,2024-10-10
V003167,2024-10-02,P014,C007,4,1058,4232,168,121,2024-10-19
V003168,2024-10-03,P008,C059,21,649,13629,21,1119,2024-10-27
V003169,2024-10-03,P002,C051,26,13214,343564,0,569,2024-10-22
V003170,2024-10-03,P012,C054,12,1375,16500,900,584,2024-10-27
V003171,2024-10-03,P013,C030,4,3359,13436,0,131,2024-10-10
V003172,2024-10-03,P012,C039,14,1440,20160,140,602,2024-10-27
V003173,2024-10-03,P002,C020,10,13643,136430,0,650,2024-11-01
V003174,2024-10-03,P001,C067,16,14502,232032,15968,824,2024-11-01
V003175,2024-10-03,P018,C050,10,2817,28170,830,497,2024-10-11
V003176,2024-10-03,P002,C030,30,13732,411960,0,1104,2024-10-10
V003177,2024-10-03,P008,C028,7,635,4445,105,336,2024-11-02
V003178,2024-10-03,P013,C061,13,3013,39169,2431,750,2024-11-02
V003179,2024-10-03,P019,C036,44,3015,132660,0,1406,2024-10-19
V003180,2024-10-03,P017,C056,13,2395,31135,715,770,2024-10-15
V003181,2024-10-04,P013,C061,38,3248,123424,0,2370,2024-11-03
V003182,2024-10-04,P006,C066,103,5951,612953,25647,4602,2024-10-29
V003183,2024-10-04,P013,C004,29,3299,95671,0,1294,2024-11-02
V003184,2024-10-04,P001,C039,22,15941,350702,0,1186,2024-10-28
V003185,2024-10-04,P009,C072,15,2017,30255,0,844,2024-10-16
V003186,2024-10-05,P015,C004,17,1011,17187,0,472,2024-11-03
V003187,2024-10-05,P013,C021,199,3215,639785,0,8705,2024-11-01
V003188,2024-10-05,P007,C075,29,761,22069,1131,1278,2024-10-15
V003189,2024-10-05,P019,C069,51,2899,147849,5151,2053,2024-10-14
V003190,2024-10-05,P011,C027,29,524,15196,0,1611,2024-10-20
V003191,2024-10-05,P001,C069,12,15244,182928,3072,483,2024-10-14
V003192,2024-10-05,P019,C038,12,2956,35472,528,372,2024-10-29
V003193,2024-10-05,P008,C012,25,634,15850,400,1530,2024-10-21
V003194,2024-10-05,P020,C003,10,13212,132120,12880,317,2024-10-18
V003195,2024-10-05,P015,C004,9,958,8622,198,388,2024-11-03
V003196,2024-10-05,P012,C034,40,1324,52960,5040,1583,2024-10-28
V003197,2024-10-05,P009,C032,63,1921,121023,0,1697,2024-11-01
V003198,2024-10-06,P015,C069,8,982,7856,0,352,2024-10-15
V003199,2024-10-06,P013,C035,35,3110,108850,3150,2078,2024-10-16
V003200,2024-10-06,P019,C007,5,2997,14985,15,328,2024-10-23
V003201,2024-10-07,P017,C012,15,2425,36375,375,693,2024-10-23
V003202,2024-10-07,P016,C007,17,1336,22712,238,786,2024-10-24
V003203,2024-10-07,P001,C066,23,14810,340630,15870,607,2024-11-01
V003204,2024-10-07,P003,C059,12,2503,30036,0,840,2024-10-31
V003205,2024-10-07,P018,C023,41,2997,122877,0,1025,2024-11-01
V003206,2024-10-07,P011,C004,9,486,4374,126,358,2024-11-05
V003207,2024-10-07,P019,C024,27,2844,76788,4212,1342,2024-10-30
V003208,2024-10-07,P018,C001,16,3005,48080,0,889,2024-10-21
V003209,2024-10-08,P004,C022,35,10816,378560,0,1972,2024-11-01
V003210,2024-10-08,P017,C018,33,2471,81543,0,1578,2024-10-16
V003211,2024-10-08,P006,C054,14,6066,84924,1876,831,2024-11-01
V003212,2024-10-08,P006,C033,13,6308,82004,0,423,2024-10-19
V003213,2024-10-08,P001,C011,5,15276,76380,1120,310,2024-11-02
V003214,2024-10-08,P005,C039,9,836,7524,576,274,2024-11-01
V003215,2024-10-08,P005,C029,18,928,16704,0,1242,2024-11-04
V003216,2024-10-08,P019,C058,11,2977,32747,253,399,2024-10-29
V003217,2024-10-08,P013,C058,13,3328,43264,0,782,2024-10-29
V003218,2024-10-08,P010,C006,16,451,7216,0,573,2024-10-20
V003219,2024-10-08,P003,C069,30,2462,73860,0,1377,2024-10-17
V003220,2024-10-08,P013,C035,21,3302,69342,0,712,2024-10-18
V003221,2024-10-08,P016,C032,20,1339,26780,220,660,2024-11-04
V003222,2024-10-08,P007,C017,16,812,12992,0,218,2024-11-04
V003223,2024-10-08,P014,C037,22,1057,23254,946,823,2024-10-17
V003224,2024-10-08,P016,C023,10,1328,13280,220,497,2024-11-02
V003225,2024-10-09,P019,C080,10,2641,26410,3590,637,2024-10-21
V003226,2024-10-09,P019,C075,17,2919,49623,1377,997,2024-10-19
V003227,2024-10-09,P019,C077,24,3123,74952,0,880,2024-10-24
V003228,2024-10-09,P018,C032,5,2881,14405,95,105,2024-11-05
V003229,2024-10-09,P013,C072,21,3131,65751,1449,994,2024-10-21
V003230,2024-10-09,P014,C002,14,1088,15232,168,622,2024-11-02
V003231,2024-10-09,P009,C078,29,1829,53041,2059,1711,2024-10-17
V003232,2024-10-09,P007,C077,17,818,13906,0,663,2024-10-24
V003233,2024-10-09,P002,C060,33,13947,460251,0,1773,2024-10-22
V003234,2024-10-09,P008,C005,22,661,14542,0,1111,2024-11-03
V003235,2024-10-09,P019,C064,41,3142,128822,0,1985,2024-10-28
V003236,2024-10-09,P014,C042,36,1136,40896,0,2260,2024-10-30
V003237,2024-10-09,P005,C038,39,945,36855,0,1627,2024-11-02
V003238,2024-10-09,P002,C067,11,13267,145937,0,665,2024-11-07
V003239,2024-10-09,P016,C055,4,1441,5764,0,249,2024-10-16
V003240,2024-10-09,P018,C080,5,2515,12575,1925,156,2024-10-21
V003241,2024-10-09,P018,C005,64,2856,182784,2816,3115,2024-11-03
V003242,2024-10-10,P003,C061,25,2484,62100,0,995,2024-11-09
V003243,2024-10-10,P014,C053,7,1004,7028,672,214,2024-10-25
V003244,2024-10-10,P005,C038,19,912,17328,0,994,2024-11-03
V003245,2024-10-10,P003,C025,19,2422,46018,0,772,2024-10-21
V003246,2024-10-11,P016,C063,19,1479,28101,0,1164,2024-10-23
V003247,2024-10-11,P012,C008,14,1383,19362,938,517,2024-10-29
V003248,2024-10-11,P002,C019,74,13178,975172,1628,2155,2024-10-26
V003249,2024-10-11,P003,C076,10,2406,24060,0,483,2024-10-24
V003250,2024-10-11,P010,C024,5,423,2115,135,305,2024-11-03
V003251,2024-10-12,P016,C056,26,1356,35256,0,902,2024-10-24
V003252,2024-10-12,P003,C001,30,2337,70110,1890,1912,2024-10-26
V003253,2024-10-12,P020,C010,47,15267,717549,0,1993,2024-10-28
V003254,2024-10-12,P012,C012,19,1394,26486,1064,475,2024-10-28
V003255,2024-10-12,P019,C045,9,3028,27252,0,483,2024-10-21
V003256,2024-10-12,P020,C010,22,14968,329296,0,992,2024-10-28
V003257,2024-10-13,P004,C042,44,10412,458128,3872,2920,2024-11-03
V003258,2024-10-13,P013,C047,8,3231,25848,0,346,2024-11-12
V003259,2024-10-13,P016,C061,49,1374,67326,0,1319,2024-11-12
V003260,2024-10-14,P010,C016,23,437,10051,299,889,2024-11-13
V003261,2024-10-14,P006,C006,12,6319,75828,0,375,2024-10-26
V003262,2024-10-14,P009,C003,29,1966,57014,0,1332,2024-10-27
V003263,2024-10-14,P006,C078,25,6027,150675,4325,983,2024-10-22
V003264,2024-10-14,P014,C077,13,1105,14365,0,833,2024-10-29
V003265,2024-10-14,P005,C026,43,922,39646,0,1441,2024-10-23
V003266,2024-10-14,P017,C007,19,2557,48583,0,791,2024-10-31
V003267,2024-10-14,P002,C077,36,12768,459648,15552,1263,2024-10-29
V003268,2024-10-14,P010,C029,11,455,5005,0,437,2024-11-10
V003269,2024-10-14,P013,C049,10,3184,31840,160,558,2024-11-03
V003270,2024-10-14,P002,C044,10,13291,132910,0,506,2024-10-28
V003271,2024-10-14,P020,C052,55,14553,800415,0,2581,2024-10-27
V003272,2024-10-14,P008,C077,11,638,7018,132,576,2024-10-29
V003273,2024-10-14,P016,C008,70,1339,93730,770,2738,2024-11-01
V003274,2024-10-15,P003,C057,29,2396,69484,116,658,2024-10-23
V003275,2024-10-15,P019,C044,36,2836,102096,5904,1984,2024-10-29
V003276,2024-10-15,P013,C053,10,3202,32020,0,637,2024-10-30
V003277,2024-10-15,P019,C049,42,3057,128394,0,1849,2024-11-04
V003278,2024-10-15,P013,C010,29,3289,95381,0,1597,2024-10-31
V003279,2024-10-15,P018,C058,20,2930,58600,0,866,2024-11-05
V003280,2024-10-15,P008,C006,17,660,11220,0,592,2024-10-27
V003281,2024-10-15,P005,C068,24,939,22536,0,1098,2024-11-11
V003282,2024-10-15,P004,C002,52,9582,498264,47736,1318,2024-11-08
V003283,2024-10-15,P002,C031,24,13618,326832,0,1376,2024-11-07
V003284,2024-10-16,P006,C026,34,6032,205088,5712,1862,2024-10-25
V003285,2024-10-16,P020,C047,14,14307,200298,2702,543,2024-11-15
V003286,2024-10-16,P013,C006,18,3302,59436,0,769,2024-10-28
V003287,2024-10-16,P016,C038,25,1340,33500,250,1544,2024-11-09
V003288,2024-10-16,P005,C006,9,925,8325,0,385,2024-10-28
V003289,2024-10-16,P010,C043,14,429,6006,294,546,2024-10-25
V003290,2024-10-16,P004,C071,23,10351,238073,3427,1189,2024-11-03
V003291,2024-10-16,P010,C043,16,464,7424,0,528,2024-10-25
V003292,2024-10-16,P012,C020,6,1524,9144,0,306,2024-11-14
V003293,2024-10-16,P013,C002,4,3293,13172,0,210,2024-11-09
V003294,2024-10-16,P005,C040,21,934,19614,0,963,2024-10-29
V003295,2024-10-16,P005,C054,42,920,38640,0,2235,2024-11-09
V003296,2024-10-16,P003,C047,20,2361,47220,780,1013,2024-11-15
V003297,2024-10-16,P001,C009,16,15344,245504,2496,657,2024-11-09
V003298,2024-10-17,P004,C041,17,10378,176426,2074,792,2024-11-15
V003299,2024-10-17,P005,C023,14,901,12614,0,779,2024-11-11
V003300,2024-10-17,P015,C073,8,1035,8280,0,329,2024-11-13
V003301,2024-10-17,P012,C028,19,1446,27474,76,740,2024-11-16
V003302,2024-10-17,P003,C068,27,2273,61371,3429,1428,2024-11-13
V003303,2024-10-17,P010,C052,23,444,10212,138,1126,2024-10-30
V003304,2024-10-17,P008,C025,19,629,11951,399,771,2024-10-28
V003305,2024-10-17,P001,C048,25,15659,391475,0,1331,2024-11-08
V003306,2024-10-17,P016,C061,29,1341,38889,261,1986,2024-11-16
V003307,2024-10-17,P004,C073,14,10647,149058,0,950,2024-11-13
V003308,2024-10-17,P005,C078,26,847,22022,1378,975,2024-10-25
V003309,2024-10-17,P013,C038,14,3144,44016,784,597,2024-11-10
V003310,2024-10-17,P008,C021,45,627,28215,1035,1538,2024-11-13
V003311,2024-10-17,P006,C034,9,5930,53370,2430,655,2024-11-09
V003312,2024-10-17,P006,C029,23,6210,142830,0,1210,2024-11-13
V003313,2024-10-17,P019,C013,5,3026,15130,0,331,2024-11-05
V003314,2024-10-17,P017,C036,14,2413,33782,518,866,2024-11-02
V003315,2024-10-17,P020,C076,25,15257,381425,0,1151,2024-10-30
V003316,2024-10-17,P011,C042,36,498,17928,72,2013,2024-11-07
V003317,2024-10-18,P002,C057,12,13064,156768,1632,505,2024-10-26
V003318,2024-10-18,P018,C029,16,2941,47056,0,302,2024-11-14
V003319,2024-10-18,P016,C058,19,1395,26505,0,767,2024-11-08
V003320,2024-10-18,P017,C005,46,2421,111366,1334,2670,2024-11-12
V003321,2024-10-18,P015,C001,12,985,11820,0,797,2024-11-01
V003322,2024-10-18,P011,C079,11,503,5533,0,427,2024-10-25
V003323,2024-10-18,P010,C011,18,449,8082,18,696,2024-11-12
V003324,2024-10-18,P016,C035,14,1331,18634,266,705,2024-10-28
V003325,2024-10-18,P015,C054,7,1058,7406,0,318,2024-11-11
V003326,2024-10-18,P006,C002,33,5876,193908,10692,1888,2024-11-11
V003327,2024-10-18,P012,C052,12,1427,17124,276,692,2024-10-31
V003328,2024-10-18,P019,C027,23,2883,66309,2691,880,2024-11-02
V003329,2024-10-18,P009,C077,31,1968,61008,0,1167,2024-11-02
V003330,2024-10-18,P002,C076,8,13065,104520,1080,315,2024-10-31
V003331,2024-10-18,P014,C056,15,1097,16455,45,185,2024-10-30
V003332,2024-10-18,P009,C049,36,1975,71100,0,1407,2024-11-07
V003333,2024-10-19,P003,C014,15,2455,36825,0,622,2024-11-06
V003334,2024-10-19,P001,C001,26,14651,380926,22074,1327,2024-11-02
V003335,2024-10-19,P006,C018,13,6413,83369,0,874,2024-10-27
V003336,2024-10-19,P006,C044,16,5948,95168,4032,714,2024-11-02
V003337,2024-10-19,P017,C065,27,2515,67905,0,1471,2024-11-14
V003338,2024-10-19,P018,C062,42,2875,120750,1050,1994,2024-11-11
V003339,2024-10-19,P003,C026,27,2347,63369,1431,959,2024-10-28
V003340,2024-10-19,P015,C074,47,981,46107,0,1615,2024-11-16
V003341,2024-10-19,P014,C057,27,1107,29889,0,1012,2024-10-27
V003342,2024-10-19,P018,C031,41,2955,121155,0,2692,2024-11-11
V003343,2024-10-19,P002,C070,17,13342,226814,0,834,2024-10-29
V003344,2024-10-19,P011,C046,28,496,13888,112,1649,2024-11-02
V003345,2024-10-20,P013,C042,9,3280,29520,0,340,2024-11-10
V003346,2024-10-20,P006,C033,19,6414,121866,0,865,2024-10-31
V003347,2024-10-20,P015,C044,22,1004,22088,0,505,2024-11-03
V003348,2024-10-20,P010,C008,15,442,6630,120,802,2024-11-07
V003349,2024-10-20,P005,C023,6,870,5220,180,227,2024-11-14
V003350,2024-10-20,P010,C001,9,497,4473,0,204,2024-11-03
V003351,2024-10-20,P001,C066,32,16037,513184,0,1338,2024-11-14
V003352,2024-10-20,P002,C080,12,12443,149316,9084,500,2024-11-01
V003353,2024-10-20,P002,C043,35,13171,460985,1015,1278,2024-10-29
V003354,2024-10-20,P020,C036,28,14461,404908,1092,1214,2024-11-05
V003355,2024-10-21,P003,C078,19,2363,44897,703,505,2024-10-29
V003356,2024-10-21,P019,C063,11,3133,34463,0,484,2024-11-02
V003357,2024-10-21,P004,C027,13,10195,132535,3965,563,2024-11-05
V003358,2024-10-21,P002,C060,5,12691,63455,2545,289,2024-11-03
V003359,2024-10-21,P010,C066,11,470,5170,0,445,2024-11-15
V003360,2024-10-21,P001,C044,25,15215,380375,7125,1075,2024-11-04
V003361,2024-10-21,P014,C001,7,1093,7651,49,436,2024-11-04
V003362,2024-10-21,P002,C030,45,11968,538560,55440,1746,2024-10-28
V003363,2024-10-21,P005,C043,21,924,19404,0,740,2024-10-30
V003364,2024-10-21,P010,C020,45,431,19395,855,2145,2024-11-19
V003365,2024-10-21,P015,C047,10,944,9440,360,439,2024-11-20
V003366,2024-10-21,P009,C067,27,1789,48303,2997,1212,2024-11-19
V003367,2024-10-21,P005,C078,11,887,9757,143,350,2024-10-29
V003368,2024-10-21,P009,C014,22,1872,41184,616,842,2024-11-08
V003369,2024-10-21,P014,C004,30,1042,31260,1740,1178,2024-11-19
V003370,2024-10-21,P009,C022,15,1879,28185,315,884,2024-11-14
V003371,2024-10-21,P004,C057,10,10717,107170,0,755,2024-10-29
V003372,2024-10-22,P012,C012,18,1442,25956,144,927,2024-11-07
V003373,2024-10-22,P013,C047,45,3079,138555,5445,2374,2024-11-21
V003374,2024-10-22,P001,C054,37,15206,562622,10878,1726,2024-11-15
V003375,2024-10-22,P016,C016,17,1233,20961,1989,491,2024-11-21
V003376,2024-10-22,P006,C030,16,6519,104304,0,825,2024-10-29
V003377,2024-10-22,P014,C041,38,1046,39748,2052,1928,2024-11-20
V003378,2024-10-23,P009,C060,25,1918,47950,0,822,2024-11-05
V003379,2024-10-23,P011,C041,9,536,4824,0,389,2024-11-21
V003380,2024-10-23,P018,C070,23,2833,65159,1541,1091,2024-11-02
V003381,2024-10-23,P017,C009,16,2420,38720,480,722,2024-11-16
V003382,2024-10-23,P019,C039,43,3097,133171,0,2775,2024-11-16
V003383,2024-10-23,P007,C065,11,771,8481,319,580,2024-11-18
V003384,2024-10-23,P005,C003,28,925,25900,0,1626,2024-11-05
V003385,2024-10-23,P004,C024,6,9934,59604,3396,255,2024-11-15
V003386,2024-10-23,P011,C012,26,533,13858,0,1590,2024-11-08
V003387,2024-10-23,P018,C067,57,2910,165870,0,2261,2024-11-21
V003388,2024-10-23,P005,C004,27,927,25029,0,1052,2024-11-21
V003389,2024-10-23,P020,C005,22,14624,321728,0,644,2024-11-17
V003390,2024-10-23,P005,C050,35,911,31885,0,2475,2024-10-31
V003391,2024-10-23,P017,C056,31,2425,75175,775,1428,2024-11-04
V003392,2024-10-23,P011,C006,17,482,8194,306,750,2024-11-04
V003393,2024-10-23,P017,C029,14,2479,34706,0,457,2024-11-19
V003394,2024-10-23,P004,C022,60,10623,637380,0,2473,2024-11-16
V003395,2024-10-23,P011,C044,31,502,15562,0,997,2024-11-06
V003396,2024-10-23,P002,C046,18,13435,241830,0,703,2024-11-06
V003397,2024-10-23,P009,C036,13,1982,25766,0,563,2024-11-08
V003398,2024-10-23,P004,C010,14,10381,145334,1666,636,2024-11-08
V003399,2024-10-24,P005,C030,32,867,27744,1056,1347,2024-10-31
V003400,2024-10-24,P011,C051,31,484,15004,496,1197,2024-11-12
V003401,2024-10-24,P015,C080,18,949,17082,558,704,2024-11-05
V003402,2024-10-24,P010,C035,14,446,6244,56,1088,2024-11-03
V003403,2024-10-24,P019,C038,5,2983,14915,85,162,2024-11-17
V003404,2024-10-24,P010,C003,10,459,4590,0,529,2024-11-06
V003405,2024-10-24,P007,C064,20,827,16540,0,1116,2024-11-12
V003406,2024-10-25,P012,C058,26,1514,39364,0,921,2024-11-15
V003407,2024-10-25,P015,C030,9,927,8343,477,340,2024-11-01
V003408,2024-10-25,P002,C018,21,12228,256788,20412,738,2024-11-02
V003409,2024-10-25,P010,C021,13,466,6058,0,383,2024-11-21
V003410,2024-10-25,P003,C071,10,2292,22920,1080,413,2024-11-12
V003411,2024-10-25,P013,C004,6,3300,19800,0,177,2024-11-23
V003412,2024-10-25,P013,C023,29,3129,90741,2059,1064,2024-11-19
V003413,2024-10-25,P010,C011,50,448,22400,100,892,2024-11-19
V003414,2024-10-25,P020,C015,17,13860,235620,10880,1190,2024-11-22
V003415,2024-10-25,P006,C010,20,6123,122460,1540,863,2024-11-10
V003416,2024-10-25,P010,C013,5,462,2310,0,149,2024-11-13
V003417,2024-10-25,P013,C008,27,3041,82107,4293,1024,2024-11-12
V003418,2024-10-25,P015,C037,28,1005,28140,0,1503,2024-11-03
V003419,2024-10-25,P008,C026,38,636,24168,532,1354,2024-11-03
V003420,2024-10-25,P006,C015,21,6027,126567,3633,1140,2024-11-22
V003421,2024-10-25,P020,C049,51,14527,740877,0,2285,2024-11-14
V003422,2024-10-25,P011,C051,38,515,19570,0,756,2024-11-13
V003423,2024-10-25,P005,C017,5,908,4540,0,306,2024-11-21
V003424,2024-10-25,P018,C006,34,2760,93840,4760,1572,2024-11-06
V003425,2024-10-26,P004,C061,57,10256,584592,13908,3424,2024-11-25
V003426,2024-10-26,P009,C052,11,1866,20526,374,434,2024-11-08
V003427,2024-10-27,P003,C059,13,2289,29757,1443,833,2024-11-20
V003428,2024-10-27,P005,C049,29,873,25317,783,1574,2024-11-16
V003429,2024-10-27,P005,C049,9,906,8154,0,306,2024-11-16
V003430,2024-10-27,P013,C079,25,3208,80200,0,697,2024-11-03
V003431,2024-10-27,P016,C057,6,1365,8190,0,214,2024-11-04
V003432,2024-10-27,P002,C004,30,13881,416430,0,1574,2024-11-25
V003433,2024-10-27,P007,C035,10,782,7820,180,459,2024-11-06
V003434,2024-10-28,P008,C074,13,650,8450,0,733,2024-11-25
V003435,2024-10-28,P013,C011,15,3135,47025,975,617,2024-11-22
V003436,2024-10-28,P012,C012,4,1397,5588,212,149,2024-11-13
V003437,2024-10-28,P015,C076,31,1015,31465,0,1819,2024-11-10
V003438,2024-10-28,P010,C002,22,429,9438,462,1129,2024-11-21
V003439,2024-10-28,P014,C013,20,1063,21260,740,859,2024-11-16
V003440,2024-10-28,P002,C008,19,12968,246392,4408,1134,2024-11-15
V003441,2024-10-28,P011,C012,38,480,18240,760,1940,2024-11-13
V003442,2024-10-28,P006,C014,28,6136,171808,1792,1288,2024-11-15
V003443,2024-10-28,P013,C068,15,3140,47100,900,848,2024-11-24
V003444,2024-10-28,P002,C053,31,14122,437782,0,1406,2024-11-12
V003445,2024-10-28,P019,C026,4,3225,12900,0,230,2024-11-06
V003446,2024-10-28,P006,C026,49,6040,295960,7840,2935,2024-11-06
V003447,2024-10-28,P011,C003,11,512,5632,0,557,2024-11-10
V003448,2024-10-28,P005,C004,16,910,14560,0,766,2024-11-26
V003449,2024-10-28,P011,C076,21,518,10878,0,918,2024-11-10
V003450,2024-10-28,P008,C027,45,681,30645,0,2790,2024-11-12
V003451,2024-10-28,P009,C005,9,1960,17640,0,300,2024-11-22
V003452,2024-10-28,P006,C023,8,6145,49160,440,324,2024-11-22
V003453,2024-10-28,P020,C006,31,14665,454615,0,1839,2024-11-09
V003454,2024-10-28,P007,C029,22,783,17226,374,795,2024-11-24
V003455,2024-10-29,P013,C015,29,3191,92539,261,1040,2024-11-26
V003456,2024-10-29,P014,C037,15,1115,16725,0,842,2024-11-07
V003457,2024-10-29,P010,C079,14,460,6440,0,827,2024-11-05
V003458,2024-10-29,P014,C055,13,1166,15158,0,681,2024-11-05
V003459,2024-10-29,P012,C032,17,1416,24072,578,515,2024-11-25
V003460,2024-10-29,P008,C036,30,640,19200,300,1191,2024-11-14
V003461,2024-10-29,P016,C030,7,1410,9870,0,385,2024-11-05
V003462,2024-10-29,P013,C052,16,3251,52016,0,596,2024-11-11
V003463,2024-10-29,P013,C021,16,3175,50800,400,668,2024-11-25
V003464,2024-10-29,P014,C054,14,1108,15512,0,472,2024-11-22
V003465,2024-10-29,P008,C052,72,675,48600,0,4732,2024-11-11
V003466,2024-10-29,P009,C051,18,1905,34290,0,957,2024-11-17
V003467,2024-10-29,P019,C053,6,3013,18078,0,179,2024-11-13
V003468,2024-10-29,P011,C032,12,525,6300,0,412,2024-11-25
V003469,2024-10-29,P013,C064,8,3269,26152,0,448,2024-11-17
V003470,2024-10-29,P014,C026,36,1105,39780,0,1959,2024-11-07
V003471,2024-10-29,P010,C053,22,429,9438,462,1159,2024-11-13
V003472,2024-10-29,P001,C053,33,15059,496947,14553,1406,2024-11-13
V003473,2024-10-29,P016,C076,30,1351,40530,0,743,2024-11-11
V003474,2024-10-29,P003,C054,29,2544,73776,0,1747,2024-11-22
V003475,2024-10-30,P007,C060,10,781,7810,190,451,2024-11-12
V003476,2024-10-30,P005,C049,77,924,71148,0,3206,2024-11-19
V003477,2024-10-30,P020,C055,41,14446,592286,2214,2177,2024-11-06
V003478,2024-10-30,P005,C016,48,918,44064,0,3090,2024-11-29
V003479,2024-10-30,P015,C051,7,1010,7070,0,196,2024-11-18
V003480,2024-10-30,P006,C050,34,6201,210834,0,1254,2024-11-07
V003481,2024-10-30,P007,C077,53,828,43884,0,2430,2024-11-14
V003482,2024-10-30,P019,C034,20,2898,57960,2040,895,2024-11-22
V003483,2024-10-30,P014,C050,35,1134,39690,0,1803,2024-11-07
V003484,2024-10-30,P001,C053,31,15575,482825,0,1653,2024-11-14
V003485,2024-10-30,P004,C005,9,10811,97299,0,571,2024-11-24
V003486,2024-10-30,P019,C004,9,2997,26973,27,377,2024-11-28
V003487,2024-10-30,P003,C025,13,2387,31031,169,761,2024-11-10
V003488,2024-10-30,P014,C062,25,1081,27025,475,784,2024-11-22
V003489,2024-10-30,P004,C037,6,10584,63504,0,216,2024-11-08
V003490,2024-10-30,P002,C010,44,13238,582472,0,2182,2024-11-15
V003491,2024-10-30,P009,C070,9,1986,17874,0,383,2024-11-09
V003492,2024-10-30,P019,C011,8,3151,25208,0,233,2024-11-24
V003493,2024-10-30,P004,C052,27,10424,281448,2052,1152,2024-11-12
V003494,2024-10-30,P010,C019,10,449,4490,10,343,2024-11-14
V003495,2024-10-31,P009,C020,11,1871,20581,319,335,2024-11-29
V003496,2024-10-31,P004,C063,17,10539,179163,0,674,2024-11-12
V003497,2024-10-31,P003,C064,28,2320,64960,2240,562,2024-11-19
V003498,2024-10-31,P001,C018,13,15717,204321,0,516,2024-11-08
V003499,2024-10-31,P017,C072,29,2488,72152,0,1406,2024-11-12
V003500,2024-10-31,P018,C059,35,2976,104160,0,1941,2024-11-24
V003501,2024-10-31,P003,C078,11,2325,25575,825,392,2024-11-08
V003502,2024-10-31,P013,C038,32,3328,106496,0,1653,2024-11-24
V003503,2024-10-31,P003,C005,50,2369,118450,1550,2058,2024-11-25
V003504,2024-10-31,P013,C016,7,3267,22869,0,362,2024-11-30
V003505,2024-10-31,P002,C010,25,12988,324700,5300,1356,2024-11-16
V003506,2024-10-31,P014,C077,26,1028,26728,1872,2123,2024-11-15
V003507,2024-10-31,P006,C064,8,6512,52096,0,420,2024-11-19
V003508,2024-10-31,P019,C070,26,2769,71994,6006,1081,2024-11-10
V003509,2024-10-31,P012,C055,16,1338,21408,1792,520,2024-11-07
V003510,2024-10-31,P008,C008,14,697,9758,0,490,2024-11-18
V003511,2024-10-31,P007,C047,14,841,11774,0,415,2024-11-30
V003512,2024-10-31,P006,C058,23,6323,145429,0,1268,2024-11-21
V003513,2024-10-31,P012,C052,16,1491,23856,0,565,2024-11-13
V003514,2024-10-31,P002,C011,13,14091,183183,0,510,2024-11-25
V003515,2024-10-31,P009,C006,38,1905,72390,0,1501,2024-11-12
V003516,2024-11-01,P001,C053,15,14741,221115,11385,201,2024-11-16
V003517,2024-11-01,P004,C063,12,10280,123360,2640,555,2024-11-13
V003518,2024-11-01,P017,C015,24,2480,59520,0,1207,2024-11-29
V003519,2024-11-01,P006,C072,13,6279,81627,0,670,2024-11-13
V003520,2024-11-02,P019,C077,22,3024,66528,0,810,2024-11-17
V003521,2024-11-02,P004,C015,42,11207,470694,0,2073,2024-11-30
V003522,2024-11-02,P011,C025,8,491,3928,72,379,2024-11-13
V003523,2024-11-02,P017,C076,35,2548,89180,0,2014,2024-11-15
V003524,2024-11-02,P012,C063,21,1454,30534,0,638,2024-11-14
V003525,2024-11-02,P001,C017,10,16370,163700,0,236,2024-11-29
V003526,2024-11-02,P008,C039,9,652,5868,0,215,2024-11-26
V003527,2024-11-02,P017,C013,38,2364,89832,3268,1799,2024-11-21
V003528,2024-11-02,P015,C037,40,960,38400,800,1707,2024-11-11
V003529,2024-11-02,P017,C072,37,2342,86654,3996,2156,2024-11-14
V003530,2024-11-02,P016,C072,25,1274,31850,1900,940,2024-11-14
V003531,2024-11-03,P005,C013,8,892,7136,64,209,2024-11-22
V003532,2024-11-03,P009,C031,36,1848,66528,1872,1447,2024-11-26
V003533,2024-11-03,P011,C071,14,483,6762,238,637,2024-11-21
V003534,2024-11-03,P019,C040,28,3003,84084,0,1252,2024-11-16
V003535,2024-11-03,P014,C078,9,1080,9720,180,324,2024-11-11
V003536,2024-11-03,P018,C055,9,2828,25452,648,425,2024-11-10
V003537,2024-11-03,P009,C048,18,1870,33660,540,881,2024-11-25
V003538,2024-11-03,P014,C012,45,1070,48150,1350,1857,2024-11-19
V003539,2024-11-03,P018,C008,12,2982,35784,0,555,2024-11-21
V003540,2024-11-03,P016,C052,23,1314,30222,828,854,2024-11-16
V003541,2024-11-03,P009,C039,15,1927,28905,0,587,2024-11-27
V003542,2024-11-03,P001,C069,14,15456,216384,616,269,2024-11-12
V003543,2024-11-04,P007,C039,21,795,16695,105,1219,2024-11-28
V003544,2024-11-04,P005,C040,10,901,9010,0,694,2024-11-17
V003545,2024-11-04,P020,C014,15,13552,203280,14220,765,2024-11-22
V003546,2024-11-04,P019,C004,9,2905,26145,855,364,2024-12-03
V003547,2024-11-04,P006,C036,10,6225,62250,0,653,2024-11-20
V003548,2024-11-04,P008,C019,24,633,15192,408,921,2024-11-19
V003549,2024-11-04,P008,C011,13,660,8580,0,408,2024-11-29
V003550,2024-11-04,P008,C006,9,669,6021,0,609,2024-11-16
V003551,2024-11-04,P020,C077,14,13729,192206,10794,444,2024-11-19
V003552,2024-11-05,P010,C012,16,454,7264,0,306,2024-11-21
V003553,2024-11-05,P012,C031,54,1424,76896,1404,2729,2024-11-28
V003554,2024-11-05,P001,C051,14,15414,215796,1204,664,2024-11-24
V003555,2024-11-05,P007,C016,50,776,38800,1200,2250,2024-12-05
V003556,2024-11-06,P001,C024,10,14648,146480,8520,417,2024-11-29
V003557,2024-11-06,P019,C031,24,2911,69864,2136,853,2024-11-29
V003558,2024-11-06,P016,C011,24,1312,31488,912,951,2024-12-01
V003559,2024-11-06,P004,C049,12,10418,125016,984,705,2024-11-26
V003560,2024-11-06,P017,C048,13,2544,33072,0,588,2024-11-28
V003561,2024-11-06,P020,C019,13,14651,190463,0,338,2024-11-21
V003562,2024-11-06,P007,C018,26,770,20020,780,1460,2024-11-14
V003563,2024-11-06,P015,C069,30,954,28620,780,1621,2024-11-15
V003564,2024-11-06,P010,C032,15,460,6900,0,777,2024-12-03
V003565,2024-11-06,P012,C026,38,1466,55708,0,1824,2024-11-15
V003566,2024-11-06,P015,C064,17,969,16473,187,796,2024-11-25
V003567,2024-11-06,P006,C061,39,6246,243594,0,1799,2024-12-06
V003568,2024-11-06,P019,C021,28,2929,82012,1988,953,2024-12-03
V003569,2024-11-06,P002,C053,48,13010,624480,9120,1923,2024-11-21
V003570,2024-11-06,P008,C009,27,626,16902,648,867,2024-11-30
V003571,2024-11-07,P001,C050,26,15060,391560,11440,1294,2024-11-15
V003572,2024-11-07,P005,C020,10,859,8590,410,411,2024-12-06
V003573,2024-11-07,P003,C018,13,2378,30914,286,364,2024-11-15
V003574,2024-11-07,P012,C054,10,1535,15350,0,566,2024-12-01
V003575,2024-11-07,P020,C040,38,14922,567036,0,1022,2024-11-20
V003576,2024-11-07,P008,C073,38,635,24130,570,834,2024-12-04
V003577,2024-11-07,P003,C027,9,2304,20736,864,316,2024-11-22
V003578,2024-11-07,P013,C049,23,2913,66999,6601,1130,2024-11-27
V003579,2024-11-07,P009,C014,19,1925,36575,0,602,2024-11-25
V003580,2024-11-07,P011,C073,51,517,26367,0,2410,2024-12-04
V003581,2024-11-07,P012,C021,29,1472,42688,0,1651,2024-12-04
V003582,2024-11-07,P008,C048,12,665,7980,0,504,2024-11-29
V003583,2024-11-07,P008,C063,44,609,26796,1804,2744,2024-11-19
V003584,2024-11-07,P013,C079,18,3068,55224,2376,763,2024-11-14
V003585,2024-11-07,P019,C055,11,3028,33308,0,392,2024-11-14
V003586,2024-11-07,P012,C016,8,1454,11632,0,368,2024-12-07
V003587,2024-11-07,P014,C075,7,1078,7546,154,407,2024-11-17
V003588,2024-11-07,P011,C015,5,520,2600,0,149,2024-12-05
V003589,2024-11-08,P014,C064,49,1062,52038,1862,1694,2024-11-27
V003590,2024-11-08,P007,C033,26,810,21060,0,1296,2024-11-19
V003591,2024-11-08,P004,C039,14,10476,146664,336,641,2024-12-02
V003592,2024-11-08,P005,C026,12,841,10092,708,452,2024-11-17
V003593,2024-11-08,P001,C037,31,15876,492156,0,1144,2024-11-17
V003594,2024-11-08,P017,C038,25,2511,62775,0,1158,2024-12-02
V003595,2024-11-08,P020,C068,11,13586,149446,10054,409,2024-12-05
V003596,2024-11-08,P005,C032,7,935,6545,0,227,2024-12-05
V003597,2024-11-08,P019,C035,9,2916,26244,756,472,2024-11-18
V003598,2024-11-08,P015,C002,16,984,15744,0,824,2024-12-02
V003599,2024-11-08,P017,C055,13,2627,34151,0,562,2024-11-15
V003600,2024-11-08,P005,C004,20,896,17920,80,1136,2024-12-07
V003601,2024-11-08,P009,C070,27,1975,53325,0,1089,2024-11-18
V003602,2024-11-08,P018,C078,13,2659,34567,3133,401,2024-11-16
V003603,2024-11-08,P013,C002,59,3195,188505,295,4236,2024-12-02
V003604,2024-11-08,P014,C077,7,1072,7504,196,379,2024-11-23
V003605,2024-11-08,P019,C007,11,2993,32923,77,621,2024-11-25
V003606,2024-11-08,P003,C073,43,2500,107500,0,722,2024-12-05
V003607,2024-11-09,P003,C014,37,2460,91020,0,1925,2024-11-27
V003608,2024-11-09,P017,C008,21,2583,54243,0,822,2024-11-27
V003609,2024-11-10,P002,C037,14,13127,183778,1022,761,2024-11-19
V003610,2024-11-10,P003,C045,7,2331,16317,483,423,2024-11-19
V003611,2024-11-10,P011,C025,21,496,10416,84,1304,2024-11-21
V003612,2024-11-10,P016,C040,18,1363,24534,0,830,2024-11-23
V003613,2024-11-10,P001,C014,53,15318,811854,9646,2856,2024-11-28
V003614,2024-11-10,P004,C063,40,10488,419520,480,2009,2024-11-22
V003615,2024-11-10,P020,C005,9,14701,132309,0,379,2024-12-05
V003616,2024-11-10,P020,C068,36,14724,530064,0,2264,2024-12-07
V003617,2024-11-10,P014,C012,8,1017,8136,664,533,2024-11-26
V003618,2024-11-10,P017,C055,7,2291,16037,1113,345,2024-11-17
V003619,2024-11-10,P015,C046,27,987,26649,0,1421,2024-11-24
V003620,2024-11-11,P003,C061,36,2457,88452,0,1581,2024-12-11
V003621,2024-11-11,P007,C033,14,775,10850,350,538,2024-11-22
V003622,2024-11-11,P015,C020,21,1077,22617,0,723,2024-12-10
V003623,2024-11-11,P019,C076,37,2979,110223,777,2096,2024-11-24
V003624,2024-11-11,P005,C013,17,860,14620,680,795,2024-11-30
V003625,2024-11-11,P003,C043,21,2306,48426,1974,1089,2024-11-20
V003626,2024-11-11,P020,C027,13,14158,184054,4446,575,2024-11-26
V003627,2024-11-11,P015,C023,19,928,17632,988,626,2024-12-06
V003628,2024-11-11,P008,C033,11,663,7293,0,302,2024-11-22
V003629,2024-11-11,P006,C041,8,6414,51312,0,325,2024-12-10
V003630,2024-11-11,P008,C001,37,668,24716,0,2583,2024-11-25
V003631,2024-11-11,P018,C073,15,2749,41235,2265,577,2024-12-08
V003632,2024-11-11,P006,C062,37,6665,246605,0,1140,2024-12-04
V003633,2024-11-11,P004,C016,46,10623,488658,0,2293,2024-12-11
V003634,2024-11-11,P016,C065,36,1353,48708,0,1469,2024-12-07
V003635,2024-11-11,P015,C011,11,974,10714,66,584,2024-12-06
V003636,2024-11-11,P002,C045,33,13496,445368,0,960,2024-11-20
V003637,2024-11-12,P004,C080,32,9640,308480,27520,1499,2024-11-24
V003638,2024-11-12,P020,C056,15,14564,218460,0,492,2024-11-24
V003639,2024-11-12,P002,C078,29,12223,354467,28333,1267,2024-11-20
V003640,2024-11-12,P010,C035,16,456,7296,0,580,2024-11-22
V003641,2024-11-12,P005,C049,27,908,24516,0,770,2024-12-02
V003642,2024-11-12,P006,C017,49,6210,304290,0,1766,2024-12-09
V003643,2024-11-12,P020,C002,18,14337,258066,2934,1125,2024-12-06
V003644,2024-11-12,P014,C007,31,1112,34472,0,915,2024-11-29
V003645,2024-11-12,P003,C043,8,2423,19384,0,312,2024-11-21
V003646,2024-11-12,P001,C004,20,15090,301800,8200,1154,2024-12-11
V003647,2024-11-12,P007,C034,44,776,34144,1056,1806,2024-12-05
V003648,2024-11-12,P011,C037,20,477,9540,460,1296,2024-11-21
V003649,2024-11-12,P020,C024,7,13567,94969,6531,321,2024-12-05
V003650,2024-11-12,P009,C050,20,1813,36260,1740,550,2024-11-20
V003651,2024-11-12,P008,C020,65,632,41080,1170,3332,2024-12-11
V003652,2024-11-12,P017,C019,12,2434,29208,192,841,2024-11-27
V003653,2024-11-12,P006,C064,26,6256,162656,0,1190,2024-12-01
V003654,2024-11-12,P005,C003,23,940,21620,0,1246,2024-11-25
V003655,2024-11-12,P013,C003,12,3105,37260,1140,492,2024-11-25
V003656,2024-11-13,P005,C064,40,870,34800,1200,1167,2024-12-02
V003657,2024-11-13,P007,C031,14,789,11046,154,533,2024-12-06
V003658,2024-11-13,P020,C026,29,15259,442511,0,1504,2024-11-22
V003659,2024-11-13,P019,C007,21,3013,63273,0,1263,2024-11-30
V003660,2024-11-13,P017,C015,75,2391,179325,4425,4936,2024-12-11
V003661,2024-11-13,P002,C023,109,13287,1448283,0,6917,2024-12-08
V003662,2024-11-13,P009,C009,4,1866,7464,136,162,2024-12-07
V003663,2024-11-13,P002,C080,26,12516,325416,17784,1390,2024-11-25
V003664,2024-11-13,P015,C054,17,962,16354,306,827,2024-12-07
V003665,2024-11-13,P001,C066,28,16309,456652,0,1213,2024-12-08
V003666,2024-11-14,P017,C009,30,2322,69660,3840,1492,2024-12-08
V003667,2024-11-14,P009,C059,36,2033,73188,0,1585,2024-12-08
V003668,2024-11-14,P003,C005,25,2427,60675,0,1438,2024-12-09
V003669,2024-11-14,P017,C038,22,2404,52888,1012,1356,2024-12-08
V003670,2024-11-14,P020,C030,19,14980,284620,0,606,2024-11-21
V003671,2024-11-14,P004,C052,36,10439,375804,2196,1437,2024-11-27
V003672,2024-11-14,P016,C062,6,1318,7908,192,195,2024-12-07
V003673,2024-11-14,P007,C053,46,759,34914,1886,1937,2024-11-29
V003674,2024-11-14,P012,C004,5,1514,7570,0,153,2024-12-13
V003675,2024-11-14,P006,C059,10,5961,59610,2390,507,2024-12-08
V003676,2024-11-14,P017,C002,25,2368,59200,2050,1223,2024-12-08
V003677,2024-11-14,P013,C042,8,3093,24744,856,248,2024-12-05
V003678,2024-11-14,P018,C078,32,2713,86816,5984,1367,2024-11-22
V003679,2024-11-14,P011,C044,26,509,13234,0,1395,2024-11-28
V003680,2024-11-14,P020,C064,17,15091,256547,0,383,2024-12-03
V003681,2024-11-14,P012,C069,10,1459,14590,0,345,2024-11-23
V003682,2024-11-14,P018,C075,48,2990,143520,0,1991,2024-11-24
V003683,2024-11-15,P012,C012,21,1392,29232,1218,557,2024-12-01
V003684,2024-11-15,P010,C068,18,434,7812,288,507,2024-12-12
V003685,2024-11-15,P001,C078,12,14632,175584,10416,453,2024-11-23
V003686,2024-11-15,P015,C072,41,911,37351,2829,664,2024-11-27
V003687,2024-11-15,P008,C003,42,660,27720,0,1916,2024-11-28
V003688,2024-11-15,P005,C044,23,840,19320,1380,1011,2024-11-29
V003689,2024-11-15,P002,C064,11,13659,150249,0,469,2024-12-04
V003690,2024-11-15,P020,C045,12,14547,174564,0,632,2024-11-24
V003691,2024-11-15,P020,C027,53,14806,784718,0,2423,2024-11-30
V003692,2024-11-15,P002,C002,37,13568,502016,0,2658,2024-12-09
V003693,2024-11-15,P009,C023,73,1854,135342,3358,3599,2024-12-10
V003694,2024-11-15,P019,C058,15,3039,45585,0,429,2024-12-06
V003695,2024-11-15,P001,C042,19,16151,306869,0,1034,2024-12-06
V003696,2024-11-15,P009,C040,13,1783,23179,1521,392,2024-11-28
V003697,2024-11-15,P016,C033,8,1418,11344,0,263,2024-11-26
V003698,2024-11-15,P012,C039,12,1448,17376,24,771,2024-12-09
V003699,2024-11-16,P013,C055,27,3321,89667,0,1044,2024-11-23
V003700,2024-11-16,P009,C065,12,1897,22764,36,436,2024-12-12
V003701,2024-11-16,P012,C071,43,1451,62393,0,2061,2024-12-04
V003702,2024-11-16,P015,C061,15,1046,15690,0,498,2024-12-16
V003703,2024-11-16,P010,C032,11,429,4719,231,423,2024-12-13
V003704,2024-11-16,P009,C039,16,1857,29712,688,923,2024-12-10
V003705,2024-11-17,P001,C040,16,15638,250208,0,718,2024-11-30
V003706,2024-11-17,P006,C069,12,6197,74364,36,522,2024-11-26
V003707,2024-11-17,P015,C026,66,932,61512,3168,2469,2024-11-26
V003708,2024-11-17,P015,C030,49,1038,50862,0,3429,2024-11-24
V003709,2024-11-17,P011,C035,138,477,65826,3174,2417,2024-11-27
V003710,2024-11-17,P001,C031,21,15068,316428,9072,1053,2024-12-10
V003711,2024-11-17,P012,C015,12,1423,17076,324,350,2024-12-15
V003712,2024-11-18,P011,C003,11,501,5511,0,543,2024-12-01
V003713,2024-11-18,P015,C077,8,968,7744,96,298,2024-12-03
V003714,2024-11-18,P008,C063,44,646,28424,176,2167,2024-11-30
V003715,2024-11-18,P004,C015,6,10238,61428,1572,243,2024-12-16
V003716,2024-11-18,P006,C052,5,6250,31250,0,194,2024-12-01
V003717,2024-11-18,P014,C049,11,1055,11605,495,472,2024-12-08
V003718,2024-11-18,P017,C025,24,2404,57696,1104,1295,2024-11-29
V003719,2024-11-18,P003,C034,26,2385,62010,390,1278,2024-12-11
V003720,2024-11-18,P003,C075,14,2221,31094,2506,683,2024-11-28
V003721,2024-11-18,P010,C045,34,440,14960,340,959,2024-11-27
V003722,2024-11-18,P002,C054,12,13470,161640,0,417,2024-12-12
V003723,2024-11-18,P007,C032,18,815,14670,0,808,2024-12-15
V003724,2024-11-18,P003,C041,36,2281,82116,4284,1941,2024-12-17
V003725,2024-11-19,P014,C033,33,1059,34947,1353,1703,2024-11-30
V003726,2024-11-19,P017,C016,21,2403,50463,987,998,2024-12-19
V003727,2024-11-19,P019,C080,46,2864,131744,6256,2817,2024-12-01
V003728,2024-11-19,P014,C031,64,1139,72896,0,2625,2024-12-12
V003729,2024-11-19,P016,C008,16,1319,21104,496,953,2024-12-07
V003730,2024-11-19,P019,C070,17,3085,52445,0,298,2024-11-29
V003731,2024-11-19,P007,C036,21,823,17283,0,888,2024-12-05
V003732,2024-11-19,P012,C012,33,1496,49368,0,1619,2024-12-05
V003733,2024-11-19,P008,C052,15,638,9570,180,469,2024-12-02
V003734,2024-11-20,P004,C032,11,10543,115973,0,353,2024-12-17
V003735,2024-11-20,P015,C024,22,926,20372,1188,775,2024-12-13
V003736,2024-11-20,P001,C037,24,16411,393864,0,1366,2024-11-29
V003737,2024-11-20,P007,C039,3,807,2421,0,140,2024-12-14
V003738,2024-11-20,P006,C075,19,6081,115539,2261,699,2024-11-30
V003739,2024-11-20,P014,C019,25,1080,27000,500,827,2024-12-05
V003740,2024-11-20,P005,C050,13,925,12025,0,691,2024-11-28
V003741,2024-11-20,P020,C011,55,13562,745910,51590,2558,2024-12-15
V003742,2024-11-20,P005,C021,7,846,5922,378,424,2024-12-17
V003743,2024-11-20,P011,C057,11,502,5522,0,431,2024-11-28
V003744,2024-11-20,P001,C046,8,15477,123816,184,361,2024-12-04
V003745,2024-11-21,P012,C077,107,1538,164566,0,6063,2024-12-06
V003746,2024-11-21,P002,C033,15,13304,199560,0,570,2024-12-02
V003747,2024-11-21,P005,C049,35,863,30205,1295,1377,2024-12-11
V003748,2024-11-21,P002,C028,29,13111,380219,2581,1402,2024-12-21
V003749,2024-11-21,P020,C041,20,14202,284040,5960,1007,2024-12-20
V003750,2024-11-21,P002,C035,31,12996,402876,6324,1017,2024-12-01
V003751,2024-11-21,P012,C039,27,1444,38988,162,978,2024-12-15
V003752,2024-11-21,P014,C070,20,1155,23100,0,609,2024-12-01
V003753,2024-11-21,P005,C058,27,901,24327,0,1529,2024-12-12
V003754,2024-11-21,P004,C070,15,10871,163065,0,804,2024-12-01
V003755,2024-11-21,P018,C022,16,3026,48416,0,768,2024-12-15
V003756,2024-11-21,P007,C010,73,756,55188,3212,3083,2024-12-07
V003757,2024-11-21,P014,C029,18,1044,18792,1008,734,2024-12-18
V003758,2024-11-22,P016,C032,39,1295,50505,2145,1874,2024-12-19
V003759,2024-11-22,P010,C063,18,464,8352,0,864,2024-12-04
V003760,2024-11-22,P003,C033,25,2490,62250,0,1231,2024-12-03
V003761,2024-11-22,P001,C059,11,14480,159280,11220,396,2024-12-16
V003762,2024-11-22,P001,C069,34,15755,535670,0,1939,2024-12-01
V003763,2024-11-22,P017,C048,71,2340,166140,7810,2136,2024-12-14
V003764,2024-11-23,P012,C034,46,1312,60352,6348,2201,2024-12-16
V003765,2024-11-23,P012,C044,17,1471,25007,0,963,2024-12-07
V003766,2024-11-23,P003,C031,15,2448,36720,0,420,2024-12-16
V003767,2024-11-23,P017,C065,17,2349,39933,1717,887,2024-12-19
V003768,2024-11-23,P013,C014,10,3321,33210,0,211,2024-12-11
V003769,2024-11-23,P015,C070,16,1015,16240,0,860,2024-12-03
V003770,2024-11-24,P016,C037,27,1308,35316,1134,788,2024-12-03
V003771,2024-11-24,P010,C049,41,458,18778,0,848,2024-12-14
V003772,2024-11-24,P006,C064,14,6734,94276,0,632,2024-12-13
V003773,2024-11-24,P004,C010,35,10754,376390,0,1777,2024-12-10
V003774,2024-11-24,P004,C048,9,10781,97029,0,476,2024-12-16
V003775,2024-11-24,P018,C054,13,2773,36049,1651,537,2024-12-18
V003776,2024-11-24,P019,C066,9,3014,27126,0,328,2024-12-19
V003777,2024-11-24,P001,C036,21,14882,312522,12978,727,2024-12-10
V003778,2024-11-24,P013,C030,25,3029,75725,4275,1802,2024-12-01
V003779,2024-11-24,P005,C077,5,889,4445,55,227,2024-12-09
V003780,2024-11-25,P020,C029,15,14456,216840,660,849,2024-12-22
V003781,2024-11-25,P005,C075,7,918,6426,0,403,2024-12-05
V003782,2024-11-25,P009,C062,11,1928,21208,0,529,2024-12-18
V003783,2024-11-25,P019,C052,61,2843,173423,9577,2880,2024-12-08
V003784,2024-11-25,P017,C079,95,2385,226575,6175,4163,2024-12-02
V003785,2024-11-25,P019,C062,57,2865,163305,7695,2858,2024-12-18
V003786,2024-11-25,P011,C021,19,483,9177,323,788,2024-12-22
V003787,2024-11-25,P011,C054,10,480,4800,200,402,2024-12-19
V003788,2024-11-25,P004,C002,17,10123,172091,6409,537,2024-12-19
V003789,2024-11-25,P011,C053,11,510,5610,0,623,2024-12-10
V003790,2024-11-25,P012,C046,18,1485,26730,0,644,2024-12-09
V003791,2024-11-25,P014,C077,13,1051,13663,637,600,2024-12-10
V003792,2024-11-25,P003,C012,42,2273,95466,5334,1767,2024-12-11
V003793,2024-11-25,P019,C075,38,2983,113354,646,1498,2024-12-05
V003794,2024-11-26,P001,C064,8,15410,123280,720,315,2024-12-15
V003795,2024-11-26,P008,C025,18,655,11790,0,736,2024-12-07
V003796,2024-11-26,P020,C068,12,14504,174048,0,496,2024-12-23
V003797,2024-11-26,P020,C008,8,13821,110568,5432,265,2024-12-14
V003798,2024-11-26,P012,C067,37,1421,52577,1073,2054,2024-12-25
V003799,2024-11-26,P008,C077,56,656,36736,0,2181,2024-12-11
V003800,2024-11-26,P009,C028,23,1998,45954,0,781,2024-12-26
V003801,2024-11-26,P011,C014,18,514,9252,0,520,2024-12-14
V003802,2024-11-26,P006,C042,34,5913,201042,9758,960,2024-12-17
V003803,2024-11-26,P009,C064,26,1946,50596,0,1697,2024-12-15
V003804,2024-11-27,P018,C051,9,2871,25839,261,443,2024-12-16
V003805,2024-11-27,P007,C072,13,792,10296,104,686,2024-12-09
V003806,2024-11-27,P002,C078,46,11829,544134,63066,1950,2024-12-05
V003807,2024-11-27,P020,C006,26,14246,370396,6604,919,2024-12-09
V003808,2024-11-27,P019,C069,18,3023,54414,0,782,2024-12-06
V003809,2024-11-27,P020,C078,79,13110,1035690,109810,3883,2024-12-05
V003810,2024-11-27,P007,C043,40,824,32960,0,2068,2024-12-06
V003811,2024-11-28,P003,C027,8,2432,19456,0,455,2024-12-13
V003812,2024-11-28,P001,C062,25,15031,375775,11725,733,2024-12-21
V003813,2024-11-28,P001,C024,10,14216,142160,12840,294,2024-12-21
V003814,2024-11-28,P009,C013,31,1928,59768,0,820,2024-12-17
V003815,2024-11-28,P002,C053,25,13149,328725,1275,807,2024-12-13
V003816,2024-11-28,P010,C002,7,442,3094,56,257,2024-12-22
V003817,2024-11-29,P006,C038,38,6276,238488,0,1499,2024-12-23
V003818,2024-11-29,P001,C021,26,15769,409994,0,915,2024-12-26
V003819,2024-11-29,P020,C040,18,14675,264150,0,752,2024-12-12
V003820,2024-11-29,P017,C055,17,2365,40205,1445,591,2024-12-06
V003821,2024-11-29,P004,C040,19,9942,188898,10602,768,2024-12-12
V003822,2024-11-29,P007,C060,9,785,7065,135,336,2024-12-12
V003823,2024-11-29,P011,C012,34,467,15878,1122,1489,2024-12-15
V003824,2024-11-29,P013,C010,57,3345,190665,0,2986,2024-12-15
V003825,2024-11-29,P011,C050,15,500,7500,0,433,2024-12-07
V003826,2024-11-29,P006,C005,24,5861,140664,8136,1136,2024-12-24
V003827,2024-11-29,P014,C075,32,1075,34400,800,1321,2024-12-09
V003828,2024-11-29,P018,C050,10,2972,29720,0,305,2024-12-07
V003829,2024-11-30,P007,C078,66,772,50952,1848,1635,2024-12-08
V003830,2024-11-30,P010,C017,10,451,4510,0,456,2024-12-27
V003831,2024-11-30,P014,C023,20,1078,21560,440,986,2024-12-25
V003832,2024-11-30,P010,C067,21,451,9471,0,1117,2024-12-29
V003833,2024-11-30,P012,C014,5,1450,7250,0,242,2024-12-18
V003834,2024-11-30,P014,C047,30,1100,33000,0,1813,2024-12-30
V003835,2024-11-30,P013,C080,61,2976,181536,13664,3411,2024-12-12
V003836,2024-11-30,P007,C044,32,802,25664,0,949,2024-12-14
V003837,2024-11-30,P017,C080,12,2464,29568,0,374,2024-12-12
V003838,2024-11-30,P014,C037,15,1163,17445,0,878,2024-12-09
V003839,2024-12-01,P011,C006,14,489,6846,154,596,2024-12-13
V003840,2024-12-01,P002,C076,33,13561,447513,0,1842,2024-12-14
V003841,2024-12-01,P015,C028,39,953,37167,1053,2018,2024-12-31
V003842,2024-12-01,P014,C056,17,1063,18071,629,657,2024-12-13
V003843,2024-12-01,P014,C014,14,1051,14714,686,364,2024-12-19
V003844,2024-12-01,P014,C075,87,1187,103269,0,5220,2024-12-11
V003845,2024-12-01,P007,C068,9,814,7326,0,306,2024-12-28
V003846,2024-12-01,P011,C001,24,497,11928,72,781,2024-12-15
V003847,2024-12-02,P004,C050,19,9956,189164,10336,714,2024-12-10
V003848,2024-12-02,P006,C027,14,6491,90874,0,580,2024-12-17
V003849,2024-12-02,P014,C074,20,1187,23740,0,819,2024-12-30
V003850,2024-12-02,P011,C003,42,477,20034,966,2320,2024-12-15
V003851,2024-12-03,P016,C044,15,1326,19890,360,299,2024-12-17
V003852,2024-12-03,P006,C072,17,6116,103972,1428,505,2024-12-15
V003853,2024-12-03,P011,C058,35,526,18410,0,1497,2024-12-24
V003854,2024-12-03,P008,C069,10,612,6120,380,462,2024-12-12
V003855,2024-12-03,P013,C039,21,3070,64470,2730,636,2024-12-27
V003856,2024-12-03,P008,C067,29,651,18879,0,950,2025-01-01
V003857,2024-12-03,P018,C007,25,2829,70725,1775,1109,2024-12-20
V003858,2024-12-03,P003,C003,8,2346,18768,432,420,2024-12-16
V003859,2024-12-03,P020,C027,30,13654,409620,25380,1258,2024-12-18
V003860,2024-12-03,P002,C028,16,13488,215808,0,760,2025-01-02
V003861,2024-12-03,P014,C028,8,1112,8896,0,485,2025-01-02
V003862,2024-12-04,P017,C077,11,2451,26961,0,557,2024-12-19
V003863,2024-12-04,P003,C020,11,2385,26235,165,444,2025-01-02
V003864,2024-12-04,P002,C058,37,13543,501091,0,1298,2024-12-25
V003865,2024-12-04,P014,C023,119,1030,122570,8330,7566,2024-12-29
V003866,2024-12-04,P015,C069,16,923,14768,912,443,2024-12-13
V003867,2024-12-04,P020,C063,32,13626,436032,27968,1457,2024-12-16
V003868,2024-12-04,P012,C079,14,1453,20342,0,767,2024-12-11
V003869,2024-12-04,P017,C043,10,2502,25020,0,636,2024-12-13
V003870,2024-12-04,P009,C004,19,1849,35131,969,789,2025-01-02
V003871,2024-12-04,P009,C020,17,1874,31858,442,972,2025-01-02
V003872,2024-12-04,P007,C039,10,781,7810,190,465,2024-12-28
V003873,2024-12-04,P007,C008,23,844,19412,0,1124,2024-12-22
V003874,2024-12-04,P019,C036,74,2931,216894,5106,3929,2024-12-20
V003875,2024-12-04,P017,C020,13,2445,31785,65,701,2025-01-02
V003876,2024-12-04,P011,C055,15,505,7575,0,784,2024-12-11
V003877,2024-12-04,P005,C053,18,872,15696,504,371,2024-12-19
V003878,2024-12-05,P002,C034,15,12380,185700,12300,644,2024-12-28
V003879,2024-12-05,P002,C032,46,13210,607660,0,1547,2025-01-01
V003880,2024-12-05,P014,C010,25,1093,27325,175,559,2024-12-21
V003881,2024-12-05,P003,C012,23,2376,54648,552,1210,2024-12-21
V003882,2024-12-06,P009,C052,17,1875,31875,425,974,2024-12-19
V003883,2024-12-06,P003,C066,31,2275,70525,3875,1356,2024-12-31
V003884,2024-12-06,P009,C060,31,1838,56978,1922,748,2024-12-19
V003885,2024-12-06,P013,C071,8,3276,26208,0,433,2024-12-24
V003886,2024-12-06,P020,C076,14,14200,198800,4200,538,2024-12-19
V003887,2024-12-06,P006,C030,6,5726,34356,2844,274,2024-12-13
V003888,2024-12-06,P001,C041,12,15534,186408,0,718,2025-01-04
V003889,2024-12-06,P006,C020,21,6133,128793,1407,1147,2025-01-04
V003890,2024-12-06,P008,C028,28,649,18172,28,1806,2025-01-05
V003891,2024-12-06,P017,C044,10,2556,25560,0,281,2024-12-20
V003892,2024-12-06,P001,C025,15,16498,247470,0,926,2024-12-17
V003893,2024-12-06,P006,C029,36,6231,224316,0,2022,2025-01-02
V003894,2024-12-06,P003,C069,32,2338,74816,1984,2157,2024-12-15
V003895,2024-12-06,P016,C062,15,1454,21810,0,598,2024-12-29
V003896,2024-12-06,P003,C065,15,2378,35670,330,1105,2025-01-01
V003897,2024-12-06,P014,C041,20,1113,22260,0,1224,2025-01-04
V003898,2024-12-06,P017,C069,16,2530,40480,0,885,2024-12-15
V003899,2024-12-06,P011,C044,6,488,2928,72,412,2024-12-20
V003900,2024-12-07,P006,C071,44,6347,279268,0,1036,2024-12-25
V003901,2024-12-07,P004,C049,16,10700,171200,0,934,2024-12-27
V003902,2024-12-07,P004,C076,10,10655,106550,0,435,2024-12-20
V003903,2024-12-08,P002,C026,12,13159,157908,492,764,2024-12-17
V003904,2024-12-08,P006,C040,24,5795,139080,9720,1206,2024-12-21
V003905,2024-12-09,P019,C014,9,3128,28152,0,598,2024-12-27
V003906,2024-12-09,P010,C012,17,478,8126,0,977,2024-12-25
V003907,2024-12-09,P012,C047,10,1484,14840,0,653,2025-01-08
V003908,2024-12-09,P010,C002,17,447,7599,51,683,2025-01-02
V003909,2024-12-09,P002,C079,14,12993,181902,2898,505,2024-12-16
V003910,2024-12-10,P014,C056,4,1063,4252,148,269,2024-12-22
V003911,2024-12-10,P004,C072,27,10329,278883,4617,1118,2024-12-22
V003912,2024-12-10,P020,C077,14,13832,193648,9352,757,2024-12-25
V003913,2024-12-10,P020,C014,47,14429,678163,3337,2045,2024-12-28
V003914,2024-12-10,P017,C017,12,2464,29568,0,470,2025-01-06
V003915,2024-12-10,P018,C019,16,3009,48144,0,928,2024-12-25
V003916,2024-12-10,P016,C046,44,1323,58212,1188,1561,2024-12-24
V003917,2024-12-10,P020,C073,11,14697,161667,0,472,2025-01-06
V003918,2024-12-10,P001,C002,16,15096,241536,6464,488,2025-01-03
V003919,2024-12-10,P012,C064,12,1439,17268,132,507,2024-12-29
V003920,2024-12-10,P007,C021,27,820,22140,0,873,2025-01-06
V003921,2024-12-10,P020,C064,28,14704,411712,0,1610,2024-12-29
V003922,2024-12-10,P004,C019,22,10099,222178,8822,1479,2024-12-25
V003923,2024-12-10,P002,C043,30,13791,413730,0,1117,2024-12-19
V003924,2024-12-10,P005,C067,11,938,10318,0,541,2025-01-08
V003925,2024-12-10,P006,C024,12,5780,69360,5040,634,2025-01-02
V003926,2024-12-10,P016,C034,15,1261,18915,1335,445,2025-01-02
V003927,2024-12-10,P011,C006,62,523,32426,0,2618,2024-12-22
V003928,2024-12-11,P014,C051,40,1181,47240,0,2027,2024-12-30
V003929,2024-12-11,P011,C046,18,480,8640,360,787,2024-12-25
V003930,2024-12-11,P017,C066,11,2374,26114,836,662,2025-01-05
V003931,2024-12-11,P020,C080,18,14609,262962,0,627,2024-12-23
V003932,2024-12-11,P001,C012,50,15938,796900,0,2278,2024-12-27
V003933,2024-12-11,P019,C036,28,3130,87640,0,881,2024-12-27
V003934,2024-12-11,P020,C002,9,14376,129384,1116,194,2025-01-04
V003935,2024-12-11,P017,C076,82,2436,199752,1148,2439,2024-12-24
V003936,2024-12-11,P019,C038,11,3002,33022,0,393,2025-01-04
V003937,2024-12-11,P019,C007,39,2875,112125,4875,1974,2024-12-28
V003938,2024-12-11,P019,C046,17,3127,53159,0,856,2024-12-25
V003939,2024-12-11,P008,C017,26,679,17654,0,1190,2025-01-07
V003940,2024-12-11,P017,C067,15,2449,36735,15,489,2025-01-09
V003941,2024-12-11,P011,C049,25,513,12825,0,943,2024-12-31
V003942,2024-12-12,P006,C021,20,6188,123760,240,897,2025-01-08
V003943,2024-12-12,P004,C068,13,10599,137787,0,747,2025-01-08
V003944,2024-12-12,P017,C066,13,2389,31057,793,941,2025-01-06
V003945,2024-12-12,P014,C063,70,1047,73290,3710,3133,2024-12-24
V003946,2024-12-12,P013,C036,12,3112,37344,1056,555,2024-12-28
V003947,2024-12-12,P009,C074,12,1886,22632,168,590,2025-01-09
V003948,2024-12-12,P012,C026,8,1511,12088,0,272,2024-12-21
V003949,2024-12-12,P011,C077,131,494,64714,786,4164,2024-12-27
V003950,2024-12-12,P018,C059,40,2868,114720,1280,2367,2025-01-05
V003951,2024-12-12,P006,C055,15,6367,95505,0,453,2024-12-19
V003952,2024-12-12,P020,C080,19,13883,263777,11723,1165,2024-12-24
V003953,2024-12-12,P012,C041,9,1422,12798,252,333,2025-01-10
V003954,2024-12-12,P004,C079,15,9729,145935,11565,862,2024-12-19
V003955,2024-12-12,P001,C007,22,15414,339108,1892,504,2024-12-29
V003956,2024-12-12,P002,C015,17,13957,237269,0,846,2025-01-09
V003957,2024-12-12,P011,C074,18,507,9126,0,965,2025-01-09
V003958,2024-12-12,P005,C068,11,899,9889,11,382,2025-01-08
V003959,2024-12-12,P020,C022,19,15181,288439,0,952,2025-01-05
V003960,2024-12-12,P009,C056,24,1982,47568,0,1283,2024-12-24
V003961,2024-12-12,P017,C005,5,2474,12370,0,273,2025-01-06
V003962,2024-12-12,P001,C010,35,15673,548555,0,2259,2024-12-28
V003963,2024-12-13,P017,C052,12,2513,30156,0,621,2024-12-26
V003964,2024-12-13,P009,C035,18,1901,34218,0,935,2024-12-23
V003965,2024-12-13,P013,C006,25,3360,84000,0,578,2024-12-25
V003966,2024-12-13,P013,C018,19,3162,60078,722,989,2024-12-21
V003967,2024-12-13,P010,C080,22,419,9218,682,603,2024-12-25
V003968,2024-12-13,P012,C053,17,1413,24021,629,430,2024-12-28
V003969,2024-12-13,P012,C006,38,1404,53352,1748,2567,2024-12-25
V003970,2024-12-13,P007,C072,19,793,15067,133,968,2024-12-25
V003971,2024-12-13,P006,C050,12,6395,76740,0,491,2024-12-21
V003972,2024-12-13,P016,C066,7,1411,9877,0,317,2025-01-07
V003973,2024-12-13,P001,C062,41,15274,626234,9266,1749,2025-01-05
V003974,2024-12-13,P017,C009,18,2552,45936,0,928,2025-01-06
V003975,2024-12-13,P009,C039,10,1912,19120,0,343,2025-01-06
V003976,2024-12-13,P004,C055,68,10772,732496,0,4298,2024-12-20
V003977,2024-12-13,P008,C067,32,634,20288,512,1309,2025-01-11
V003978,2024-12-14,P014,C045,16,1135,18160,0,588,2024-12-23
V003979,2024-12-14,P012,C042,11,1403,15433,517,328,2025-01-04
V003980,2024-12-14,P010,C029,51,432,22032,918,2425,2025-01-10
V003981,2024-12-14,P011,C053,30,501,15030,0,1370,2024-12-29
V003982,2024-12-14,P019,C035,8,3074,24592,0,338,2024-12-24
V003983,2024-12-14,P004,C045,9,9348,84132,10368,477,2024-12-23
V003984,2024-12-14,P002,C015,10,13193,131930,70,582,2025-01-11
V003985,2024-12-14,P008,C037,23,628,14444,506,599,2024-12-23
V003986,2024-12-14,P009,C069,19,1970,37430,0,765,2024-12-23
V003987,2024-12-15,P011,C052,14,494,6916,84,1064,2024-12-28
V003988,2024-12-15,P016,C040,7,1382,9674,0,258,2024-12-28
V003989,2024-12-15,P007,C080,24,781,18744,456,806,2024-12-27
V003990,2024-12-15,P012,C045,28,1419,39732,868,866,2024-12-24
V003991,2024-12-15,P012,C063,29,1334,38686,3364,1366,2024-12-27
V003992,2024-12-15,P004,C053,17,10862,184654,0,615,2024-12-30
V003993,2024-12-15,P009,C016,33,1908,62964,0,2135,2025-01-14
V003994,2024-12-15,P010,C057,9,414,3726,324,243,2024-12-23
V003995,2024-12-15,P004,C033,33,10004,330132,16368,1147,2024-12-26
V003996,2024-12-15,P008,C038,10,641,6410,90,549,2025-01-08
V003997,2024-12-16,P017,C028,20,2430,48600,400,663,2025-01-15
V003998,2024-12-16,P004,C060,17,10008,170136,8364,835,2024-12-29
V003999,2024-12-16,P001,C006,33,16020,528660,0,1571,2024-12-28
V004000,2024-12-16,P019,C035,23,2871,66033,2967,1188,2024-12-26
V004001,2024-12-16,P017,C041,15,2491,37365,0,615,2025-01-14
V004002,2024-12-17,P019,C031,44,3098,136312,0,1723,2025-01-09
V004003,2024-12-17,P013,C032,16,2776,44416,6784,1071,2025-01-13
V004004,2024-12-17,P012,C046,35,1467,51345,0,1616,2024-12-31
V004005,2024-12-17,P005,C018,21,915,19215,0,298,2024-12-25
V004006,2024-12-17,P008,C045,85,643,54655,595,3565,2024-12-26
V004007,2024-12-17,P007,C007,73,788,57524,876,4234,2025-01-03
V004008,2024-12-17,P010,C079,12,445,5340,60,449,2024-12-24
V004009,2024-12-17,P016,C073,13,1437,18681,0,331,2025-01-13
V004010,2024-12-17,P009,C067,35,1985,69475,0,1252,2025-01-15
V004011,2024-12-17,P008,C047,34,622,21148,952,2092,2025-01-16
V004012,2024-12-17,P013,C004,36,3050,109800,5400,2499,2025-01-15
V004013,2024-12-17,P014,C031,46,1075,49450,1150,1835,2025-01-09
V004014,2024-12-17,P003,C019,21,2369,49749,651,891,2025-01-01
V004015,2024-12-17,P005,C017,12,885,10620,180,434,2025-01-13
V004016,2024-12-17,P006,C049,19,5652,107388,10412,595,2025-01-06
V004017,2024-12-18,P020,C040,12,13955,167460,6540,877,2024-12-31
V004018,2024-12-18,P009,C049,6,1878,11268,132,324,2025-01-07
V004019,2024-12-18,P003,C015,22,2352,51744,1056,629,2025-01-15
V004020,2024-12-18,P011,C011,25,509,12725,0,1664,2025-01-12
V004021,2024-12-18,P018,C013,26,2985,77610,0,744,2025-01-06
V004022,2024-12-18,P017,C039,39,2587,100893,0,1197,2025-01-11
V004023,2024-12-18,P003,C034,17,2311,39287,1513,779,2025-01-10
V004024,2024-12-18,P017,C032,12,2631,31572,0,491,2025-01-14
V004025,2024-12-18,P004,C024,17,10020,170340,8160,749,2025-01-10
V004026,2024-12-18,P001,C066,18,16035,288630,0,693,2025-01-12
V004027,2024-12-18,P016,C006,15,1234,18510,1740,864,2024-12-30
V004028,2024-12-18,P008,C060,11,632,6952,198,603,2024-12-31
V004029,2024-12-18,P016,C009,24,1372,32928,0,1170,2025-01-11
V004030,2024-12-18,P010,C070,21,429,9009,441,807,2024-12-28
V004031,2024-12-19,P017,C050,31,2474,76694,0,2084,2024-12-27
V004032,2024-12-19,P006,C050,61,6247,381067,0,2204,2024-12-27
V004033,2024-12-19,P014,C060,11,1109,12199,0,513,2025-01-01
V004034,2024-12-19,P008,C078,27,650,17550,0,911,2024-12-27
V004035,2024-12-19,P019,C005,44,3007,132308,0,2257,2025-01-13
V004036,2024-12-19,P004,C077,18,9931,178758,10242,696,2025-01-03
V004037,2024-12-19,P012,C072,22,1478,32516,0,984,2024-12-31
V004038,2024-12-20,P015,C002,19,1055,20045,0,729,2025-01-13
V004039,2024-12-20,P003,C077,64,2372,151808,1792,3277,2025-01-04
V004040,2024-12-20,P001,C018,10,15414,154140,860,249,2024-12-28
V004041,2024-12-20,P018,C066,15,2844,42660,840,666,2025-01-14
V004042,2024-12-20,P020,C030,24,14655,351720,0,914,2024-12-27
V004043,2024-12-20,P020,C011,8,14561,116488,0,533,2025-01-14
V004044,2024-12-20,P003,C062,16,2372,37952,448,556,2025-01-12
V004045,2024-12-20,P001,C021,29,16271,471859,0,979,2025-01-16
V004046,2024-12-20,P005,C070,14,882,12348,252,806,2024-12-30
V004047,2024-12-20,P019,C062,21,3035,63735,0,1395,2025-01-12
V004048,2024-12-20,P020,C059,8,14629,117032,0,364,2025-01-13
V004049,2024-12-20,P014,C065,18,1086,19548,252,773,2025-01-15
V004050,2024-12-20,P009,C049,15,1911,28665,0,929,2025-01-09
V004051,2024-12-20,P018,C076,15,2841,42615,885,767,2025-01-02
V004052,2024-12-20,P018,C059,32,2753,88096,4704,1565,2025-01-13
V004053,2024-12-20,P002,C002,17,12682,215594,8806,1217,2025-01-13
V004054,2024-12-21,P015,C030,57,955,54435,1425,2652,2024-12-28
V004055,2024-12-21,P008,C029,8,613,4904,296,447,2025-01-17
V004056,2024-12-21,P015,C043,36,992,35712,0,1462,2024-12-30
V004057,2024-12-21,P001,C039,31,15955,494605,0,1012,2025-01-14
V004058,2024-12-21,P015,C028,46,1014,46644,0,2039,2025-01-20
V004059,2024-12-21,P011,C038,40,513,20520,0,1513,2025-01-14
V004060,2024-12-21,P019,C039,35,3037,106295,0,1710,2025-01-14
V004061,2024-12-21,P016,C074,19,1313,24947,703,914,2025-01-18
V004062,2024-12-21,P012,C054,16,1399,22384,816,636,2025-01-14
V004063,2024-12-21,P006,C050,26,6029,156754,4446,1159,2024-12-29
V004064,2024-12-21,P001,C027,25,15459,386475,1025,1581,2025-01-05
V004065,2024-12-22,P012,C054,7,1436,10052,98,181,2025-01-15
V004066,2024-12-22,P006,C053,7,6544,45808,0,254,2025-01-06
V004067,2024-12-22,P016,C005,55,1424,78320,0,1545,2025-01-16
V004068,2024-12-22,P015,C077,17,955,16235,425,547,2025-01-06
V004069,2024-12-22,P014,C019,15,1033,15495,1005,478,2025-01-06
V004070,2024-12-22,P015,C009,24,1035,24840,0,919,2025-01-15
V004071,2024-12-22,P012,C016,7,1485,10395,0,424,2025-01-21
V004072,2024-12-22,P002,C053,31,13529,419399,0,1241,2025-01-06
V004073,2024-12-22,P006,C030,5,6262,31310,0,303,2024-12-29
V004074,2024-12-22,P008,C033,13,694,9022,0,637,2025-01-02
V004075,2024-12-23,P019,C034,41,2987,122467,533,1855,2025-01-15
V004076,2024-12-23,P005,C025,13,857,11141,559,755,2025-01-03
V004077,2024-12-23,P020,C040,7,14538,101766,0,448,2025-01-05
V004078,2024-12-23,P002,C005,11,13397,147367,0,390,2025-01-17
V004079,2024-12-23,P018,C062,32,3103,99296,0,2049,2025-01-15
V004080,2024-12-23,P017,C002,13,2631,34203,0,507,2025-01-16
V004081,2024-12-23,P017,C001,45,2481,111645,0,1439,2025-01-06
V004082,2024-12-23,P014,C071,46,1091,50186,414,2034,2025-01-10
V004083,2024-12-23,P006,C006,9,6276,56484,0,445,2025-01-04
V004084,2024-12-23,P003,C062,32,2361,75552,1248,1785,2025-01-15
V004085,2024-12-23,P014,C027,29,1054,30566,1334,1379,2025-01-07
V004086,2024-12-23,P016,C021,53,1375,72875,0,3473,2025-01-19
V004087,2024-12-23,P003,C033,29,2471,71659,0,1874,2025-01-03
V004088,2024-12-23,P016,C074,16,1319,21104,496,782,2025-01-20
V004089,2024-12-23,P006,C070,21,6392,134232,0,951,2025-01-02
V004090,2024-12-23,P002,C023,20,13095,261900,2100,774,2025-01-17
V004091,2024-12-24,P005,C021,42,950,39900,0,1908,2025-01-20
V004092,2024-12-24,P016,C047,10,1324,13240,260,451,2025-01-23
V004093,2024-12-24,P003,C008,35,2253,78855,5145,2010,2025-01-11
V004094,2024-12-24,P011,C003,32,478,15296,704,1764,2025-01-06
V004095,2024-12-25,P009,C036,39,1756,68484,5616,1875,2025-01-10
V004096,2024-12-25,P011,C038,30,485,14550,450,1196,2025-01-18
V004097,2024-12-25,P016,C019,10,1319,13190,310,350,2025-01-09
V004098,2024-12-25,P003,C034,12,2217,26604,2196,550,2025-01-17
V004099,2024-12-25,P018,C044,20,2892,57840,160,879,2025-01-08
V004100,2024-12-25,P012,C006,35,1307,45745,5005,1602,2025-01-06
V004101,2024-12-25,P016,C017,7,1278,8946,504,274,2025-01-21
V004102,2024-12-25,P005,C031,14,845,11830,770,502,2025-01-17
V004103,2024-12-25,P009,C074,24,1840,44160,1440,1118,2025-01-22
V004104,2024-12-25,P006,C076,40,6499,259960,0,1651,2025-01-07
V004105,2024-12-25,P012,C042,23,1340,30820,2530,592,2025-01-15
V004106,2024-12-25,P015,C043,39,974,37986,234,1541,2025-01-03
V004107,2024-12-25,P010,C024,6,437,2622,78,186,2025-01-17
V004108,2024-12-25,P006,C050,7,5929,41503,1897,304,2025-01-02
V004109,2024-12-25,P003,C023,11,2547,28017,0,461,2025-01-19
V004110,2024-12-25,P016,C058,14,1253,17542,1358,673,2025-01-15
V004111,2024-12-25,P009,C039,12,1858,22296,504,444,2025-01-18
V004112,2024-12-25,P010,C080,50,448,22400,100,3648,2025-01-06
V004113,2024-12-26,P012,C061,10,1443,14430,70,418,2025-01-25
V004114,2024-12-26,P006,C079,32,6159,197088,1312,1424,2025-01-02
V004115,2024-12-26,P010,C017,11,446,4906,44,516,2025-01-22
V004116,2024-12-26,P001,C007,21,16270,341670,0,1102,2025-01-12
V004117,2024-12-26,P016,C030,19,1385,26315,0,695,2025-01-02
V004118,2024-12-26,P005,C017,13,920,11960,0,534,2025-01-22
V004119,2024-12-26,P020,C030,27,15164,409428,0,446,2025-01-02
V004120,2024-12-26,P004,C043,11,10670,117370,0,473,2025-01-04
V004121,2024-12-26,P015,C024,36,952,34272,1008,1443,2025-01-18
V004122,2024-12-26,P011,C054,29,518,15022,0,964,2025-01-19
V004123,2024-12-26,P017,C035,6,2491,14946,0,467,2025-01-05
V004124,2024-12-26,P020,C068,30,13856,415680,19320,1117,2025-01-22
V004125,2024-12-26,P011,C079,17,489,8313,187,428,2025-01-02
V004126,2024-12-26,P003,C046,10,2412,24120,0,380,2025-01-09
V004127,2024-12-26,P006,C039,16,6174,98784,416,736,2025-01-19
V004128,2024-12-26,P007,C019,22,873,19206,0,1156,2025-01-10
V004129,2024-12-27,P014,C039,38,1137,43206,0,1217,2025-01-20
V004130,2024-12-27,P010,C019,18,463,8334,0,527,2025-01-11
V004131,2024-12-27,P011,C034,24,484,11616,384,995,2025-01-19
V004132,2024-12-27,P008,C016,16,672,10752,0,956,2025-01-26
V004133,2024-12-27,P002,C056,18,13928,250704,0,414,2025-01-08
V004134,2024-12-28,P020,C026,15,13897,208455,9045,567,2025-01-06
V004135,2024-12-28,P009,C041,83,1926,159858,0,2264,2025-01-26
V004136,2024-12-28,P006,C066,17,6127,104159,1241,882,2025-01-22
V004137,2024-12-28,P017,C013,35,2507,87745,0,1452,2025-01-16
V004138,2024-12-28,P011,C032,48,503,24144,0,2511,2025-01-24
V004139,2024-12-29,P014,C040,11,1088,11968,132,640,2025-01-11
V004140,2024-12-29,P009,C003,27,1945,52515,0,1773,2025-01-11
V004141,2024-12-29,P006,C008,12,6162,73944,456,590,2025-01-16
V004142,2024-12-29,P002,C017,14,13291,186074,0,653,2025-01-25
V004143,2024-12-29,P003,C047,42,2418,101556,0,1760,2025-01-28
V004144,2024-12-30,P009,C007,14,1839,25746,854,425,2025-01-16
V004145,2024-12-30,P010,C044,17,442,7514,136,699,2025-01-13
V004146,2024-12-30,P012,C012,11,1454,15994,0,461,2025-01-15
V004147,2024-12-30,P016,C067,45,1424,64080,0,2139,2025-01-28
V004148,2024-12-30,P008,C040,23,651,14973,0,931,2025-01-12
V004149,2024-12-30,P016,C015,13,1352,17576,0,438,2025-01-27
V004150,2024-12-30,P004,C051,18,11002,198036,0,732,2025-01-18
V004151,2024-12-30,P005,C036,18,903,16254,0,703,2025-01-15
V004152,2024-12-30,P014,C018,30,1038,31140,1860,2009,2025-01-07
V004153,2024-12-30,P014,C031,35,1131,39585,0,1440,2025-01-22
V004154,2024-12-30,P010,C020,28,436,12208,392,1639,2025-01-28
V004155,2024-12-30,P020,C058,19,14631,277989,0,1003,2025-01-20
V004156,2024-12-30,P014,C004,50,1098,54900,100,1446,2025-01-28
V004157,2024-12-30,P004,C006,10,10516,105160,0,255,2025-01-11
V004158,2024-12-30,P002,C028,24,12657,303768,13032,1051,2025-01-29
V004159,2024-12-30,P004,C069,22,10738,236236,0,455,2025-01-08
V004160,2024-12-30,P004,C050,60,11224,673440,0,3933,2025-01-07
V004161,2024-12-30,P016,C069,26,1368,35568,0,904,2025-01-08
V004162,2024-12-30,P014,C077,9,1150,10350,0,437,2025-01-14
V004163,2024-12-30,P011,C052,37,511,18907,0,2093,2025-01-12
V004164,2024-12-30,P017,C005,26,2572,66872,0,1175,2025-01-24
V004165,2024-12-30,P018,C015,15,2924,43860,0,791,2025-01-27
V004166,2024-12-31,P010,C003,19,446,8474,76,463,2025-01-13
V004167,2024-12-31,P018,C029,8,2702,21616,1584,429,2025-01-27
V004168,2024-12-31,P020,C075,28,14811,414708,0,1416,2025-01-10
V004169,2024-12-31,P010,C078,22,437,9614,286,861,2025-01-08
V004170,2024-12-31,P016,C034,71,1243,88253,7597,3902,2025-01-23
V004171,2024-12-31,P014,C058,6,1077,6462,138,341,2025-01-21
V004172,2024-12-31,P004,C011,17,11024,187408,0,850,2025-01-25
V004173,2024-12-31,P012,C052,12,1470,17640,0,512,2025-01-13
V004174,2024-12-31,P002,C057,7,12965,90755,1645,377,2025-01-08
V004175,2024-12-31,P007,C031,55,779,42845,1155,2530,2025-01-23
V004176,2024-12-31,P007,C013,13,763,9919,481,610,2025-01-19
V004177,2024-12-31,P006,C054,10,6076,60760,1240,458,2025-01-24
V004178,2024-12-31,P004,C019,15,11378,170670,0,547,2025-01-15
V004179,2024-12-31,P010,C044,11,463,5093,0,493,2025-01-14
V004180,2024-12-31,P002,C065,31,12900,399900,9300,1315,2025-01-26
V004181,2024-12-31,P016,C052,24,1325,31800,600,1070,2025-01-13
V004182,2024-12-31,P013,C013,17,3258,55386,0,430,2025-01-19
V004183,2025-01-01,P017,C029,16,2284,36544,2656,1142,2025-01-28
V004184,2025-01-01,P001,C063,50,16144,807200,0,3399,2025-01-13
V004185,2025-01-01,P019,C053,17,2882,48994,2006,648,2025-01-16
V004186,2025-01-01,P020,C064,33,13056,430848,47652,1388,2025-01-20
V004187,2025-01-01,P006,C019,17,5853,99501,5899,949,2025-01-16
V004188,2025-01-01,P001,C022,10,13880,138800,16200,497,2025-01-25
V004189,2025-01-01,P004,C024,14,9032,126448,20552,598,2025-01-24
V004190,2025-01-01,P009,C014,10,1901,19010,0,490,2025-01-19
V004191,2025-01-01,P004,C024,16,9300,148800,19200,693,2025-01-24
V004192,2025-01-01,P009,C063,27,1717,46359,4941,1012,2025-01-13
V004193,2025-01-01,P014,C011,16,1003,16048,1552,487,2025-01-26
V004194,2025-01-02,P010,C039,15,436,6540,210,542,2025-01-26
V004195,2025-01-02,P018,C020,12,2662,31944,2856,684,2025-01-31
V004196,2025-01-02,P008,C060,17,614,10438,612,873,2025-01-15
V004197,2025-01-02,P003,C015,7,2204,15428,1372,202,2025-01-30
V004198,2025-01-02,P009,C016,27,1818,49086,2214,1199,2025-02-01
V004199,2025-01-02,P003,C004,31,2376,73656,744,798,2025-01-31
V004200,2025-01-02,P020,C017,130,13405,1742650,142350,7431,2025-01-29
V004201,2025-01-02,P020,C019,18,13988,251784,9216,634,2025-01-17
V004202,2025-01-02,P002,C029,16,12726,203616,7584,789,2025-01-29
V004203,2025-01-02,P004,C015,25,11087,277175,0,1177,2025-01-30
V004204,2025-01-02,P003,C030,8,2203,17624,1576,403,2025-01-09
V004205,2025-01-02,P001,C040,19,14863,282397,12103,864,2025-01-15
V004206,2025-01-02,P009,C007,22,1853,40766,1034,723,2025-01-19
V004207,2025-01-03,P003,C003,15,2352,35280,720,389,2025-01-16
V004208,2025-01-03,P013,C035,18,3083,55494,2106,572,2025-01-13
V004209,2025-01-03,P016,C077,18,1294,23292,1008,760,2025-01-18
V004210,2025-01-03,P007,C058,11,715,7865,935,351,2025-01-24
V004211,2025-01-03,P017,C058,17,2370,40290,1360,1101,2025-01-24
V004212,2025-01-03,P020,C037,20,14400,288000,2000,906,2025-01-12
V004213,2025-01-03,P008,C022,15,593,8895,855,1020,2025-01-27
V004214,2025-01-03,P018,C006,20,2805,56100,1900,815,2025-01-15
V004215,2025-01-03,P018,C078,20,2610,52200,5800,959,2025-01-11
V004216,2025-01-03,P011,C029,19,479,9101,399,934,2025-01-30
V004217,2025-01-04,P010,C067,17,443,7531,119,626,2025-02-02
V004218,2025-01-04,P019,C067,29,2767,80243,6757,1264,2025-02-02
V004219,2025-01-04,P008,C052,9,666,5994,0,346,2025-01-17
V004220,2025-01-04,P016,C041,26,1306,33956,1144,1368,2025-02-02
V004221,2025-01-04,P002,C057,24,13031,312744,4056,874,2025-01-12
V004222,2025-01-04,P019,C055,45,2814,126630,8370,3276,2025-01-11
V004223,2025-01-04,P012,C043,46,1386,63756,2944,2465,2025-01-13
V004224,2025-01-04,P017,C039,46,2539,116794,0,1951,2025-01-28
V004225,2025-01-04,P012,C021,22,1425,31350,550,603,2025-01-31
V004226,2025-01-05,P008,C001,11,612,6732,418,452,2025-01-19
V004227,2025-01-05,P013,C045,14,3207,44898,0,808,2025-01-14
V004228,2025-01-05,P016,C059,11,1280,14080,770,627,2025-01-29
V004229,2025-01-05,P005,C035,24,903,21672,0,1607,2025-01-15
V004230,2025-01-05,P018,C045,43,2715,116745,7955,2601,2025-01-14
V004231,2025-01-05,P020,C020,78,13512,1053936,77064,4175,2025-02-03
V004232,2025-01-05,P003,C034,47,2201,103447,9353,2392,2025-01-28
V004233,2025-01-06,P020,C050,22,14383,316426,2574,999,2025-01-14
V004234,2025-01-06,P004,C062,22,10212,224664,6336,899,2025-01-29
V004235,2025-01-06,P005,C044,30,891,26730,270,1211,2025-01-20
V004236,2025-01-06,P009,C051,17,1742,29614,2686,593,2025-01-25
V004237,2025-01-06,P015,C002,12,988,11856,0,510,2025-01-30
V004238,2025-01-06,P012,C063,27,1363,36801,2349,903,2025-01-18
V004239,2025-01-06,P004,C070,58,10065,583770,25230,809,2025-01-16
V004240,2025-01-06,P012,C042,30,1370,41100,2400,1197,2025-01-27
V004241,2025-01-06,P002,C001,49,13014,637686,9114,2466,2025-01-20
V004242,2025-01-06,P003,C054,7,2326,16282,518,376,2025-01-30
V004243,2025-01-06,P009,C080,27,1846,49842,1458,1009,2025-01-18
V004244,2025-01-06,P001,C007,36,15444,555984,2016,2185,2025-01-23
V004245,2025-01-06,P017,C039,31,2328,72168,3782,1342,2025-01-30
V004246,2025-01-06,P018,C052,22,2819,62018,1782,947,2025-01-19
V004247,2025-01-06,P009,C034,25,1862,46550,950,589,2025-01-29
V004248,2025-01-06,P008,C053,24,638,15312,288,1308,2025-01-21
V004249,2025-01-06,P003,C068,36,2282,82152,4248,2101,2025-02-02
V004250,2025-01-06,P003,C029,36,2187,78732,7668,2000,2025-02-02
V004251,2025-01-06,P014,C078,13,983,12779,1521,785,2025-01-14
V004252,2025-01-07,P003,C053,47,2364,111108,1692,2155,2025-01-22
V004253,2025-01-07,P008,C074,45,621,27945,1305,1237,2025-02-04
V004254,2025-01-07,P011,C018,47,498,23406,94,1587,2025-01-15
V004255,2025-01-07,P013,C059,41,3133,128453,2747,1609,2025-01-31
V004256,2025-01-07,P019,C034,32,2654,84928,11072,2127,2025-01-30
V004257,2025-01-07,P006,C041,9,5964,53676,2124,322,2025-02-05
V004258,2025-01-07,P017,C036,34,2454,83436,0,1259,2025-01-23
V004259,2025-01-07,P018,C056,25,2813,70325,2175,1046,2025-01-19
V004260,2025-01-07,P008,C029,11,603,6633,517,397,2025-02-03
V004261,2025-01-07,P011,C072,23,467,10741,759,1406,2025-01-19
V004262,2025-01-07,P020,C008,30,13367,401010,33990,1398,2025-01-25
V004263,2025-01-07,P020,C007,13,14148,183924,4576,637,2025-01-24
V004264,2025-01-07,P009,C050,61,1854,113094,2806,3051,2025-01-15
V004265,2025-01-07,P013,C051,32,3119,99808,2592,1866,2025-01-26
V004266,2025-01-07,P003,C069,35,2254,78890,5110,2132,2025-01-16
V004267,2025-01-07,P019,C073,61,2896,176656,6344,3544,2025-02-03
V004268,2025-01-07,P019,C026,28,2748,76944,7056,1291,2025-01-16
V004269,2025-01-07,P012,C009,28,1439,40292,308,1686,2025-01-31
V004270,2025-01-07,P009,C011,9,1837,16533,567,510,2025-02-01
V004271,2025-01-07,P015,C002,12,959,11508,252,648,2025-01-31
V004272,2025-01-07,P015,C056,14,967,13538,182,585,2025-01-19
V004273,2025-01-07,P006,C027,4,5762,23048,1752,168,2025-01-22
V004274,2025-01-08,P002,C066,40,12842,513680,14320,2117,2025-02-02
V004275,2025-01-08,P018,C018,24,2948,70752,0,769,2025-01-16
V004276,2025-01-08,P004,C006,92,9845,905740,60260,4039,2025-01-20
V004277,2025-01-08,P006,C057,14,5670,79380,7420,931,2025-01-16
V004278,2025-01-08,P018,C045,22,2750,60500,3300,1308,2025-01-17
V004279,2025-01-08,P009,C009,18,1725,31050,3150,831,2025-02-01
V004280,2025-01-08,P007,C051,18,765,13770,630,619,2025-01-27
V004281,2025-01-08,P011,C012,14,480,6720,280,718,2025-01-24
V004282,2025-01-08,P014,C023,22,1047,23034,1166,1127,2025-02-02
V004283,2025-01-08,P017,C030,43,2436,104748,602,1421,2025-01-15
V004284,2025-01-08,P007,C059,18,790,14220,180,962,2025-02-01
V004285,2025-01-09,P005,C072,98,870,85260,2940,5621,2025-01-21
V004286,2025-01-09,P014,C079,17,1051,17867,833,593,2025-01-16
V004287,2025-01-09,P008,C027,40,621,24840,1160,2161,2025-01-24
V004288,2025-01-09,P001,C050,11,14838,163218,7282,489,2025-01-17
V004289,2025-01-09,P018,C037,9,2742,24678,1422,389,2025-01-18
V004290,2025-01-09,P004,C063,21,10706,224826,0,785,2025-01-21
V004291,2025-01-09,P006,C067,11,5936,65296,2904,518,2025-02-07
V004292,2025-01-09,P020,C053,16,13956,223296,8704,623,2025-01-24
V004293,2025-01-09,P006,C043,14,5915,82810,3990,545,2025-01-18
V004294,2025-01-09,P018,C007,7,2822,19754,546,402,2025-01-26
V004295,2025-01-09,P015,C039,41,961,39401,779,1836,2025-02-02
V004296,2025-01-09,P011,C026,26,487,12662,338,1266,2025-01-18
V004297,2025-01-09,P011,C021,39,467,18213,1287,938,2025-02-05
V004298,2025-01-09,P015,C058,39,945,36855,1365,1876,2025-01-30
V004299,2025-01-09,P003,C057,12,2320,27840,960,534,2025-01-17
V004300,2025-01-09,P012,C069,57,1374,78318,4332,1682,2025-01-18
V004301,2025-01-09,P004,C070,16,10258,164128,3872,586,2025-01-19
V004302,2025-01-09,P005,C023,73,832,60736,4964,4291,2025-02-03
V004303,2025-01-09,P010,C047,27,420,11340,810,1726,2025-02-08
V004304,2025-01-09,P019,C053,21,2648,55608,7392,525,2025-01-24
V004305,2025-01-09,P003,C014,60,2448,146880,0,2615,2025-01-27
V004306,2025-01-09,P008,C003,62,567,35154,5146,3190,2025-01-22
V004307,2025-01-10,P009,C042,60,1878,112680,1320,3074,2025-01-31
V004308,2025-01-10,P018,C073,4,2830,11320,280,252,2025-02-06
V004309,2025-01-10,P020,C049,12,13842,166104,7896,490,2025-01-30
V004310,2025-01-10,P017,C074,67,2350,157450,6700,2921,2025-02-07
V004311,2025-01-10,P016,C036,20,1321,26420,580,1021,2025-01-26
V004312,2025-01-10,P019,C078,40,2874,114960,5040,1181,2025-01-18
V004313,2025-01-10,P005,C060,17,914,15538,0,872,2025-01-23
V004314,2025-01-10,P008,C028,24,598,14352,1248,991,2025-02-09
V004315,2025-01-10,P012,C019,25,1453,36325,0,1037,2025-01-25
V004316,2025-01-10,P020,C066,17,13123,223091,23409,666,2025-02-04
V004317,2025-01-10,P008,C074,21,669,14049,0,1119,2025-02-07
V004318,2025-01-10,P019,C002,32,2798,89536,6464,1447,2025-02-03
V004319,2025-01-10,P019,C079,30,2861,85830,4170,1746,2025-01-17
V004320,2025-01-10,P009,C040,4,1886,7544,56,193,2025-01-23
V004321,2025-01-10,P006,C055,7,6105,42735,665,284,2025-01-17
V004322,2025-01-10,P008,C039,3,622,1866,84,108,2025-02-03
V004323,2025-01-10,P019,C066,10,2812,28120,1880,598,2025-02-04
V004324,2025-01-10,P019,C007,21,2934,61614,1386,303,2025-01-27
V004325,2025-01-11,P017,C041,18,2437,43866,234,691,2025-02-09
V004326,2025-01-11,P014,C071,9,1031,9279,621,592,2025-01-29
V004327,2025-01-11,P010,C005,17,444,7548,102,1423,2025-02-05
V004328,2025-01-11,P004,C060,22,10472,230384,616,715,2025-01-24
V004329,2025-01-11,P007,C041,38,800,30400,0,1719,2025-02-09
V004330,2025-01-11,P007,C050,26,782,20332,468,1635,2025-01-19
V004331,2025-01-11,P011,C037,18,458,8244,756,1262,2025-01-20
V004332,2025-01-12,P002,C024,6,12982,77892,1308,231,2025-02-04
V004333,2025-01-12,P013,C041,12,3010,36120,2280,738,2025-02-10
V004334,2025-01-12,P011,C016,15,478,7170,330,950,2025-02-11
V004335,2025-01-12,P007,C018,23,735,16905,1495,1210,2025-01-20
V004336,2025-01-12,P002,C075,15,12210,183150,14850,879,2025-01-22
V004337,2025-01-12,P002,C020,9,12502,112518,6282,413,2025-02-10
V004338,2025-01-12,P014,C040,19,1020,19380,1520,897,2025-01-25
V004339,2025-01-13,P004,C071,62,9356,580072,70928,1723,2025-01-31
V004340,2025-01-13,P005,C062,53,895,47435,265,2444,2025-02-05
V004341,2025-01-13,P001,C057,31,15477,479787,713,2013,2025-01-21
V004342,2025-01-13,P018,C031,38,2730,103740,6460,1997,2025-02-05
V004343,2025-01-13,P014,C072,31,1084,33604,496,1403,2025-01-25
V004344,2025-01-13,P012,C042,40,1379,55160,2840,2016,2025-02-03
V004345,2025-01-13,P014,C028,35,1013,35455,3045,1576,2025-02-12
V004346,2025-01-13,P018,C078,38,2663,101194,9006,1391,2025-01-21
V004347,2025-01-13,P005,C063,29,859,24911,1189,1951,2025-01-25
V004348,2025-01-14,P001,C067,5,14905,74525,2975,302,2025-02-12
V004349,2025-01-14,P005,C055,64,883,56512,1088,3949,2025-01-21
V004350,2025-01-14,P005,C008,26,861,22386,1014,1228,2025-02-01
V004351,2025-01-14,P004,C059,158,10638,1680804,0,7561,2025-02-07
V004352,2025-01-14,P011,C014,26,478,12428,572,1245,2025-02-01
V004353,2025-01-15,P020,C061,14,13617,190638,12362,595,2025-02-14
V004354,2025-01-15,P008,C030,31,643,19933,217,877,2025-01-22
V004355,2025-01-15,P006,C074,27,6039,163053,4347,1028,2025-02-12
V004356,2025-01-15,P016,C011,41,1230,50430,4920,1796,2025-02-09
V004357,2025-01-15,P015,C036,13,917,11921,819,812,2025-01-31
V004358,2025-01-15,P018,C057,15,2686,40290,3210,388,2025-01-23
V004359,2025-01-15,P001,C011,43,14737,633691,32809,1463,2025-02-09
V004360,2025-01-15,P019,C042,23,2710,62330,6670,824,2025-02-05
V004361,2025-01-15,P001,C055,19,14837,281903,12597,1274,2025-01-22
V004362,2025-01-15,P011,C023,19,455,8645,855,746,2025-02-09
V004363,2025-01-15,P016,C064,26,1300,33800,1300,1172,2025-02-03
V004364,2025-01-15,P020,C035,19,12974,246506,28994,974,2025-01-25
V004365,2025-01-15,P014,C012,8,1015,8120,680,360,2025-01-31
V004366,2025-01-15,P005,C070,16,902,14432,0,817,2025-01-25
V004367,2025-01-15,P017,C019,20,2426,48520,480,937,2025-01-30
V004368,2025-01-15,P016,C010,10,1284,12840,660,303,2025-01-31
V004369,2025-01-15,P001,C026,30,16255,487650,0,1347,2025-01-24
V004370,2025-01-16,P012,C009,9,1401,12609,441,457,2025-02-09
V004371,2025-01-16,P006,C034,6,5669,34014,3186,339,2025-02-08
V004372,2025-01-16,P009,C011,7,1905,13335,0,300,2025-02-10
V004373,2025-01-16,P009,C072,9,1853,16677,423,382,2025-01-28
V004374,2025-01-16,P001,C066,63,13771,867573,108927,2978,2025-02-10
V004375,2025-01-16,P012,C022,9,1487,13383,0,564,2025-02-09
V004376,2025-01-16,P016,C037,12,1245,14940,1260,623,2025-01-25
V004377,2025-01-16,P012,C057,28,1454,40712,0,1864,2025-01-24
V004378,2025-01-16,P014,C011,31,1065,33015,1085,1436,2025-02-10
V004379,2025-01-16,P019,C001,9,2927,26343,657,289,2025-01-30
V004380,2025-01-16,P012,C004,10,1379,13790,710,582,2025-02-14
V004381,2025-01-16,P008,C080,55,623,34265,1485,1816,2025-01-28
V004382,2025-01-16,P016,C035,39,1245,48555,4095,991,2025-01-26
V004383,2025-01-16,P011,C030,48,457,21936,2064,1622,2025-01-23
V004384,2025-01-16,P015,C040,7,922,6454,406,383,2025-01-29
V004385,2025-01-16,P020,C034,29,13132,380828,39672,1652,2025-02-08
V004386,2025-01-16,P004,C045,35,9862,345170,22330,2541,2025-01-25
V004387,2025-01-16,P012,C012,40,1316,52640,5360,1426,2025-02-01
V004388,2025-01-16,P020,C058,20,13708,274160,15840,691,2025-02-06
V004389,2025-01-16,P001,C068,15,15669,235035,0,844,2025-02-12
V004390,2025-01-16,P010,C077,56,411,23016,2184,2398,2025-01-31
V004391,2025-01-16,P013,C067,24,3048,73152,3648,1040,2025-02-14
V004392,2025-01-17,P007,C044,23,764,17572,828,624,2025-01-31
V004393,2025-01-17,P015,C033,31,947,29357,1023,1673,2025-01-28
V004394,2025-01-17,P008,C041,11,616,6776,374,463,2025-02-15
V004395,2025-01-17,P004,C012,29,9977,289333,15167,985,2025-02-02
V004396,2025-01-17,P003,C069,9,2392,21528,72,316,2025-01-26
V004397,2025-01-18,P011,C077,16,481,7696,304,1079,2025-02-02
V004398,2025-01-18,P014,C016,23,1073,24679,621,759,2025-02-17
V004399,2025-01-18,P007,C036,101,813,82113,0,4652,2025-02-03
V004400,2025-01-18,P005,C019,32,888,28416,384,1879,2025-02-02
V004401,2025-01-18,P016,C018,6,1320,7920,180,192,2025-01-26
V004402,2025-01-18,P016,C071,100,1306,130600,4400,4839,2025-02-05
V004403,2025-01-18,P010,C061,33,431,14223,627,1522,2025-02-17
V004404,2025-01-18,P006,C075,14,6217,87038,0,793,2025-01-28
V004405,2025-01-18,P009,C061,10,1752,17520,1480,487,2025-02-17
V004406,2025-01-18,P018,C007,40,2898,115920,80,2513,2025-02-04
V004407,2025-01-18,P006,C055,8,5532,44256,5344,454,2025-01-25
V004408,2025-01-18,P017,C080,37,2204,81548,9102,1979,2025-01-30
V004409,2025-01-19,P009,C058,10,1881,18810,190,452,2025-02-09
V004410,2025-01-19,P020,C056,12,13828,165936,8064,495,2025-01-31
V004411,2025-01-19,P019,C027,24,2927,70248,1752,1271,2025-02-03
V004412,2025-01-19,P017,C037,43,2358,101394,3956,2756,2025-01-28
V004413,2025-01-19,P012,C053,58,1401,81258,2842,2254,2025-02-03
V004414,2025-01-19,P005,C031,59,849,50091,3009,2121,2025-02-11
V004415,2025-01-19,P009,C067,11,1831,20141,759,623,2025-02-17
V004416,2025-01-19,P005,C017,11,865,9515,385,538,2025-02-15
V004417,2025-01-19,P015,C023,10,925,9250,550,371,2025-02-13
V004418,2025-01-19,P015,C046,12,946,11352,408,475,2025-02-02
V004419,2025-01-20,P007,C070,36,788,28368,432,1168,2025-01-30
V004420,2025-01-20,P016,C070,20,1283,25660,1340,709,2025-01-30
V004421,2025-01-20,P020,C066,17,13980,237660,8840,981,2025-02-14
V004422,2025-01-20,P010,C011,24,419,10056,744,817,2025-02-14
V004423,2025-01-20,P017,C023,19,2410,45790,760,1151,2025-02-14
V004424,2025-01-20,P018,C049,21,2949,61929,0,729,2025-02-09
V004425,2025-01-21,P013,C076,78,3077,240006,9594,2930,2025-02-03
V004426,2025-01-21,P017,C021,63,2398,151074,3276,2933,2025-02-17
V004427,2025-01-21,P008,C011,77,639,49203,847,4577,2025-02-15
V004428,2025-01-21,P018,C059,39,2794,108966,4134,1827,2025-02-14
V004429,2025-01-21,P014,C049,86,1084,93224,1376,4668,2025-02-10
V004430,2025-01-21,P016,C070,19,1231,23389,2261,768,2025-01-31
V004431,2025-01-21,P011,C024,22,453,9966,1034,246,2025-02-13
V004432,2025-01-21,P008,C020,22,635,13970,330,743,2025-02-19
V004433,2025-01-21,P003,C001,17,2312,39304,1496,908,2025-02-04
V004434,2025-01-21,P012,C048,22,1364,30008,1892,1068,2025-02-12
V004435,2025-01-21,P005,C058,23,887,20401,299,1083,2025-02-11
V004436,2025-01-21,P007,C044,26,759,19734,1066,1191,2025-02-04
V004437,2025-01-22,P015,C029,54,970,52380,540,3015,2025-02-18
V004438,2025-01-22,P015,C003,18,939,16902,738,1177,2025-02-04
V004439,2025-01-22,P005,C043,18,829,14922,1278,967,2025-01-31
V004440,2025-01-22,P008,C075,18,596,10728,972,850,2025-02-01
V004441,2025-01-22,P003,C047,41,2318,95038,3362,1451,2025-02-21
V004442,2025-01-22,P015,C030,28,971,27188,252,1234,2025-01-29
V004443,2025-01-22,P020,C002,29,13854,401766,18734,1822,2025-02-15
V004444,2025-01-22,P016,C030,7,1284,8988,462,292,2025-01-29
V004445,2025-01-23,P010,C070,28,409,11452,1148,1371,2025-02-02
V004446,2025-01-23,P001,C002,32,15293,489376,6624,1931,2025-02-16
V004447,2025-01-23,P009,C041,29,1912,55448,0,568,2025-02-21
V004448,2025-01-23,P014,C036,9,1023,9207,693,295,2025-02-08
V004449,2025-01-23,P007,C008,13,761,9893,507,476,2025-02-10
V004450,2025-01-23,P017,C064,14,2288,32032,2268,797,2025-02-11
V004451,2025-01-23,P002,C042,62,12796,793352,25048,2788,2025-02-13
V004452,2025-01-23,P001,C015,19,13923,264537,29963,971,2025-02-20
V004453,2025-01-23,P007,C042,21,749,15729,1071,737,2025-02-13
V004454,2025-01-24,P017,C059,11,2269,24959,1991,618,2025-02-17
V004455,2025-01-24,P020,C048,14,13718,192052,10948,508,2025-02-15
V004456,2025-01-24,P016,C044,28,1266,35448,2352,1493,2025-02-07
V004457,2025-01-24,P011,C042,42,474,19908,1092,1694,2025-02-14
V004458,2025-01-24,P003,C057,9,2447,22023,0,214,2025-02-01
V004459,2025-01-24,P010,C010,28,454,12712,0,1077,2025-02-09
V004460,2025-01-24,P005,C047,56,812,45472,4928,2515,2025-02-23
V004461,2025-01-24,P003,C051,28,2408,67424,0,1454,2025-02-12
V004462,2025-01-24,P006,C012,22,5921,130262,6138,1074,2025-02-09
V004463,2025-01-25,P002,C018,22,12424,273328,17072,846,2025-02-02
V004464,2025-01-25,P007,C004,25,810,20250,0,1697,2025-02-23
V004465,2025-01-25,P007,C047,31,766,23746,1054,1234,2025-02-24
V004466,2025-01-25,P006,C037,42,5941,249522,10878,1581,2025-02-03
V004467,2025-01-25,P007,C056,10,770,7700,300,426,2025-02-06
V004468,2025-01-26,P003,C023,34,2283,77622,3978,1493,2025-02-20
V004469,2025-01-26,P006,C046,22,5655,124410,11990,818,2025-02-09
V004470,2025-01-26,P010,C062,27,454,12258,0,1753,2025-02-18
V004471,2025-01-26,P008,C020,17,664,11288,0,991,2025-02-24
V004472,2025-01-26,P003,C015,14,2520,35280,0,524,2025-02-23
V004473,2025-01-26,P009,C065,36,1850,66600,1800,2179,2025-02-21
V004474,2025-01-27,P006,C060,20,6013,120260,3740,1063,2025-02-09
V004475,2025-01-27,P005,C015,33,870,28710,990,941,2025-02-24
V004476,2025-01-27,P007,C065,13,798,10374,26,699,2025-02-22
V004477,2025-01-27,P010,C072,26,445,11570,130,1300,2025-02-08
V004478,2025-01-27,P014,C039,35,1092,38220,280,1942,2025-02-20
V004479,2025-01-27,P019,C076,29,2779,80591,6409,1584,2025-02-09
V004480,2025-01-27,P007,C013,21,772,16212,588,426,2025-02-15
V004481,2025-01-27,P013,C063,11,3270,35970,0,373,2025-02-08
V004482,2025-01-27,P003,C062,11,2201,24211,2189,424,2025-02-19
V004483,2025-01-27,P017,C062,16,2379,38064,1136,651,2025-02-19
V004484,2025-01-27,P007,C021,15,799,11985,15,711,2025-02-23
V004485,2025-01-27,P009,C067,22,1919,42218,0,1139,2025-02-25
V004486,2025-01-27,P015,C045,32,928,29696,1664,901,2025-02-05
V004487,2025-01-27,P005,C029,11,864,9504,396,429,2025-02-23
V004488,2025-01-27,P001,C026,23,14293,328739,27761,593,2025-02-05
V004489,2025-01-27,P002,C041,62,11874,736188,82212,3325,2025-02-25
V004490,2025-01-27,P001,C025,46,14231,654626,58374,2723,2025-02-07
V004491,2025-01-28,P014,C052,15,1015,15225,1275,814,2025-02-10
V004492,2025-01-28,P013,C051,31,3004,93124,6076,326,2025-02-16
V004493,2025-01-28,P008,C028,29,588,17052,1798,1330,2025-02-27
V004494,2025-01-28,P011,C067,46,502,23092,0,2394,2025-02-26
V004495,2025-01-28,P018,C054,15,2728,40920,2580,1006,2025-02-21
V004496,2025-01-29,P011,C069,36,495,17820,180,1255,2025-02-07
V004497,2025-01-29,P017,C071,11,2345,25795,1155,487,2025-02-16
V004498,2025-01-29,P019,C064,11,3051,33561,0,308,2025-02-17
V004499,2025-01-29,P005,C048,25,860,21500,1000,1384,2025-02-20
V004500,2025-01-29,P004,C028,27,9753,263331,20169,1059,2025-02-28
V004501,2025-01-29,P001,C028,62,15322,949964,11036,3858,2025-02-28
V004502,2025-01-29,P014,C064,39,1015,39585,3315,1595,2025-02-17
V004503,2025-01-29,P013,C073,37,3199,118363,37,1505,2025-02-25
V004504,2025-01-29,P002,C034,34,11566,393244,55556,1715,2025-02-21
V004505,2025-01-29,P014,C054,43,1018,43774,3526,2184,2025-02-22
V004506,2025-01-29,P009,C013,18,1839,33102,1098,842,2025-02-17
V004507,2025-01-29,P008,C014,22,636,13992,308,1239,2025-02-16
V004508,2025-01-29,P013,C005,12,3031,36372,2028,704,2025-02-23
V004509,2025-01-29,P004,C035,17,9669,164373,14127,860,2025-02-08
V004510,2025-01-29,P010,C028,8,442,3536,64,416,2025-02-28
V004511,2025-01-29,P001,C026,24,14879,357096,14904,1019,2025-02-07
V004512,2025-01-30,P011,C044,32,516,16512,0,1289,2025-02-13
V004513,2025-01-30,P006,C051,23,5792,133216,9384,1026,2025-02-18
V004514,2025-01-30,P008,C064,36,648,23328,72,1168,2025-02-18
V004515,2025-01-30,P011,C036,17,478,8126,374,778,2025-02-15
V004516,2025-01-30,P001,C012,28,14583,408324,25676,1264,2025-02-15
V004517,2025-01-30,P008,C067,16,652,10432,0,559,2025-02-28
V004518,2025-01-30,P004,C057,94,9745,916030,70970,5110,2025-02-07
V004519,2025-01-30,P018,C048,96,2865,275040,3360,3958,2025-02-21
V004520,2025-01-30,P015,C003,6,930,5580,300,251,2025-02-12
V004521,2025-01-30,P012,C005,24,1328,31872,2928,1313,2025-02-24
V004522,2025-01-30,P009,C003,4,1767,7068,532,135,2025-02-12
V004523,2025-01-30,P007,C061,30,733,21990,2010,1388,2025-03-01
V004524,2025-01-30,P019,C043,55,2829,155595,9405,2901,2025-02-08
V004525,2025-01-30,P013,C055,26,3227,83902,0,415,2025-02-06
V004526,2025-01-31,P012,C056,12,1265,15180,2220,539,2025-02-12
V004527,2025-01-31,P004,C054,75,9815,736125,51375,3610,2025-02-24
V004528,2025-01-31,P015,C075,30,941,28230,1170,873,2025-02-10
V004529,2025-01-31,P008,C041,68,617,41956,2244,2058,2025-03-01
V004530,2025-01-31,P006,C055,9,5691,51219,4581,299,2025-02-07
V004531,2025-01-31,P002,C007,75,13166,987450,2550,4382,2025-02-17
V004532,2025-01-31,P010,C044,7,431,3017,133,253,2025-02-14
V004533,2025-01-31,P009,C073,17,1784,30328,1972,386,2025-02-27
V004534,2025-01-31,P006,C032,17,6364,108188,0,1319,2025-02-27
V004535,2025-01-31,P018,C026,32,2703,86496,6304,818,2025-02-09
V004536,2025-01-31,P012,C052,35,1325,46375,4375,1367,2025-02-13
V004537,2025-01-31,P002,C018,20,12599,251980,12020,1162,2025-02-08
V004538,2025-01-31,P016,C013,41,1209,49569,5781,1467,2025-02-19
V004539,2025-01-31,P003,C068,25,2420,60500,0,1337,2025-02-27
V004540,2025-01-31,P001,C063,31,15142,469402,11098,1382,2025-02-12
V004541,2025-01-31,P010,C052,15,409,6135,615,294,2025-02-13
V004542,2025-01-31,P019,C065,7,2706,18942,2058,355,2025-02-26
V004543,2025-01-31,P006,C039,53,6321,335013,0,2093,2025-02-24
V004544,2025-01-31,P017,C070,23,2284,52532,3818,1060,2025-02-10
V004545,2025-02-01,P016,C059,25,1316,32900,850,1303,2025-02-25
V004546,2025-02-01,P011,C013,41,523,21443,0,2094,2025-02-20
V004547,2025-02-01,P006,C052,12,6150,73800,600,595,2025-02-14
V004548,2025-02-01,P013,C053,31,2858,88598,10602,1741,2025-02-16
V004549,2025-02-01,P007,C071,30,789,23670,330,1469,2025-02-19
V004550,2025-02-01,P017,C018,52,2490,129480,0,2403,2025-02-09
V004551,2025-02-01,P019,C003,17,2706,46002,4998,793,2025-02-14
V004552,2025-02-01,P017,C066,38,2320,88160,4940,956,2025-02-26
V004553,2025-02-01,P019,C029,11,2971,32681,319,309,2025-02-28
V004554,2025-02-01,P002,C074,13,12121,157573,14027,455,2025-03-01
V004555,2025-02-01,P014,C063,40,1113,44520,0,962,2025-02-13
V004556,2025-02-01,P006,C079,21,5783,121443,8757,978,2025-02-08
V004557,2025-02-02,P011,C051,18,464,8352,648,847,2025-02-21
V004558,2025-02-02,P009,C012,44,1755,77220,6380,1972,2025-02-18
V004559,2025-02-02,P019,C035,23,3106,71438,0,1049,2025-02-12
V004560,2025-02-02,P002,C025,9,12677,114093,4707,367,2025-02-13
V004561,2025-02-02,P014,C023,16,1077,17232,368,562,2025-02-27
V004562,2025-02-02,P009,C045,45,1964,88380,0,2100,2025-02-11
V004563,2025-02-03,P015,C034,19,868,16492,2128,941,2025-02-26
V004564,2025-02-03,P005,C035,20,853,17060,940,991,2025-02-13
V004565,2025-02-03,P018,C026,22,2766,60852,2948,957,2025-02-12
V004566,2025-02-03,P012,C027,5,1298,6490,760,301,2025-02-18
V004567,2025-02-03,P007,C018,23,782,17986,414,1029,2025-02-11
V004568,2025-02-04,P012,C052,24,1465,35160,0,747,2025-02-17
V004569,2025-02-04,P008,C064,30,624,18720,780,1104,2025-02-23
V004570,2025-02-04,P002,C030,80,12998,1039840,16160,2207,2025-02-11
V004571,2025-02-04,P002,C001,26,12861,334386,8814,1336,2025-02-18
V004572,2025-02-04,P002,C027,15,12721,190815,7185,403,2025-02-19
V004573,2025-02-04,P018,C066,15,2650,39750,3750,857,2025-03-01
V004574,2025-02-04,P003,C017,17,2130,36210,4590,630,2025-03-03
V004575,2025-02-04,P009,C060,16,1725,27600,2800,675,2025-02-17
V004576,2025-02-04,P012,C015,22,1359,29898,2002,713,2025-03-04
V004577,2025-02-04,P013,C038,14,3011,42154,2646,884,2025-02-28
V004578,2025-02-04,P005,C013,15,843,12645,855,644,2025-02-23
V004579,2025-02-04,P020,C021,21,13994,293874,10626,1081,2025-03-03
V004580,2025-02-04,P015,C026,30,926,27780,1620,1535,2025-02-13
V004581,2025-02-04,P005,C068,31,812,25172,2728,881,2025-03-03
V004582,2025-02-04,P017,C028,29,2310,66990,4060,1489,2025-03-06
V004583,2025-02-04,P004,C077,24,10246,245904,6096,811,2025-02-19
V004584,2025-02-04,P012,C047,62,1388,86056,3844,2405,2025-03-06
V004585,2025-02-04,P001,C051,13,14826,192738,8762,396,2025-02-23
V004586,2025-02-04,P002,C052,29,12536,363544,19256,1651,2025-02-17
V004587,2025-02-04,P003,C039,56,2245,125720,8680,2419,2025-02-28
V004588,2025-02-04,P018,C075,15,2787,41805,1695,670,2025-02-14
V004589,2025-02-05,P011,C024,5,449,2245,255,248,2025-02-28
V004590,2025-02-05,P011,C046,26,495,12870,130,985,2025-02-19
V004591,2025-02-05,P007,C074,33,751,24783,1617,1311,2025-03-05
V004592,2025-02-05,P011,C077,17,466,7922,578,696,2025-02-20
V004593,2025-02-05,P010,C054,11,426,4686,264,423,2025-03-01
V004594,2025-02-05,P016,C008,24,1366,32784,0,1236,2025-02-23
V004595,2025-02-05,P003,C003,47,2484,116748,0,1661,2025-02-18
V004596,2025-02-05,P013,C049,7,3159,22113,287,434,2025-02-25
V004597,2025-02-05,P015,C027,97,966,93702,1358,6015,2025-02-20
V004598,2025-02-05,P010,C065,20,427,8540,460,849,2025-03-03
V004599,2025-02-05,P013,C001,52,3087,160524,5876,2359,2025-02-19
V004600,2025-02-05,P018,C067,17,2761,46937,2363,430,2025-03-06
V004601,2025-02-05,P007,C020,20,770,15400,600,487,2025-03-06
V004602,2025-02-05,P018,C074,28,2694,75432,5768,1321,2025-03-05
V004603,2025-02-05,P012,C036,110,1384,152240,7260,4759,2025-02-21
V004604,2025-02-05,P007,C064,10,808,8080,0,345,2025-02-24
V004605,2025-02-05,P012,C072,12,1393,16716,684,276,2025-02-17
V004606,2025-02-05,P009,C054,20,1780,35600,2400,1406,2025-03-01
V004607,2025-02-05,P007,C030,28,801,22428,0,886,2025-02-12
V004608,2025-02-05,P011,C017,23,471,10833,667,804,2025-03-04
V004609,2025-02-06,P003,C071,11,2408,26488,0,361,2025-02-24
V004610,2025-02-06,P015,C012,90,917,82530,5670,3854,2025-02-22
V004611,2025-02-06,P015,C036,16,999,15984,0,816,2025-02-22
V004612,2025-02-06,P017,C041,30,2244,67320,6180,1716,2025-03-07
V004613,2025-02-06,P002,C020,13,12136,157768,13832,495,2025-03-07
V004614,2025-02-06,P013,C036,17,3018,51306,3094,642,2025-02-22
V004615,2025-02-06,P008,C039,35,624,21840,910,2003,2025-03-02
V004616,2025-02-06,P011,C023,11,492,5412,88,514,2025-03-03
V004617,2025-02-06,P015,C009,20,877,17540,2060,1130,2025-03-02
V004618,2025-02-06,P019,C008,13,2776,36088,2912,647,2025-02-24
V004619,2025-02-06,P019,C016,103,2822,290666,18334,4991,2025-03-08
V004620,2025-02-06,P004,C044,93,9827,913911,62589,4728,2025-02-20
V004621,2025-02-06,P012,C071,71,1374,97554,5396,1909,2025-02-24
V004622,2025-02-06,P019,C006,9,2892,26028,972,479,2025-02-18
V004623,2025-02-06,P005,C070,17,853,14501,799,820,2025-02-16
V004624,2025-02-07,P017,C041,38,2266,86108,6992,2470,2025-03-08
V004625,2025-02-07,P007,C067,40,743,29720,2280,1629,2025-03-08
V004626,2025-02-07,P003,C077,13,2258,29354,1846,537,2025-02-22
V004627,2025-02-07,P013,C048,10,3107,31070,930,487,2025-03-01
V004628,2025-02-07,P019,C029,56,2839,158984,9016,2464,2025-03-06
V004629,2025-02-07,P014,C064,10,1103,11030,0,398,2025-02-26
V004630,2025-02-07,P007,C021,26,786,20436,364,1119,2025-03-06
V004631,2025-02-07,P005,C010,35,817,28595,2905,2431,2025-02-23
V004632,2025-02-07,P002,C073,23,12523,288029,15571,1165,2025-03-06
V004633,2025-02-07,P015,C033,25,980,24500,0,1409,2025-02-18
V004634,2025-02-07,P006,C054,82,5897,483554,24846,2289,2025-03-03
V004635,2025-02-08,P013,C076,57,3156,179892,2508,2831,2025-02-21
V004636,2025-02-08,P003,C022,8,2415,19320,0,401,2025-03-04
V004637,2025-02-09,P003,C016,29,2247,65163,4437,869,2025-03-11
V004638,2025-02-09,P008,C079,15,596,8940,810,962,2025-02-16
V004639,2025-02-09,P017,C064,68,2487,169116,0,3585,2025-02-28
V004640,2025-02-09,P008,C015,17,610,10370,680,562,2025-03-09
V004641,2025-02-09,P020,C014,44,13472,592768,45232,1749,2025-02-27
V004642,2025-02-09,P018,C007,53,2761,146333,7367,2613,2025-02-26
V004643,2025-02-09,P005,C007,98,923,90454,0,3521,2025-02-26
V004644,2025-02-09,P001,C033,6,14752,88512,4488,282,2025-02-20
V004645,2025-02-09,P018,C010,36,2806,101016,3384,1692,2025-02-25
V004646,2025-02-09,P018,C031,13,2773,36049,1651,786,2025-03-04
V004647,2025-02-10,P001,C052,42,15396,646632,4368,1567,2025-02-23
V004648,2025-02-10,P014,C017,35,1035,36225,2275,1952,2025-03-09
V004649,2025-02-10,P018,C029,41,2861,117301,1599,1612,2025-03-09
V004650,2025-02-10,P002,C063,11,12615,138765,6435,606,2025-02-22
V004651,2025-02-10,P020,C003,16,15414,246624,0,442,2025-02-23
V004652,2025-02-10,P015,C056,39,933,36387,1833,2220,2025-02-22
V004653,2025-02-10,P013,C078,7,2901,20307,2093,336,2025-02-18
V004654,2025-02-10,P013,C037,23,3034,69782,3818,932,2025-02-19
V004655,2025-02-10,P010,C049,44,439,19316,484,1823,2025-03-02
V004656,2025-02-10,P013,C017,29,3030,87870,4930,1419,2025-03-09
V004657,2025-02-10,P013,C050,5,3061,15305,695,229,2025-02-18
V004658,2025-02-10,P007,C040,26,778,20228,572,875,2025-02-23
V004659,2025-02-10,P018,C077,34,2878,97852,748,1647,2025-02-25
V004660,2025-02-10,P013,C021,105,3111,326655,9345,3775,2025-03-09
V004661,2025-02-10,P006,C009,23,6372,146556,0,1372,2025-03-06
V004662,2025-02-11,P005,C036,15,897,13455,45,950,2025-02-27
V004663,2025-02-11,P013,C005,16,3135,50160,1040,766,2025-03-08
V004664,2025-02-11,P012,C008,19,1317,25023,2527,501,2025-03-01
V004665,2025-02-11,P008,C043,16,619,9904,496,493,2025-02-20
V004666,2025-02-11,P012,C053,38,1373,52174,2926,1419,2025-02-26
V004667,2025-02-11,P005,C016,16,862,13792,608,411,2025-03-13
V004668,2025-02-11,P009,C010,23,1785,41055,2645,569,2025-02-27
V004669,2025-02-11,P007,C060,53,769,40757,1643,2022,2025-02-24
V004670,2025-02-11,P010,C006,32,458,14656,0,2026,2025-02-23
V004671,2025-02-11,P005,C030,9,920,8280,0,326,2025-02-18
V004672,2025-02-11,P017,C011,23,2496,57408,0,911,2025-03-08
V004673,2025-02-11,P019,C050,13,2971,38623,377,561,2025-02-19
V004674,2025-02-11,P015,C067,81,920,74520,4860,3914,2025-03-12
V004675,2025-02-11,P011,C047,23,472,10856,644,1684,2025-03-13
V004676,2025-02-12,P005,C054,8,790,6320,880,357,2025-03-08
V004677,2025-02-12,P005,C026,36,845,30420,1980,2285,2025-02-21
V004678,2025-02-12,P005,C042,16,929,14864,0,419,2025-03-05
V004679,2025-02-12,P018,C024,25,2715,67875,4625,1103,2025-03-07
V004680,2025-02-12,P012,C030,26,1337,34762,2938,1146,2025-02-19
V004681,2025-02-12,P001,C034,20,13785,275700,34300,1061,2025-03-07
V004682,2025-02-12,P002,C069,9,12282,110538,8262,408,2025-02-21
V004683,2025-02-12,P017,C058,9,2385,21465,585,563,2025-03-05
V004684,2025-02-12,P007,C050,27,805,21735,0,1553,2025-02-20
V004685,2025-02-12,P005,C051,7,921,6447,0,350,2025-03-03
V004686,2025-02-12,P003,C033,36,2453,88308,0,1639,2025-02-23
V004687,2025-02-12,P001,C050,15,15223,228345,4155,544,2025-02-20
V004688,2025-02-12,P010,C046,33,442,14586,264,1371,2025-02-26
V004689,2025-02-12,P020,C079,4,14569,58276,0,125,2025-02-19
V004690,2025-02-12,P015,C022,56,927,51912,2968,2580,2025-03-08
V004691,2025-02-13,P007,C039,15,747,11205,795,575,2025-03-09
V004692,2025-02-13,P018,C046,81,2673,216513,18387,2514,2025-02-27
V004693,2025-02-13,P017,C065,24,2305,55320,3480,435,2025-03-11
V004694,2025-02-13,P005,C015,16,841,13456,944,721,2025-03-13
V004695,2025-02-13,P015,C056,26,961,24986,494,1065,2025-02-25
V004696,2025-02-14,P006,C024,11,5649,62139,6061,533,2025-03-09
V004697,2025-02-14,P015,C002,17,962,16354,306,884,2025-03-10
V004698,2025-02-14,P017,C028,50,2318,115900,6600,2881,2025-03-16
V004699,2025-02-14,P016,C033,19,1373,26087,0,850,2025-02-25
V004700,2025-02-14,P013,C002,14,3248,45472,0,1077,2025-03-10
V004701,2025-02-14,P005,C016,38,850,32300,1900,1186,2025-03-16
V004702,2025-02-14,P004,C075,37,10307,381359,7141,1304,2025-02-24
V004703,2025-02-14,P018,C022,21,2788,58548,2352,810,2025-03-10
V004704,2025-02-14,P009,C028,27,1878,50706,594,1234,2025-03-16
V004705,2025-02-15,P019,C056,29,2980,86420,580,1386,2025-02-27
V004706,2025-02-15,P013,C005,61,3120,190320,4880,2722,2025-03-12
V004707,2025-02-15,P007,C033,29,801,23229,0,1301,2025-02-26
V004708,2025-02-15,P009,C075,62,1883,116746,1054,3376,2025-02-25
V004709,2025-02-15,P010,C056,19,431,8189,361,969,2025-02-27
V004710,2025-02-15,P013,C031,21,2906,61026,6174,1010,2025-03-10
V004711,2025-02-15,P010,C072,36,438,15768,432,1560,2025-02-27
V004712,2025-02-16,P011,C075,18,501,9018,0,784,2025-02-26
V004713,2025-02-16,P012,C074,31,1395,43245,1705,556,2025-03-16
V004714,2025-02-16,P007,C053,7,752,5264,336,399,2025-03-03
V004715,2025-02-16,P016,C052,21,1253,26313,2037,981,2025-03-01
V004716,2025-02-16,P007,C047,41,780,31980,820,2667,2025-03-18
V004717,2025-02-16,P003,C063,12,2255,27060,1740,488,2025-02-28
V004718,2025-02-16,P018,C004,35,2828,98980,2520,771,2025-03-17
V004719,2025-02-16,P007,C026,26,788,20488,312,607,2025-02-25
V004720,2025-02-17,P012,C004,16,1347,21552,1648,1189,2025-03-18
V004721,2025-02-17,P010,C037,15,450,6750,0,638,2025-02-26
V004722,2025-02-17,P006,C010,12,5967,71604,2796,541,2025-03-05
V004723,2025-02-17,P017,C051,14,2296,32144,2156,541,2025-03-08
V004724,2025-02-17,P020,C074,51,14208,724608,14892,2052,2025-03-17
V004725,2025-02-17,P001,C049,10,14315,143150,11850,571,2025-03-09
V004726,2025-02-17,P013,C058,29,3129,90741,2059,746,2025-03-10
V004727,2025-02-18,P006,C056,12,6185,74220,180,600,2025-03-02
V004728,2025-02-18,P013,C073,30,2980,89400,6600,833,2025-03-17
V004729,2025-02-18,P012,C047,54,1420,76680,1620,3474,2025-03-20
V004730,2025-02-18,P016,C060,13,1393,18109,0,814,2025-03-03
V004731,2025-02-18,P016,C027,28,1320,36960,840,963,2025-03-05
V004732,2025-02-18,P019,C055,24,2762,66288,5712,966,2025-02-25
V004733,2025-02-18,P018,C054,36,2732,98352,6048,1443,2025-03-14
V004734,2025-02-18,P012,C065,39,1410,54990,1560,2458,2025-03-16
V004735,2025-02-18,P007,C053,10,784,7840,160,548,2025-03-05
V004736,2025-02-18,P016,C055,18,1321,23778,522,688,2025-02-25
V004737,2025-02-18,P011,C067,18,470,8460,540,921,2025-03-19
V004738,2025-02-18,P019,C034,8,2762,22096,1904,294,2025-03-13
V004739,2025-02-18,P015,C033,74,937,69338,3182,2872,2025-03-01
V004740,2025-02-18,P001,C047,13,14836,192868,8632,575,2025-03-20
V004741,2025-02-18,P009,C068,28,1837,51436,1764,1725,2025-03-17
V004742,2025-02-18,P011,C004,5,468,2340,160,287,2025-03-19
V004743,2025-02-18,P002,C062,24,12383,297192,19608,1042,2025-03-13
V004744,2025-02-18,P018,C048,73,2836,207028,4672,4389,2025-03-12
V004745,2025-02-19,P014,C077,25,1045,26125,1375,1640,2025-03-06
V004746,2025-02-19,P016,C029,22,1308,28776,924,790,2025-03-18
V004747,2025-02-19,P012,C001,35,1457,50995,0,2710,2025-03-05
V004748,2025-02-19,P009,C004,19,1821,34599,1501,730,2025-03-20
V004749,2025-02-19,P012,C067,12,1357,16284,1116,427,2025-03-20
V004750,2025-02-19,P007,C038,57,755,43035,2565,2134,2025-03-15
V004751,2025-02-19,P013,C056,34,3229,109786,0,720,2025-03-03
V004752,2025-02-19,P016,C026,54,1274,68796,4104,2480,2025-02-28
V004753,2025-02-19,P020,C019,69,13940,961860,38640,2429,2025-03-06
V004754,2025-02-19,P003,C007,30,2205,66150,5850,1398,2025-03-08
V004755,2025-02-19,P020,C042,12,13272,159264,14736,519,2025-03-12
V004756,2025-02-20,P016,C073,28,1307,36596,1204,1493,2025-03-19
V004757,2025-02-20,P001,C055,12,15316,183792,2208,440,2025-02-27
V004758,2025-02-20,P012,C035,36,1311,47196,5004,1165,2025-03-02
V004759,2025-02-20,P001,C045,53,14671,777563,43937,1783,2025-03-01
V004760,2025-02-20,P006,C060,9,5767,51903,3897,388,2025-03-05
V004761,2025-02-20,P016,C008,22,1345,29590,110,821,2025-03-10
V004762,2025-02-20,P004,C021,27,9925,267975,15525,496,2025-03-19
V004763,2025-02-20,P007,C073,13,743,9659,741,620,2025-03-19
V004764,2025-02-20,P019,C067,22,2794,61468,4532,1069,2025-03-21
V004765,2025-02-20,P017,C002,23,2494,57362,0,1173,2025-03-16
V004766,2025-02-20,P013,C047,21,3187,66927,273,1007,2025-03-22
V004767,2025-02-20,P007,C069,31,747,23157,1643,1338,2025-03-01
V004768,2025-02-20,P007,C002,12,772,9264,336,381,2025-03-16
V004769,2025-02-20,P014,C043,42,1087,45654,546,1909,2025-03-01
V004770,2025-02-20,P009,C080,14,1741,24374,2226,638,2025-03-04
V004771,2025-02-20,P004,C058,33,10097,333201,13299,2069,2025-03-13
V004772,2025-02-20,P013,C033,17,3003,51051,3349,1019,2025-03-03
V004773,2025-02-20,P009,C034,27,1899,51273,27,580,2025-03-15
V004774,2025-02-21,P007,C004,15,747,11205,795,533,2025-03-22
V004775,2025-02-21,P012,C056,17,1381,23477,1173,717,2025-03-05
V004776,2025-02-21,P012,C021,20,1457,29140,0,943,2025-03-20
V004777,2025-02-21,P006,C032,30,6007,180210,5790,1077,2025-03-20
V004778,2025-02-21,P002,C024,30,12147,364410,31590,1504,2025-03-16
V004779,2025-02-21,P020,C046,11,13960,153560,5940,489,2025-03-07
V004780,2025-02-21,P010,C017,8,409,3272,328,331,2025-03-20
V004781,2025-02-21,P013,C067,4,3077,12308,492,168,2025-03-22
V004782,2025-02-21,P008,C008,47,590,27730,2820,1945,2025-03-11
V004783,2025-02-21,P007,C067,12,739,8868,732,554,2025-03-22
V004784,2025-02-21,P007,C076,13,772,10036,364,878,2025-03-06
V004785,2025-02-21,P012,C011,25,1412,35300,950,976,2025-03-18
V004786,2025-02-21,P017,C018,21,2404,50484,966,1119,2025-03-01
V004787,2025-02-21,P004,C065,6,9818,58908,4092,331,2025-03-19
V004788,2025-02-21,P014,C068,60,1126,67560,0,3447,2025-03-20
V004789,2025-02-21,P019,C006,11,2852,31372,1628,249,2025-03-05
V004790,2025-02-21,P011,C039,13,461,5993,507,737,2025-03-17
V004791,2025-02-21,P011,C002,108,466,50328,3672,4777,2025-03-17
V004792,2025-02-21,P004,C042,40,10258,410320,9680,2078,2025-03-14
V004793,2025-02-21,P014,C038,5,1036,5180,320,271,2025-03-17
V004794,2025-02-21,P007,C048,53,776,41128,1272,2492,2025-03-15
V004795,2025-02-21,P005,C020,18,848,15264,936,1161,2025-03-22
V004796,2025-02-22,P016,C064,13,1312,17056,494,700,2025-03-13
V004797,2025-02-22,P004,C017,13,10423,135499,1001,380,2025-03-21
V004798,2025-02-22,P008,C062,31,632,19592,558,1409,2025-03-17
V004799,2025-02-22,P010,C043,70,426,29820,1680,4700,2025-03-03
V004800,2025-02-22,P019,C054,22,2840,62480,3520,442,2025-03-18
V004801,2025-02-22,P014,C055,6,1035,6210,390,333,2025-03-01
V004802,2025-02-22,P016,C016,12,1314,15768,432,845,2025-03-24
V004803,2025-02-22,P006,C058,21,5948,124908,5292,894,2025-03-15
V004804,2025-02-22,P010,C016,68,425,28900,1700,2318,2025-03-24
V004805,2025-02-23,P003,C037,31,2444,75764,0,1884,2025-03-04
V004806,2025-02-23,P002,C008,18,12569,226242,11358,1006,2025-03-13
V004807,2025-02-23,P011,C047,57,438,24966,3534,1917,2025-03-25
V004808,2025-02-23,P007,C027,42,786,33012,588,1489,2025-03-10
V004809,2025-02-23,P017,C007,32,2346,75072,3328,1478,2025-03-12
V004810,2025-02-24,P003,C004,24,2355,56520,1080,1141,2025-03-25
V004811,2025-02-24,P016,C012,19,1257,23883,1767,891,2025-03-12
V004812,2025-02-24,P006,C012,33,5824,192192,12408,1345,2025-03-12
V004813,2025-02-24,P018,C050,82,2680,219760,18040,4266,2025-03-04
V004814,2025-02-24,P017,C065,27,2387,64449,1701,1236,2025-03-22
V004815,2025-02-24,P012,C048,48,1374,65952,3648,2014,2025-03-18
V004816,2025-02-24,P012,C027,15,1389,20835,915,720,2025-03-11
V004817,2025-02-24,P007,C031,20,825,16500,0,1039,2025-03-19
V004818,2025-02-24,P008,C070,26,639,16614,286,1568,2025-03-06
V004819,2025-02-24,P003,C072,24,2246,53904,3696,1760,2025-03-08
V004820,2025-02-24,P015,C067,40,941,37640,1560,2792,2025-03-25
V004821,2025-02-24,P005,C002,25,858,21450,1050,942,2025-03-20
V004822,2025-02-24,P006,C052,20,6180,123600,400,1256,2025-03-09
V004823,2025-02-24,P010,C036,39,426,16614,936,1508,2025-03-12
V004824,2025-02-24,P006,C064,28,5970,167160,6440,1710,2025-03-15
V004825,2025-02-24,P011,C067,20,473,9460,540,1211,2025-03-25
V004826,2025-02-24,P006,C040,18,6363,114534,0,1074,2025-03-09
V004827,2025-02-24,P009,C050,37,1848,68376,1924,1073,2025-03-04
V004828,2025-02-24,P011,C032,12,486,5832,168,403,2025-03-23
V004829,2025-02-24,P005,C026,26,881,22906,494,1419,2025-03-05
V004830,2025-02-24,P019,C002,37,2976,110112,888,1543,2025-03-20
V004831,2025-02-24,P014,C067,34,1082,36788,612,1078,2025-03-25
V004832,2025-02-25,P008,C018,13,655,8515,0,841,2025-03-05
V004833,2025-02-25,P008,C060,12,608,7296,504,499,2025-03-10
V004834,2025-02-25,P013,C009,13,3220,41860,0,467,2025-03-21
V004835,2025-02-25,P017,C042,23,2482,57086,0,823,2025-03-18
V004836,2025-02-25,P011,C075,12,499,5988,12,402,2025-03-07
V004837,2025-02-25,P015,C052,39,949,37011,1209,1318,2025-03-10
V004838,2025-02-25,P015,C065,15,970,14550,150,731,2025-03-23
V004839,2025-02-25,P003,C017,85,2220,188700,15300,3966,2025-03-24
V004840,2025-02-26,P020,C034,13,13308,173004,15496,758,2025-03-21
V004841,2025-02-26,P012,C053,5,1401,7005,245,189,2025-03-13
V004842,2025-02-26,P002,C038,24,12476,299424,17376,1116,2025-03-22
V004843,2025-02-26,P012,C018,11,1377,15147,803,452,2025-03-06
V004844,2025-02-26,P017,C045,41,2380,97580,2870,1370,2025-03-07
V004845,2025-02-26,P004,C031,25,10315,257875,4625,1248,2025-03-21
V004846,2025-02-26,P007,C024,85,671,57035,10965,3815,2025-03-21
V004847,2025-02-26,P014,C053,31,1090,33790,310,955,2025-03-13
V004848,2025-02-26,P002,C036,14,13043,182602,2198,726,2025-03-14
V004849,2025-02-26,P017,C079,23,2417,55591,759,1340,2025-03-05
V004850,2025-02-26,P017,C035,4,2264,9056,744,105,2025-03-08
V004851,2025-02-26,P010,C075,44,430,18920,880,1907,2025-03-08
V004852,2025-02-27,P016,C003,33,1281,42273,2277,1363,2025-03-12
V004853,2025-02-27,P004,C038,23,9810,225630,15870,1548,2025-03-23
V004854,2025-02-27,P016,C062,64,1275,81600,4800,3284,2025-03-22
V004855,2025-02-27,P014,C010,8,1024,8192,608,384,2025-03-15
V004856,2025-02-27,P007,C059,12,746,8952,648,441,2025-03-23
V004857,2025-02-27,P008,C012,12,598,7176,624,768,2025-03-15
V004858,2025-02-27,P006,C029,16,5785,92560,6640,813,2025-03-26
V004859,2025-02-27,P017,C003,21,2281,47901,3549,1010,2025-03-12
V004860,2025-02-28,P014,C059,32,1104,35328,0,1039,2025-03-24
V004861,2025-02-28,P005,C059,31,941,29171,0,1441,2025-03-24
V004862,2025-02-28,P014,C071,23,1097,25231,69,1040,2025-03-18
V004863,2025-02-28,P003,C010,28,2186,61208,5992,1407,2025-03-16
V004864,2025-02-28,P007,C024,54,739,39906,3294,1618,2025-03-23
V004865,2025-02-28,P008,C030,16,607,9712,688,636,2025-03-07
V004866,2025-02-28,P003,C054,8,2389,19112,88,283,2025-03-24
V004867,2025-02-28,P007,C019,93,770,71610,2790,4810,2025-03-15
V004868,2025-03-01,P013,C034,19,2800,53200,7600,1307,2025-03-24
V004869,2025-03-01,P011,C015,26,486,12636,364,1195,2025-03-29
V004870,2025-03-01,P003,C042,39,2373,92547,1053,1838,2025-03-22
V004871,2025-03-01,P002,C078,15,12143,182145,15855,390,2025-03-09
V004872,2025-03-02,P014,C026,21,1048,22008,1092,788,2025-03-11
V004873,2025-03-02,P002,C001,28,12582,352296,17304,1596,2025-03-16
V004874,2025-03-02,P009,C030,21,1801,37821,2079,836,2025-03-09
V004875,2025-03-02,P015,C002,100,926,92600,5400,4712,2025-03-26
V004876,2025-03-02,P006,C044,143,6168,882024,4576,9647,2025-03-16
V004877,2025-03-03,P007,C073,32,735,23520,2080,861,2025-03-30
V004878,2025-03-03,P012,C049,25,1355,33875,2375,947,2025-03-23
V004879,2025-03-03,P012,C078,9,1312,11808,1242,395,2025-03-11
V004880,2025-03-03,P003,C008,49,2388,117012,588,1714,2025-03-21
V004881,2025-03-03,P013,C078,34,2910,98940,9860,1374,2025-03-11
V004882,2025-03-03,P019,C028,57,2865,163305,7695,2437,2025-04-02
V004883,2025-03-03,P020,C033,30,13463,403890,31110,1812,2025-03-14
V004884,2025-03-03,P010,C046,18,441,7938,162,606,2025-03-17
V004885,2025-03-03,P016,C049,17,1352,22984,0,785,2025-03-23
V004886,2025-03-03,P011,C055,15,475,7125,375,585,2025-03-10
V004887,2025-03-03,P001,C017,54,14960,807840,29160,2215,2025-03-30
V004888,2025-03-04,P014,C066,22,1027,22594,1606,706,2025-03-29
V004889,2025-03-04,P019,C001,22,2898,63756,2244,1125,2025-03-18
V004890,2025-03-04,P013,C022,24,3161,75864,936,725,2025-03-28
V004891,2025-03-04,P017,C060,21,2326,48846,2604,947,2025-03-17
V004892,2025-03-04,P009,C076,20,1692,33840,4160,880,2025-03-17
V004893,2025-03-04,P004,C014,26,9760,253760,19240,747,2025-03-22
V004894,2025-03-04,P013,C040,3,2927,8781,819,151,2025-03-17
V004895,2025-03-04,P020,C047,12,13337,160044,13956,136,2025-04-03
V004896,2025-03-04,P006,C020,13,6159,80067,533,386,2025-04-02
V004897,2025-03-04,P019,C059,81,2908,235548,7452,2339,2025-03-28
V004898,2025-03-04,P012,C006,10,1320,13200,1300,541,2025-03-16
V004899,2025-03-04,P017,C054,28,2251,63028,5572,1151,2025-03-28
V004900,2025-03-04,P004,C063,33,9141,301653,44847,1833,2025-03-16
V004901,2025-03-04,P016,C058,28,1400,39200,0,1187,2025-03-25
V004902,2025-03-04,P011,C071,14,464,6496,504,794,2025-03-22
V004903,2025-03-04,P019,C061,33,2897,95601,3399,1570,2025-04-03
V004904,2025-03-04,P003,C079,7,2370,16590,210,259,2025-03-11
V004905,2025-03-04,P019,C016,19,2916,55404,1596,1058,2025-04-03
V004906,2025-03-04,P002,C028,28,12140,339920,29680,1115,2025-04-03
V004907,2025-03-04,P002,C042,33,11950,394350,41250,1422,2025-03-25
V004908,2025-03-04,P016,C048,15,1273,19095,1155,840,2025-03-26
V004909,2025-03-05,P002,C018,27,12181,328887,27513,1101,2025-03-13
V004910,2025-03-05,P016,C065,14,1329,18606,294,818,2025-03-31
V004911,2025-03-05,P019,C026,16,2755,44080,3920,794,2025-03-14
V004912,2025-03-05,P006,C017,14,5737,80318,6482,698,2025-04-01
V004913,2025-03-05,P014,C043,10,1029,10290,710,249,2025-03-14
V004914,2025-03-05,P015,C048,68,968,65824,816,3307,2025-03-27
V004915,2025-03-05,P016,C064,74,1250,92500,7400,2953,2025-03-24
V004916,2025-03-05,P007,C010,9,773,6957,243,483,2025-03-21
V004917,2025-03-05,P003,C009,36,2409,86724,0,1734,2025-03-29
V004918,2025-03-06,P006,C007,31,5938,184078,8122,1156,2025-03-23
V004919,2025-03-06,P019,C048,21,2699,56679,6321,1203,2025-03-28
V004920,2025-03-06,P009,C026,16,1693,27088,3312,630,2025-03-15
V004921,2025-03-06,P015,C001,49,926,45374,2646,2735,2025-03-20
V004922,2025-03-06,P009,C030,48,1867,89616,1584,1932,2025-03-13
V004923,2025-03-06,P004,C008,33,9865,325545,20955,2230,2025-03-24
V004924,2025-03-06,P019,C061,17,2856,48552,2448,1031,2025-04-05
V004925,2025-03-06,P004,C001,9,10480,94320,180,464,2025-03-20
V004926,2025-03-06,P020,C054,175,13707,2398725,138775,6743,2025-03-30
V004927,2025-03-06,P005,C076,14,884,12376,224,597,2025-03-19
V004928,2025-03-06,P010,C065,21,413,8673,777,546,2025-04-01
V004929,2025-03-06,P014,C037,14,1072,15008,392,498,2025-03-15
V004930,2025-03-06,P011,C037,21,516,10836,0,607,2025-03-15
V004931,2025-03-06,P008,C044,73,600,43800,3650,2342,2025-03-20
V004932,2025-03-06,P005,C032,25,871,21775,725,1018,2025-04-02
V004933,2025-03-06,P015,C032,30,886,26580,2820,1876,2025-04-02
V004934,2025-03-06,P020,C044,39,13612,530868,34632,1069,2025-03-20
V004935,2025-03-06,P002,C054,64,12816,820224,24576,2857,2025-03-30
V004936,2025-03-07,P012,C014,19,1454,27626,0,1001,2025-03-25
V004937,2025-03-07,P003,C023,18,2288,41184,2016,879,2025-04-01
V004938,2025-03-07,P017,C006,46,2349,108054,4646,3109,2025-03-19
V004939,2025-03-07,P017,C043,17,2312,39304,2346,571,2025-03-16
V004940,2025-03-07,P012,C002,12,1473,17676,0,445,2025-03-31
V004941,2025-03-07,P003,C043,60,2201,132060,11940,3069,2025-03-16
V004942,2025-03-07,P012,C061,26,1383,35958,1742,983,2025-04-06
V004943,2025-03-07,P010,C076,26,423,10998,702,754,2025-03-20
V004944,2025-03-07,P006,C074,29,5780,167620,12180,1298,2025-04-04
V004945,2025-03-07,P010,C001,33,418,13794,1056,1454,2025-03-21
V004946,2025-03-07,P013,C074,29,3058,88682,4118,1511,2025-04-04
V004947,2025-03-07,P011,C020,6,491,2946,54,308,2025-04-05
V004948,2025-03-07,P002,C020,41,11533,472853,68347,2384,2025-04-05
V004949,2025-03-07,P017,C067,19,2343,44517,2033,941,2025-04-05
V004950,2025-03-07,P018,C019,12,2725,32700,2100,476,2025-03-22
V004951,2025-03-07,P013,C059,44,3033,133452,7348,1828,2025-03-31
V004952,2025-03-07,P014,C040,15,1012,15180,1320,361,2025-03-20
V004953,2025-03-07,P004,C025,11,10187,112057,3443,542,2025-03-18
V004954,2025-03-07,P013,C069,16,3071,49136,2064,1024,2025-03-16
V004955,2025-03-07,P001,C017,5,14842,74210,3290,180,2025-04-03
V004956,2025-03-07,P006,C051,23,5969,137287,5313,1515,2025-03-26
V004957,2025-03-07,P001,C018,10,14742,147420,7580,462,2025-03-15
V004958,2025-03-08,P016,C050,38,1259,47842,3458,1182,2025-03-16
V004959,2025-03-08,P019,C069,23,3008,69184,0,780,2025-03-17
V004960,2025-03-08,P016,C039,8,1361,10888,0,225,2025-04-01
V004961,2025-03-08,P016,C018,10,1254,12540,960,631,2025-03-16
V004962,2025-03-08,P002,C003,16,13437,214992,0,796,2025-03-21
V004963,2025-03-08,P003,C003,73,2307,168411,6789,1898,2025-03-21
V004964,2025-03-08,P016,C019,15,1337,20055,195,649,2025-03-23
V004965,2025-03-08,P006,C056,5,5601,28005,2995,267,2025-03-20
V004966,2025-03-08,P018,C076,37,2597,96089,11211,1743,2025-03-21
V004967,2025-03-09,P019,C071,18,2836,51048,2952,775,2025-03-27
V004968,2025-03-09,P018,C022,46,2819,129674,3726,2574,2025-04-02
V004969,2025-03-09,P007,C022,41,749,30709,2091,1364,2025-04-02
V004970,2025-03-09,P016,C006,11,1307,14377,473,779,2025-03-21
V004971,2025-03-09,P015,C030,7,925,6475,385,361,2025-03-16
V004972,2025-03-10,P014,C075,32,1037,33184,2016,1167,2025-03-20
V004973,2025-03-10,P010,C060,34,449,15266,34,458,2025-03-23
V004974,2025-03-10,P001,C064,23,13791,317193,39307,812,2025-03-29
V004975,2025-03-10,P010,C073,13,407,5291,559,362,2025-04-06
V004976,2025-03-10,P007,C045,21,760,15960,840,695,2025-03-19
V004977,2025-03-10,P003,C031,24,2256,54144,3456,1417,2025-04-02
V004978,2025-03-11,P020,C033,29,13868,402172,18328,1515,2025-03-22
V004979,2025-03-11,P012,C075,19,1429,27151,399,467,2025-03-21
V004980,2025-03-11,P002,C042,28,13049,365372,4228,1457,2025-04-01
V004981,2025-03-11,P012,C015,20,1420,28400,600,1008,2025-04-08
V004982,2025-03-11,P014,C030,20,986,19720,2280,547,2025-03-18
V004983,2025-03-11,P011,C004,13,442,5746,754,592,2025-04-09
V004984,2025-03-12,P005,C031,14,847,11858,742,321,2025-04-04
V004985,2025-03-12,P015,C006,9,877,7893,927,486,2025-03-24
V004986,2025-03-12,P017,C080,35,2258,79030,6720,2577,2025-03-24
V004987,2025-03-12,P010,C057,18,434,7812,288,735,2025-03-20
V004988,2025-03-12,P006,C057,16,5568,89088,10112,724,2025-03-20
V004989,2025-03-12,P003,C012,6,2371,14226,174,481,2025-03-28
V004990,2025-03-12,P004,C003,14,10312,144368,2632,381,2025-03-25
V004991,2025-03-12,P011,C075,89,492,43788,712,4134,2025-03-22
V004992,2025-03-13,P004,C066,36,9694,348984,29016,1889,2025-04-07
V004993,2025-03-13,P012,C012,10,1366,13660,840,627,2025-03-29
V004994,2025-03-13,P001,C070,48,15562,746976,0,2474,2025-03-23
V004995,2025-03-13,P016,C069,17,1323,22491,459,1086,2025-03-22
V004996,2025-03-13,P010,C073,29,434,12586,464,1279,2025-04-09
V004997,2025-03-13,P005,C003,11,852,9372,528,408,2025-03-26
V004998,2025-03-13,P007,C040,18,760,13680,720,852,2025-03-26
V004999,2025-03-13,P002,C003,16,13244,211904,0,828,2025-03-26
V005000,2025-03-13,P004,C026,12,9786,117432,8568,746,2025-03-22
V005001,2025-03-13,P019,C039,5,2902,14510,490,9,2025-04-06
V005002,2025-03-13,P005,C030,28,867,24276,924,155,2025-03-20
V005003,2025-03-13,P015,C017,33,944,31152,1188,1333,2025-04-09
V005004,2025-03-13,P017,C077,63,2268,142884,11466,2398,2025-03-28
V005005,2025-03-13,P018,C059,23,2697,62031,4669,1136,2025-04-06
V005006,2025-03-13,P003,C028,23,2430,55890,0,1260,2025-04-12
V005007,2025-03-13,P020,C069,13,13730,178490,10010,515,2025-03-22
V005008,2025-03-13,P009,C065,23,1769,40687,3013,1316,2025-04-08
V005009,2025-03-13,P011,C044,37,448,16576,1924,1614,2025-03-27
V005010,2025-03-13,P015,C029,13,947,12311,429,562,2025-04-09
V005011,2025-03-13,P019,C052,74,3017,223258,0,3640,2025-03-26
V005012,2025-03-13,P004,C045,24,10219,245256,6744,1005,2025-03-22
V005013,2025-03-14,P011,C031,45,515,23175,0,2264,2025-04-06
V005014,2025-03-14,P010,C077,15,435,6525,225,743,2025-03-29
V005015,2025-03-14,P019,C041,15,2782,41730,3270,770,2025-04-12
V005016,2025-03-14,P005,C007,11,821,9031,869,545,2025-03-31
V005017,2025-03-14,P006,C008,32,5873,187936,10464,1116,2025-04-01
V005018,2025-03-14,P011,C029,30,510,15300,0,1080,2025-04-10
V005019,2025-03-14,P015,C067,48,892,42816,4224,2403,2025-04-12
V005020,2025-03-14,P017,C068,29,2396,69484,1566,1213,2025-04-10
V005021,2025-03-14,P005,C014,8,838,6704,496,284,2025-04-01
V005022,2025-03-14,P003,C016,37,2373,87801,999,1961,2025-04-13
V005023,2025-03-14,P016,C069,16,1241,19856,1744,744,2025-03-23
V005024,2025-03-14,P009,C035,11,1831,20141,759,384,2025-03-24
V005025,2025-03-14,P016,C008,39,1280,49920,2730,1854,2025-04-01
V005026,2025-03-14,P001,C016,23,15266,351118,5382,1053,2025-04-13
V005027,2025-03-14,P011,C060,64,474,30336,1664,2419,2025-03-27
V005028,2025-03-14,P001,C060,15,14491,217365,15135,807,2025-03-27
V005029,2025-03-14,P017,C073,30,2399,71970,1530,847,2025-04-10
V005030,2025-03-14,P007,C008,24,731,17544,1656,1170,2025-04-01
V005031,2025-03-14,P017,C076,26,2379,61854,1846,1015,2025-03-27
V005032,2025-03-14,P015,C003,14,1002,14028,0,871,2025-03-27
V005033,2025-03-14,P007,C008,10,788,7880,120,437,2025-04-01
V005034,2025-03-15,P003,C034,34,2199,74766,6834,1291,2025-04-07
V005035,2025-03-15,P012,C077,12,1396,16752,648,783,2025-03-30
V005036,2025-03-15,P009,C026,32,1912,61184,0,991,2025-03-24
V005037,2025-03-15,P016,C038,16,1351,21616,0,871,2025-04-08
V005038,2025-03-15,P005,C027,11,907,9977,0,659,2025-03-30
V005039,2025-03-16,P005,C004,18,864,15552,648,1029,2025-04-14
V005040,2025-03-16,P019,C027,39,2966,115674,1326,1699,2025-03-31
V005041,2025-03-17,P014,C057,36,1065,38340,1260,1943,2025-03-25
V005042,2025-03-17,P005,C041,33,871,28743,957,1320,2025-04-15
V005043,2025-03-17,P011,C080,29,455,13195,1305,1496,2025-03-29
V005044,2025-03-17,P003,C069,5,2270,11350,650,284,2025-03-26
V005045,2025-03-17,P011,C069,57,497,28329,171,3267,2025-03-26
V005046,2025-03-17,P012,C008,24,1324,31776,3024,736,2025-04-04
V005047,2025-03-17,P010,C005,15,439,6585,165,890,2025-04-11
V005048,2025-03-17,P019,C030,49,2795,136955,10045,859,2025-03-24
V005049,2025-03-17,P011,C022,23,510,11730,0,1123,2025-04-10
V005050,2025-03-18,P002,C064,38,11885,451630,49970,1225,2025-04-06
V005051,2025-03-18,P015,C028,11,973,10703,77,234,2025-04-17
V005052,2025-03-18,P012,C024,10,1269,12690,1810,457,2025-04-10
V005053,2025-03-18,P010,C036,26,429,11154,546,1127,2025-04-03
V005054,2025-03-18,P014,C037,18,1099,19782,18,1063,2025-03-27
V005055,2025-03-18,P015,C047,23,954,21942,598,540,2025-04-17
V005056,2025-03-18,P018,C046,31,2738,84878,5022,1294,2025-04-01
V005057,2025-03-18,P001,C033,10,14669,146690,8310,513,2025-03-29
V005058,2025-03-18,P014,C006,10,954,9540,1460,285,2025-03-30
V005059,2025-03-18,P008,C019,104,601,62504,5096,4942,2025-04-02
V005060,2025-03-18,P005,C051,52,914,47528,0,1919,2025-04-06
V005061,2025-03-18,P016,C038,8,1301,10408,392,293,2025-04-11
V005062,2025-03-18,P012,C008,29,1360,39440,2610,821,2025-04-05
V005063,2025-03-18,P019,C039,10,2756,27560,2440,442,2025-04-11
V005064,2025-03-19,P005,C059,26,855,22230,1170,956,2025-04-12
V005065,2025-03-19,P003,C064,27,2250,60750,4050,1345,2025-04-07
V005066,2025-03-19,P010,C078,34,394,13396,1904,1661,2025-03-27
V005067,2025-03-19,P004,C023,22,10509,231198,0,1253,2025-04-13
V005068,2025-03-19,P010,C019,21,436,9156,294,1431,2025-04-03
V005069,2025-03-19,P009,C004,9,1857,16713,387,613,2025-04-17
V005070,2025-03-19,P005,C061,18,885,15930,270,726,2025-04-18
V005071,2025-03-19,P001,C036,49,15298,749602,9898,1957,2025-04-04
V005072,2025-03-19,P012,C013,8,1394,11152,448,399,2025-04-07
V005073,2025-03-19,P004,C003,77,9610,739970,68530,3215,2025-04-01
V005074,2025-03-19,P002,C062,36,12286,442296,32904,1185,2025-04-11
V005075,2025-03-19,P006,C068,9,5743,51687,4113,465,2025-04-15
V005076,2025-03-20,P006,C027,29,5909,171361,8439,2066,2025-04-04
V005077,2025-03-20,P008,C059,4,618,2472,128,123,2025-04-13
V005078,2025-03-20,P007,C078,16,748,11968,832,1051,2025-03-28
V005079,2025-03-20,P012,C016,14,1446,20244,56,484,2025-04-19
V005080,2025-03-20,P017,C050,77,2403,185031,3619,1071,2025-03-28
V005081,2025-03-20,P011,C028,55,483,26565,935,2573,2025-04-19
V005082,2025-03-20,P006,C001,27,6162,166374,1026,1357,2025-04-03
V005083,2025-03-20,P001,C073,56,13887,777672,90328,2789,2025-04-16
V005084,2025-03-20,P008,C014,18,617,11106,594,992,2025-04-07
V005085,2025-03-20,P006,C059,47,5868,275796,15604,1465,2025-04-13
V005086,2025-03-20,P014,C070,19,1074,20406,494,815,2025-03-30
V005087,2025-03-20,P019,C036,18,3036,54648,0,802,2025-04-05
V005088,2025-03-21,P014,C005,14,1082,15148,252,347,2025-04-15
V005089,2025-03-21,P020,C067,12,13949,167388,6612,506,2025-04-19
V005090,2025-03-21,P006,C026,24,5937,142488,6312,1089,2025-03-30
V005091,2025-03-21,P020,C037,59,15129,892611,0,2785,2025-03-30
V005092,2025-03-21,P009,C016,8,1753,14024,1176,328,2025-04-20
V005093,2025-03-21,P012,C067,36,1359,48924,3276,2074,2025-04-19
V005094,2025-03-21,P001,C076,11,14829,163119,7381,532,2025-04-03
V005095,2025-03-21,P020,C057,14,13576,190064,12936,703,2025-03-29
V005096,2025-03-21,P013,C017,20,3121,62420,1580,869,2025-04-17
V005097,2025-03-21,P004,C037,33,9748,321684,24816,2453,2025-03-30
V005098,2025-03-21,P008,C071,11,652,7172,0,391,2025-04-08
V005099,2025-03-21,P009,C052,10,1753,17530,1470,566,2025-04-03
V005100,2025-03-21,P010,C078,3,382,1146,204,162,2025-03-29
V005101,2025-03-21,P018,C054,31,2883,89373,527,964,2025-04-14
V005102,2025-03-21,P012,C069,17,1464,24888,0,920,2025-03-30
V005103,2025-03-21,P002,C051,22,11694,257268,33132,1269,2025-04-09
V005104,2025-03-21,P017,C058,35,2244,78540,7210,1753,2025-04-11
V005105,2025-03-21,P011,C028,22,493,10846,154,946,2025-04-20
V005106,2025-03-21,P007,C015,21,752,15792,1008,641,2025-04-18
V005107,2025-03-21,P005,C034,22,799,17578,2222,1070,2025-04-13
V005108,2025-03-21,P016,C076,14,1324,18536,364,326,2025-04-03
V005109,2025-03-21,P012,C051,34,1323,44982,4318,1791,2025-04-09
V005110,2025-03-22,P005,C007,44,912,40128,0,1816,2025-04-08
V005111,2025-03-22,P016,C027,12,1403,16836,0,263,2025-04-06
V005112,2025-03-22,P003,C020,25,2218,55450,4550,621,2025-04-20
V005113,2025-03-22,P012,C076,13,1384,17992,858,490,2025-04-04
V005114,2025-03-22,P013,C049,44,2939,129316,11484,2017,2025-04-11
V005115,2025-03-22,P014,C078,5,1068,5340,160,208,2025-03-30
V005116,2025-03-22,P013,C044,28,2958,82824,6776,1225,2025-04-05
V005117,2025-03-22,P018,C035,35,2890,101150,350,1569,2025-04-01
V005118,2025-03-22,P015,C004,89,934,83126,4094,4112,2025-04-20
V005119,2025-03-22,P009,C049,12,1832,21984,816,831,2025-04-11
V005120,2025-03-22,P002,C007,77,13455,1036035,0,4354,2025-04-08
V005121,2025-03-23,P010,C037,10,453,4530,0,546,2025-04-01
V005122,2025-03-23,P013,C031,24,2870,68880,7920,1308,2025-04-15
V005123,2025-03-23,P012,C062,75,1432,107400,1350,2093,2025-04-15
V005124,2025-03-23,P009,C048,45,1850,83250,2250,2238,2025-04-14
V005125,2025-03-23,P018,C064,17,2692,45764,3536,778,2025-04-11
V005126,2025-03-23,P008,C009,8,604,4832,368,291,2025-04-16
V005127,2025-03-23,P006,C054,15,5874,88110,4890,642,2025-04-16
V005128,2025-03-23,P006,C018,15,6222,93330,0,425,2025-03-31
V005129,2025-03-23,P017,C021,9,2443,21987,63,423,2025-04-19
V005130,2025-03-24,P007,C018,6,715,4290,510,349,2025-04-01
V005131,2025-03-24,P016,C010,9,1289,11601,549,580,2025-04-09
V005132,2025-03-24,P015,C049,19,903,17157,1463,1005,2025-04-13
V005133,2025-03-24,P008,C074,52,602,31304,2496,2999,2025-04-21
V005134,2025-03-24,P016,C058,37,1260,46620,3330,2026,2025-04-14
V005135,2025-03-24,P014,C050,20,1067,21340,660,887,2025-04-01
V005136,2025-03-24,P012,C017,11,1371,15081,869,597,2025-04-20
V005137,2025-03-25,P003,C063,19,2234,42446,3154,662,2025-04-06
V005138,2025-03-25,P017,C018,29,2444,70876,174,1295,2025-04-02
V005139,2025-03-25,P010,C036,20,439,8780,220,807,2025-04-10
V005140,2025-03-25,P018,C060,35,2615,91525,9975,1454,2025-04-07
V005141,2025-03-25,P009,C005,11,1866,20526,374,473,2025-04-19
V005142,2025-03-25,P002,C032,17,13253,225301,0,932,2025-04-21
V005143,2025-03-25,P019,C031,46,2830,130180,7820,1583,2025-04-17
V005144,2025-03-25,P009,C065,25,1762,44050,3450,1128,2025-04-20
V005145,2025-03-25,P010,C046,12,425,5100,300,636,2025-04-08
V005146,2025-03-26,P020,C059,49,13764,674436,36064,1515,2025-04-19
V005147,2025-03-26,P011,C010,40,453,18120,1880,1792,2025-04-11
V005148,2025-03-26,P003,C031,12,2274,27288,1512,459,2025-04-18
V005149,2025-03-26,P018,C074,5,2644,13220,1280,204,2025-04-23
V005150,2025-03-26,P003,C060,12,2406,28872,0,415,2025-04-08
V005151,2025-03-26,P020,C079,21,13331,279951,24549,1101,2025-04-02
V005152,2025-03-26,P016,C054,31,1323,41013,837,2026,2025-04-19
V005153,2025-03-26,P018,C037,10,2753,27530,1470,496,2025-04-04
V005154,2025-03-26,P019,C059,12,2860,34320,1680,345,2025-04-19
V005155,2025-03-26,P002,C012,26,12813,333138,10062,747,2025-04-11
V005156,2025-03-26,P005,C002,22,900,19800,0,1320,2025-04-19
V005157,2025-03-26,P012,C010,29,1456,42224,0,971,2025-04-11
V005158,2025-03-26,P013,C022,36,3084,111024,4176,1726,2025-04-19
V005159,2025-03-26,P013,C044,21,3110,65310,1890,615,2025-04-09
V005160,2025-03-26,P012,C005,24,1387,33288,1512,799,2025-04-20
V005161,2025-03-26,P011,C031,29,478,13862,638,1556,2025-04-18
V005162,2025-03-26,P016,C041,5,1300,6500,250,111,2025-04-24
V005163,2025-03-27,P009,C021,24,1843,44232,1368,1051,2025-04-23
V005164,2025-03-27,P009,C048,36,1825,65700,2700,1896,2025-04-18
V005165,2025-03-27,P002,C075,88,12286,1081168,80432,3217,2025-04-06
V005166,2025-03-27,P005,C034,16,824,13184,1216,641,2025-04-19
V005167,2025-03-27,P020,C002,22,13586,298892,20108,922,2025-04-20
V005168,2025-03-27,P011,C031,51,468,23868,1632,1740,2025-04-19
V005169,2025-03-28,P011,C033,22,491,10802,198,1168,2025-04-08
V005170,2025-03-28,P008,C044,15,643,9645,105,801,2025-04-11
V005171,2025-03-28,P004,C024,51,10132,516732,18768,3090,2025-04-20
V005172,2025-03-28,P008,C075,5,624,3120,130,194,2025-04-07
V005173,2025-03-28,P009,C023,22,1840,40480,1320,1066,2025-04-22
V005174,2025-03-28,P002,C013,15,13056,195840,2160,472,2025-04-16
V005175,2025-03-28,P019,C007,20,2957,59140,860,663,2025-04-14
V005176,2025-03-28,P020,C043,24,14131,339144,8856,779,2025-04-06
V005177,2025-03-28,P007,C073,30,793,23790,210,1322,2025-04-24
V005178,2025-03-28,P008,C073,33,576,19008,2442,1696,2025-04-24
V005179,2025-03-28,P010,C024,18,414,7452,648,804,2025-04-20
V005180,2025-03-28,P013,C042,26,3030,78780,4420,591,2025-04-18
V005181,2025-03-28,P007,C051,16,766,12256,544,865,2025-04-16
V005182,2025-03-28,P006,C073,42,6050,254100,6300,2047,2025-04-24
V005183,2025-03-28,P001,C008,22,16027,352594,0,670,2025-04-15
V005184,2025-03-29,P017,C031,16,2463,39408,0,798,2025-04-21
V005185,2025-03-29,P015,C070,16,1010,16160,0,868,2025-04-08
V005186,2025-03-29,P007,C070,33,804,26532,0,1532,2025-04-08
V005187,2025-03-29,P002,C055,12,11682,140184,18216,706,2025-04-05
V005188,2025-03-29,P015,C043,16,909,14544,1136,834,2025-04-07
V005189,2025-03-29,P018,C040,15,2724,40860,2640,735,2025-04-11
V005190,2025-03-29,P006,C037,41,6037,247517,6683,1038,2025-04-07
V005191,2025-03-29,P014,C068,6,1084,6504,96,294,2025-04-25
V005192,2025-03-30,P007,C043,12,789,9468,132,911,2025-04-08
V005193,2025-03-30,P003,C066,11,2356,25916,484,365,2025-04-24
V005194,2025-03-30,P019,C050,10,2795,27950,2050,571,2025-04-07
V005195,2025-03-30,P011,C053,46,504,23184,0,1694,2025-04-14
V005196,2025-03-30,P015,C041,9,920,8280,540,458,2025-04-28
V005197,2025-03-30,P009,C018,8,1878,15024,176,544,2025-04-07
V005198,2025-03-30,P011,C012,35,458,16030,1470,1645,2025-04-15
V005199,2025-03-30,P012,C026,22,1342,29524,2376,1016,2025-04-08
V005200,2025-03-31,P003,C037,11,2316,25476,924,577,2025-04-09
V005201,2025-03-31,P016,C006,25,1268,31700,2050,1141,2025-04-12
V005202,2025-03-31,P018,C019,7,2827,19789,511,429,2025-04-15
V005203,2025-03-31,P005,C040,89,850,75650,4450,3607,2025-04-13
V005204,2025-03-31,P012,C005,49,1382,67718,3332,2158,2025-04-25
V005205,2025-03-31,P014,C076,36,1100,39600,0,1802,2025-04-13
V005206,2025-03-31,P018,C028,39,2785,108615,4485,1280,2025-04-30
V005207,2025-03-31,P020,C004,23,12817,294791,38709,1493,2025-04-29
V005208,2025-03-31,P013,C078,14,2777,38878,5922,737,2025-04-08
V005209,2025-03-31,P001,C073,28,14623,409444,24556,1367,2025-04-27
V005210,2025-03-31,P012,C003,24,1428,34272,528,1539,2025-04-13
V005211,2025-03-31,P014,C022,34,1022,34748,2652,1898,2025-04-24
V005212,2025-04-01,P007,C019,11,779,8569,231,578,2025-04-16
V005213,2025-04-01,P010,C053,27,456,12312,0,1088,2025-04-16
V005214,2025-04-01,P009,C060,31,1823,56513,2387,2158,2025-04-14
V005215,2025-04-01,P014,C054,21,1131,23751,0,1316,2025-04-25
V005216,2025-04-01,P020,C050,17,14356,244052,2448,1091,2025-04-09
V005217,2025-04-01,P013,C067,63,2934,184842,16758,1496,2025-04-30
V005218,2025-04-01,P012,C011,24,1379,33096,1704,791,2025-04-26
V005219,2025-04-01,P003,C030,30,2433,72990,0,559,2025-04-08
V005220,2025-04-02,P008,C013,26,645,16770,130,1454,2025-04-21
V005221,2025-04-02,P007,C035,21,781,16401,399,603,2025-04-12
V005222,2025-04-02,P007,C064,56,730,40880,3920,1743,2025-04-21
V005223,2025-04-02,P003,C021,12,2227,26724,2076,539,2025-04-29
V005224,2025-04-02,P001,C001,28,15123,423444,10556,1373,2025-04-16
V005225,2025-04-02,P003,C025,4,2224,8896,704,125,2025-04-13
V005226,2025-04-02,P003,C038,49,2326,113974,3626,2525,2025-04-26
V005227,2025-04-02,P002,C024,12,12456,149472,8928,456,2025-04-25
V005228,2025-04-02,P002,C015,13,13528,175864,0,620,2025-04-30
V005229,2025-04-02,P008,C013,33,609,20097,1353,1184,2025-04-21
V005230,2025-04-02,P019,C002,8,3048,24384,0,358,2025-04-26
V005231,2025-04-03,P013,C044,36,3047,109692,5508,1977,2025-04-17
V005232,2025-04-03,P008,C033,24,660,15840,0,1497,2025-04-14
V005233,2025-04-03,P011,C037,33,474,15642,858,1353,2025-04-12
V005234,2025-04-03,P002,C071,22,13408,294976,0,1524,2025-04-21
V005235,2025-04-03,P002,C033,45,11798,530910,63090,1893,2025-04-14
V005236,2025-04-03,P018,C026,10,2745,27450,1550,392,2025-04-12
V005237,2025-04-03,P007,C022,6,794,4764,36,276,2025-04-27
V005238,2025-04-03,P020,C028,7,13665,95655,5845,302,2025-05-03
V005239,2025-04-03,P012,C024,34,1279,43486,5814,1987,2025-04-26
V005240,2025-04-03,P002,C021,20,12631,252620,11380,757,2025-04-30
V005241,2025-04-03,P007,C022,56,812,45472,0,2706,2025-04-27
V005242,2025-04-03,P003,C052,22,2382,52404,396,254,2025-04-16
V005243,2025-04-03,P015,C069,21,924,19404,1176,854,2025-04-12
V005244,2025-04-03,P004,C043,13,10071,130923,5577,680,2025-04-12
V005245,2025-04-03,P015,C030,34,982,33388,0,1665,2025-04-10
V005246,2025-04-03,P003,C062,14,2496,34944,0,689,2025-04-26
V005247,2025-04-03,P001,C047,33,13983,461439,50061,1391,2025-05-03
V005248,2025-04-03,P002,C044,10,12442,124420,7580,583,2025-04-17
V005249,2025-04-04,P011,C021,25,474,11850,650,1132,2025-05-01
V005250,2025-04-04,P016,C065,14,1222,17108,1792,643,2025-04-30
V005251,2025-04-04,P018,C030,16,2827,45232,1168,567,2025-04-11
V005252,2025-04-04,P017,C030,11,2448,26928,22,503,2025-04-11
V005253,2025-04-04,P006,C057,8,6106,48848,752,352,2025-04-12
V005254,2025-04-04,P005,C071,55,864,47520,1980,2572,2025-04-22
V005255,2025-04-04,P004,C012,31,10109,313379,12121,1478,2025-04-20
V005256,2025-04-04,P007,C050,24,762,18288,912,1025,2025-04-12
V005257,2025-04-04,P001,C023,16,15598,249568,0,833,2025-04-29
V005258,2025-04-04,P009,C061,78,1732,135096,13104,3848,2025-05-04
V005259,2025-04-04,P009,C070,9,1761,15849,1251,448,2025-04-14
V005260,2025-04-04,P017,C072,20,2325,46500,2500,780,2025-04-16
V005261,2025-04-04,P009,C008,19,1913,36347,0,906,2025-04-22
V005262,2025-04-04,P018,C011,69,2757,190233,9867,2754,2025-04-29
V005263,2025-04-04,P002,C016,17,12799,217583,6817,567,2025-05-04
V005264,2025-04-04,P015,C054,69,927,63963,3657,3661,2025-04-28
V005265,2025-04-04,P013,C004,20,3184,63680,320,786,2025-05-03
V005266,2025-04-04,P015,C006,14,942,13188,532,645,2025-04-16
V005267,2025-04-04,P012,C030,15,1420,21300,450,845,2025-04-11
V005268,2025-04-04,P005,C042,36,874,31464,936,1931,2025-04-25
V005269,2025-04-05,P018,C061,38,2724,103512,6688,1706,2025-05-05
V005270,2025-04-05,P015,C022,69,958,66102,1518,4189,2025-04-29
V005271,2025-04-05,P011,C061,76,499,37924,76,5099,2025-05-05
V005272,2025-04-05,P001,C079,13,14707,191191,10309,496,2025-04-12
V005273,2025-04-05,P020,C068,16,13545,216720,15280,688,2025-05-02
V005274,2025-04-05,P015,C032,26,935,24310,1170,863,2025-05-02
V005275,2025-04-05,P012,C017,42,1334,56028,4872,1681,2025-05-02
V005276,2025-04-05,P015,C052,22,964,21208,352,967,2025-04-18
V005277,2025-04-05,P008,C040,27,642,17334,216,1423,2025-04-18
V005278,2025-04-05,P008,C035,33,620,20460,990,1288,2025-04-15
V005279,2025-04-05,P012,C051,31,1375,42625,2325,1079,2025-04-24
V005280,2025-04-06,P007,C052,25,773,19325,675,1405,2025-04-19
V005281,2025-04-06,P002,C037,16,12739,203824,7376,629,2025-04-15
V005282,2025-04-06,P010,C027,16,436,6976,224,782,2025-04-21
V005283,2025-04-06,P015,C044,12,929,11148,612,720,2025-04-20
V005284,2025-04-06,P016,C037,32,1269,40608,2592,2160,2025-04-15
V005285,2025-04-06,P010,C049,17,426,7242,408,855,2025-04-26
V005286,2025-04-06,P004,C016,58,10088,585104,23896,1613,2025-05-06
V005287,2025-04-06,P006,C033,30,5586,167580,18420,967,2025-04-17
V005288,2025-04-07,P006,C033,21,6053,127113,3087,1481,2025-04-18
V005289,2025-04-07,P020,C068,46,13375,615250,51750,1272,2025-05-04
V005290,2025-04-07,P012,C031,18,1313,23634,2466,1191,2025-04-30
V005291,2025-04-07,P003,C068,15,2341,35115,885,600,2025-05-04
V005292,2025-04-07,P008,C007,16,634,10144,256,644,2025-04-24
V005293,2025-04-07,P011,C026,23,468,10764,736,1167,2025-04-16
V005294,2025-04-07,P008,C062,26,675,17550,0,1070,2025-04-30
V005295,2025-04-07,P010,C027,160,430,68800,3200,6969,2025-04-22
V005296,2025-04-07,P014,C076,15,1003,15045,1455,925,2025-04-20
V005297,2025-04-07,P014,C032,64,1100,70400,0,4091,2025-05-04
V005298,2025-04-07,P003,C067,74,2297,169978,7622,3098,2025-05-06
V005299,2025-04-07,P011,C002,13,479,6227,273,650,2025-05-01
V005300,2025-04-07,P019,C002,18,2921,52578,1422,805,2025-05-01
V005301,2025-04-07,P002,C001,29,13551,392979,0,1283,2025-04-21
V005302,2025-04-07,P008,C018,14,581,8134,966,512,2025-04-15
V005303,2025-04-07,P009,C079,25,1893,47325,175,1201,2025-04-14
V005304,2025-04-07,P013,C049,48,3074,147552,6048,1528,2025-04-27
V005305,2025-04-07,P009,C021,36,1753,63108,5292,2008,2025-05-04
V005306,2025-04-08,P016,C022,6,1337,8022,78,171,2025-05-02
V005307,2025-04-08,P020,C035,22,13407,294954,24046,1042,2025-04-18
V005308,2025-04-08,P016,C078,23,1268,29164,1886,1078,2025-04-16
V005309,2025-04-08,P016,C074,19,1240,23560,2090,511,2025-05-06
V005310,2025-04-08,P007,C050,22,754,16588,1012,1332,2025-04-16
V005311,2025-04-08,P002,C048,30,12602,378060,17940,908,2025-04-30
V005312,2025-04-08,P011,C001,124,481,59644,2356,6080,2025-04-22
V005313,2025-04-08,P008,C044,60,636,38160,840,2761,2025-04-22
V005314,2025-04-08,P012,C071,34,1442,49028,272,1433,2025-04-26
V005315,2025-04-08,P001,C080,20,13655,273100,36900,431,2025-04-20
V005316,2025-04-08,P013,C003,46,3129,143934,3266,2237,2025-04-21
V005317,2025-04-09,P003,C065,16,2263,36208,2192,560,2025-05-05
V005318,2025-04-09,P010,C014,30,440,13200,300,1562,2025-04-27
V005319,2025-04-09,P019,C038,11,2912,32032,968,313,2025-05-03
V005320,2025-04-09,P011,C052,19,488,9272,228,545,2025-04-22
V005321,2025-04-09,P016,C059,8,1288,10304,496,262,2025-05-03
V005322,2025-04-10,P011,C059,55,494,27170,330,1822,2025-05-04
V005323,2025-04-10,P012,C020,18,1500,27000,0,632,2025-05-09
V005324,2025-04-10,P018,C038,15,2802,42030,1470,627,2025-05-04
V005325,2025-04-10,P016,C042,61,1277,77897,4453,2405,2025-05-01
V005326,2025-04-10,P009,C073,92,1706,156952,17848,5127,2025-05-07
V005327,2025-04-10,P007,C080,20,773,15460,540,480,2025-04-22
V005328,2025-04-10,P019,C079,12,2867,34404,1596,693,2025-04-17
V005329,2025-04-10,P002,C072,17,12506,212602,11798,729,2025-04-22
V005330,2025-04-10,P005,C037,9,837,7533,567,610,2025-04-19
V005331,2025-04-10,P008,C070,12,640,7680,120,868,2025-04-20
V005332,2025-04-10,P016,C049,33,1261,41613,2937,1213,2025-04-30
V005333,2025-04-10,P010,C017,63,437,27531,819,2871,2025-05-07
V005334,2025-04-10,P012,C019,8,1335,10680,920,361,2025-04-25
V005335,2025-04-10,P015,C019,25,1031,25775,0,540,2025-04-25
V005336,2025-04-10,P007,C028,29,821,23809,0,1824,2025-05-10
V005337,2025-04-11,P016,C011,12,1370,16440,0,518,2025-05-06
V005338,2025-04-11,P008,C008,23,619,14237,713,1367,2025-04-29
V005339,2025-04-11,P010,C032,14,412,5768,532,736,2025-05-08
V005340,2025-04-11,P001,C078,22,14413,317086,23914,1036,2025-04-19
V005341,2025-04-11,P003,C005,84,2084,175056,26544,4031,2025-05-06
V005342,2025-04-11,P014,C064,16,1006,16096,1504,1119,2025-04-30
V005343,2025-04-12,P010,C046,18,440,7920,180,713,2025-04-26
V005344,2025-04-12,P017,C015,45,2334,105030,5220,1683,2025-05-10
V005345,2025-04-12,P004,C014,32,9901,316832,19168,1643,2025-04-30
V005346,2025-04-12,P002,C069,40,12791,511640,16360,2140,2025-04-21
V005347,2025-04-12,P003,C027,13,2501,32513,0,764,2025-04-27
V005348,2025-04-12,P017,C041,10,2307,23070,1430,465,2025-05-11
V005349,2025-04-12,P009,C003,16,1768,28288,2112,809,2025-04-25
V005350,2025-04-12,P010,C014,35,439,15365,385,1136,2025-04-30
V005351,2025-04-13,P004,C054,76,10115,768740,29260,6151,2025-05-07
V005352,2025-04-13,P005,C059,90,844,75960,5040,3661,2025-05-07
V005353,2025-04-13,P006,C075,15,5841,87615,5385,857,2025-04-23
V005354,2025-04-13,P006,C045,5,6191,30955,45,206,2025-04-22
V005355,2025-04-14,P015,C060,33,902,29766,2574,1344,2025-04-27
V005356,2025-04-14,P017,C072,26,2278,59228,4472,658,2025-04-26
V005357,2025-04-14,P019,C039,42,3012,126504,0,2266,2025-05-08
V005358,2025-04-14,P011,C080,34,452,15368,1632,1218,2025-04-26
V005359,2025-04-14,P013,C038,33,3077,101541,4059,1447,2025-05-08
V005360,2025-04-14,P009,C010,17,1788,30396,1904,973,2025-04-30
V005361,2025-04-14,P001,C009,23,14088,324024,32476,1067,2025-05-08
V005362,2025-04-14,P002,C016,44,12546,552024,28776,2027,2025-05-14
V005363,2025-04-14,P020,C030,21,13639,286419,18081,765,2025-04-21
V005364,2025-04-14,P002,C017,33,12764,421212,14388,1425,2025-05-11
V005365,2025-04-15,P008,C035,34,619,21046,1054,1359,2025-04-25
V005366,2025-04-15,P004,C029,22,10267,225874,5126,576,2025-05-12
V005367,2025-04-15,P013,C035,18,3116,56088,1512,989,2025-04-25
V005368,2025-04-15,P006,C065,48,5985,287280,10320,2444,2025-05-11
V005369,2025-04-15,P018,C052,21,2762,58002,2898,1038,2025-04-28
V005370,2025-04-15,P012,C007,11,1334,14674,1276,474,2025-05-02
V005371,2025-04-15,P012,C046,32,1350,43200,3200,2090,2025-04-29
V005372,2025-04-15,P014,C011,47,1134,53298,0,2009,2025-05-10
V005373,2025-04-15,P002,C073,16,12412,198592,12608,585,2025-05-12
V005374,2025-04-15,P012,C041,11,1404,15444,506,457,2025-05-14
V005375,2025-04-15,P007,C076,14,761,10654,546,678,2025-04-28
V005376,2025-04-15,P005,C048,19,854,16226,874,803,2025-05-07
V005377,2025-04-15,P005,C055,53,862,45686,2014,1836,2025-04-22
V005378,2025-04-15,P013,C075,23,2893,66539,7061,1088,2025-04-25
V005379,2025-04-15,P017,C078,10,2246,22460,2040,559,2025-04-23
V005380,2025-04-15,P016,C007,16,1219,19504,2096,564,2025-05-02
V005381,2025-04-15,P006,C024,113,5631,636303,64297,3675,2025-05-08
V005382,2025-04-15,P005,C031,22,909,19998,0,765,2025-05-08
V005383,2025-04-15,P004,C063,32,10401,332832,3168,760,2025-04-27
V005384,2025-04-16,P015,C003,42,907,38094,3066,2650,2025-04-29
V005385,2025-04-16,P001,C054,34,15216,517344,9656,1550,2025-05-10
V005386,2025-04-16,P014,C061,6,1020,6120,480,274,2025-05-16
V005387,2025-04-16,P020,C038,9,13855,124695,5805,442,2025-05-10
V005388,2025-04-16,P010,C002,86,437,37582,1118,5539,2025-05-10
V005389,2025-04-16,P016,C027,15,1286,19290,960,527,2025-05-01
V005390,2025-04-16,P013,C027,35,3041,106435,5565,1298,2025-05-01
V005391,2025-04-16,P011,C053,8,476,3808,192,309,2025-05-01
V005392,2025-04-16,P008,C070,79,620,48980,2370,2722,2025-04-26
V005393,2025-04-16,P014,C018,35,1073,37555,945,2153,2025-04-24
V005394,2025-04-16,P003,C014,23,2195,50485,4715,1072,2025-05-04
V005395,2025-04-17,P013,C055,20,2924,58480,5520,439,2025-04-24
V005396,2025-04-17,P010,C062,14,444,6216,84,450,2025-05-10
V005397,2025-04-17,P009,C044,40,1805,72200,3800,1102,2025-05-01
V005398,2025-04-17,P020,C036,14,13502,189028,13972,842,2025-05-03
V005399,2025-04-17,P004,C026,14,9704,135856,11144,901,2025-04-26
V005400,2025-04-17,P015,C043,13,915,11895,845,515,2025-04-26
V005401,2025-04-17,P008,C007,17,601,10217,833,688,2025-05-04
V005402,2025-04-17,P003,C017,63,2272,143136,8064,3377,2025-05-14
V005403,2025-04-17,P020,C038,54,13632,736128,46872,2429,2025-05-11
V005404,2025-04-17,P020,C065,13,13941,181233,7267,597,2025-05-13
V005405,2025-04-18,P011,C016,14,467,6538,462,633,2025-05-18
V005406,2025-04-18,P003,C032,20,2358,47160,840,698,2025-05-15
V005407,2025-04-18,P012,C018,152,1465,222680,0,6112,2025-04-26
V005408,2025-04-18,P013,C014,71,2978,211438,15762,2081,2025-05-06
V005409,2025-04-18,P019,C004,27,2865,77355,3645,1776,2025-05-17
V005410,2025-04-18,P007,C033,35,719,25165,2835,1670,2025-04-29
V005411,2025-04-19,P013,C010,32,2872,91904,10496,1245,2025-05-05
V005412,2025-04-19,P011,C044,40,475,19000,1000,1020,2025-05-03
V005413,2025-04-19,P017,C025,14,2280,31920,2380,203,2025-04-30
V005414,2025-04-19,P012,C076,37,1416,52392,1258,1686,2025-05-02
V005415,2025-04-19,P010,C012,11,426,4686,264,527,2025-05-05
V005416,2025-04-19,P011,C030,16,475,7600,400,723,2025-04-26
V005417,2025-04-19,P015,C018,26,959,24934,546,1106,2025-04-27
V005418,2025-04-19,P019,C080,13,2675,34775,4225,633,2025-05-01
V005419,2025-04-20,P001,C026,29,14974,434246,15254,898,2025-04-29
V005420,2025-04-20,P013,C047,34,3039,103326,5474,1174,2025-05-20
V005421,2025-04-20,P011,C063,60,476,28560,1440,2713,2025-05-02
V005422,2025-04-20,P009,C051,36,1826,65736,2664,2051,2025-05-09
V005423,2025-04-21,P019,C044,15,2762,41430,3570,607,2025-05-05
V005424,2025-04-21,P008,C007,42,597,25074,2226,1880,2025-05-08
V005425,2025-04-21,P002,C021,8,13052,104416,1184,524,2025-05-18
V005426,2025-04-21,P014,C017,38,1025,38950,2850,1672,2025-05-18
V005427,2025-04-22,P010,C050,12,438,5256,144,300,2025-04-30
V005428,2025-04-22,P001,C006,56,13660,764960,103040,2331,2025-05-04
V005429,2025-04-22,P009,C051,18,1830,32940,1260,995,2025-05-11
V005430,2025-04-22,P016,C037,14,1221,17094,1806,493,2025-05-01
V005431,2025-04-22,P002,C071,26,13098,340548,2652,1410,2025-05-10
V005432,2025-04-22,P019,C049,23,2922,67206,1794,1180,2025-05-12
V005433,2025-04-23,P012,C038,6,1346,8076,624,190,2025-05-17
V005434,2025-04-23,P006,C046,27,6221,167967,0,1125,2025-05-07
V005435,2025-04-23,P002,C026,48,12720,610560,23040,2084,2025-05-02
V005436,2025-04-23,P010,C022,30,438,13140,360,1072,2025-05-17
V005437,2025-04-24,P020,C080,45,13180,593100,59400,1640,2025-05-06
V005438,2025-04-24,P005,C032,29,826,23954,2146,377,2025-05-21
V005439,2025-04-24,P013,C056,36,3235,116460,0,1120,2025-05-06
V005440,2025-04-24,P007,C040,26,759,19734,1066,1622,2025-05-07
V005441,2025-04-24,P007,C003,25,755,18875,1125,1223,2025-05-07
V005442,2025-04-24,P019,C027,76,2946,223896,4104,2125,2025-05-09
V005443,2025-04-24,P006,C050,34,5962,202708,8092,1563,2025-05-02
V005444,2025-04-24,P004,C045,70,9913,693910,41090,3018,2025-05-03
V005445,2025-04-24,P008,C014,9,607,5463,387,455,2025-05-12
V005446,2025-04-24,P015,C052,50,859,42950,6050,1271,2025-05-07
V005447,2025-04-24,P018,C071,39,2808,109512,3588,1639,2025-05-12
V005448,2025-04-24,P005,C068,16,899,14384,16,767,2025-05-21
V005449,2025-04-24,P006,C031,20,5714,114280,9720,919,2025-05-17
V005450,2025-04-24,P020,C022,12,13762,165144,8856,464,2025-05-18
V005451,2025-04-24,P011,C044,39,486,18954,546,2198,2025-05-08
V005452,2025-04-24,P019,C054,22,2778,61116,4884,1297,2025-05-18
V005453,2025-04-24,P010,C041,14,439,6146,154,793,2025-05-23
V005454,2025-04-24,P010,C039,24,437,10488,312,956,2025-05-18
V005455,2025-04-25,P020,C074,41,14801,606841,0,2528,2025-05-23
V005456,2025-04-25,P004,C041,39,10081,393159,16341,2095,2025-05-24
V005457,2025-04-25,P012,C010,16,1387,22192,1008,497,2025-05-11
V005458,2025-04-25,P002,C048,10,13565,135650,0,178,2025-05-17
V005459,2025-04-25,P001,C078,26,14183,368758,34242,1283,2025-05-03
V005460,2025-04-25,P019,C029,15,3038,45570,0,788,2025-05-22
V005461,2025-04-25,P011,C066,46,480,22080,920,1563,2025-05-20
V005462,2025-04-25,P007,C031,26,728,18928,1872,714,2025-05-18
V005463,2025-04-25,P005,C036,41,850,34850,2050,2209,2025-05-11
V005464,2025-04-25,P011,C061,30,478,14340,660,1340,2025-05-25
V005465,2025-04-25,P007,C022,22,745,16390,1210,613,2025-05-19
V005466,2025-04-25,P013,C021,51,3160,161160,2040,1973,2025-05-22
V005467,2025-04-25,P015,C033,21,970,20370,210,1426,2025-05-06
V005468,2025-04-25,P007,C061,20,769,15380,620,530,2025-05-25
V005469,2025-04-25,P014,C068,15,1038,15570,930,603,2025-05-22
V005470,2025-04-25,P019,C036,30,2880,86400,3600,1334,2025-05-11
V005471,2025-04-25,P013,C024,13,2918,37934,3666,838,2025-05-18
V005472,2025-04-26,P012,C036,18,1429,25722,378,562,2025-05-12
V005473,2025-04-26,P011,C069,14,516,7224,0,694,2025-05-05
V005474,2025-04-26,P006,C065,11,5870,64570,3630,594,2025-05-22
V005475,2025-04-26,P020,C002,16,14157,226512,5488,497,2025-05-20
V005476,2025-04-26,P013,C047,21,3110,65310,1890,623,2025-05-26
V005477,2025-04-26,P014,C018,36,1034,37224,2376,1579,2025-05-04
V005478,2025-04-26,P018,C053,45,2748,123660,6840,2755,2025-05-11
V005479,2025-04-26,P010,C057,15,402,6030,720,620,2025-05-04
V005480,2025-04-26,P018,C023,11,2856,31416,484,362,2025-05-21
V005481,2025-04-26,P006,C067,32,5895,188640,9760,1857,2025-05-25
V005482,2025-04-27,P007,C051,13,770,10010,390,890,2025-05-16
V005483,2025-04-27,P010,C050,9,431,3879,171,123,2025-05-05
V005484,2025-04-27,P005,C066,35,881,30835,665,2427,2025-05-22
V005485,2025-04-27,P010,C078,23,400,9200,1150,819,2025-05-05
V005486,2025-04-27,P008,C033,91,645,58695,455,2815,2025-05-08
V005487,2025-04-27,P008,C013,11,627,6897,253,356,2025-05-16
V005488,2025-04-27,P005,C068,5,855,4275,225,272,2025-05-24
V005489,2025-04-27,P001,C069,31,15755,488405,0,1019,2025-05-06
V005490,2025-04-27,P013,C020,9,3254,29286,0,500,2025-05-26
V005491,2025-04-27,P001,C066,16,15702,251232,0,791,2025-05-22
V005492,2025-04-27,P014,C006,84,1071,89964,2436,4693,2025-05-09
V005493,2025-04-27,P001,C038,21,15202,319242,6258,1064,2025-05-21
V005494,2025-04-28,P007,C066,62,804,49848,0,2149,2025-05-23
V005495,2025-04-28,P005,C040,18,840,15120,1080,760,2025-05-11
V005496,2025-04-28,P016,C029,37,1333,49321,629,1854,2025-05-25
V005497,2025-04-28,P006,C036,14,5816,81424,5376,613,2025-05-14
V005498,2025-04-28,P009,C033,49,1797,88053,5047,2458,2025-05-09
V005499,2025-04-28,P001,C045,43,15179,652697,13803,1471,2025-05-07
V005500,2025-04-28,P004,C033,25,10121,253025,9475,1322,2025-05-09
V005501,2025-04-28,P004,C064,35,9806,343210,24290,1409,2025-05-17
V005502,2025-04-28,P009,C009,90,1795,161550,9450,5805,2025-05-22
V005503,2025-04-28,P006,C021,24,5766,138384,10416,998,2025-05-25
V005504,2025-04-28,P006,C007,25,5904,147600,7400,977,2025-05-15
V005505,2025-04-28,P015,C051,25,954,23850,650,839,2025-05-17
V005506,2025-04-28,P014,C022,19,1050,19950,950,924,2025-05-22
V005507,2025-04-28,P008,C018,18,638,11484,216,510,2025-05-06
V005508,2025-04-29,P012,C006,32,1392,44544,1856,1827,2025-05-11
V005509,2025-04-29,P005,C031,27,862,23274,1026,1314,2025-05-22
V005510,2025-04-29,P008,C062,30,631,18930,570,1812,2025-05-22
V005511,2025-04-29,P009,C020,56,1776,99456,6944,3163,2025-05-28
V005512,2025-04-29,P007,C029,56,762,42672,2128,3193,2025-05-26
V005513,2025-04-29,P008,C017,26,622,16172,728,1227,2025-05-26
V005514,2025-04-29,P002,C035,64,12462,797568,47232,2890,2025-05-09
V005515,2025-04-29,P019,C004,36,2929,105444,2556,1831,2025-05-28
V005516,2025-04-29,P016,C022,7,1259,8813,637,322,2025-05-23
V005517,2025-04-30,P019,C030,30,2766,82980,7020,1423,2025-05-07
V005518,2025-04-30,P009,C002,16,1899,30384,16,533,2025-05-24
V005519,2025-04-30,P017,C051,40,2373,94920,3080,1163,2025-05-19
V005520,2025-04-30,P013,C049,57,3092,176244,6156,3220,2025-05-20
V005521,2025-04-30,P002,C038,17,12154,206618,17782,673,2025-05-24
V005522,2025-04-30,P007,C056,24,752,18048,1152,873,2025-05-12
V005523,2025-04-30,P005,C069,38,859,32642,1558,2092,2025-05-09
V005524,2025-04-30,P019,C032,33,2981,98373,627,1530,2025-05-27
V005525,2025-04-30,P011,C062,55,473,26015,1485,1824,2025-05-23
V005526,2025-04-30,P018,C038,7,2696,18872,1428,352,2025-05-24
V005527,2025-04-30,P017,C009,22,2405,52910,990,701,2025-05-24
V005528,2025-04-30,P008,C044,14,621,8694,406,859,2025-05-14
V005529,2025-04-30,P017,C030,34,2381,80954,2346,2082,2025-05-07
V005530,2025-04-30,P012,C031,26,1362,35412,2288,595,2025-05-23
V005531,2025-04-30,P002,C067,9,12207,109863,8937,361,2025-05-29
V005532,2025-04-30,P008,C038,7,591,4137,413,219,2025-05-24
V005533,2025-04-30,P010,C059,49,409,20041,2009,2263,2025-05-24
V005534,2025-04-30,P015,C060,64,967,61888,832,3154,2025-05-13
V005535,2025-04-30,P013,C044,110,3083,339130,12870,6244,2025-05-14
V005536,2025-05-01,P007,C033,8,791,6328,72,307,2025-05-12
V005537,2025-05-01,P019,C013,63,2878,181314,7686,2205,2025-05-20
V005538,2025-05-01,P004,C064,50,9879,493950,31050,1908,2025-05-20
V005539,2025-05-01,P007,C005,21,775,16275,525,1045,2025-05-26
V005540,2025-05-01,P017,C065,21,2471,51891,0,1112,2025-05-27
V005541,2025-05-02,P019,C013,18,2923,52614,1386,1011,2025-05-21
V005542,2025-05-02,P010,C009,13,442,5746,104,455,2025-05-26
V005543,2025-05-02,P018,C054,12,2874,34488,312,488,2025-05-26
V005544,2025-05-02,P016,C021,25,1381,34525,0,1013,2025-05-29
V005545,2025-05-02,P019,C016,11,2747,30217,2783,423,2025-06-01
V005546,2025-05-02,P018,C066,15,2771,41565,1935,1123,2025-05-27
V005547,2025-05-02,P019,C009,29,2826,81954,5046,1084,2025-05-26
V005548,2025-05-02,P012,C072,7,1472,10304,0,372,2025-05-14
V005549,2025-05-02,P007,C059,41,743,30463,2337,1758,2025-05-26
V005550,2025-05-02,P013,C064,19,3067,58273,2527,1142,2025-05-21
V005551,2025-05-02,P004,C035,9,9911,89199,5301,438,2025-05-12
V005552,2025-05-02,P004,C007,34,10141,344794,12206,1093,2025-05-19
V005553,2025-05-02,P020,C063,12,13902,166824,7176,450,2025-05-14
V005554,2025-05-02,P018,C065,31,2799,86769,3131,1187,2025-05-28
V005555,2025-05-02,P007,C035,12,718,8616,984,565,2025-05-12
V005556,2025-05-02,P020,C020,48,14123,677904,18096,1370,2025-05-31
V005557,2025-05-02,P020,C062,73,13160,960680,97820,4178,2025-05-25
V005558,2025-05-02,P011,C036,8,448,3584,416,350,2025-05-18
V005559,2025-05-02,P018,C032,63,2815,177345,5355,2943,2025-05-29
V005560,2025-05-02,P011,C025,7,455,3185,315,235,2025-05-13
V005561,2025-05-02,P016,C059,12,1295,15540,660,531,2025-05-26
V005562,2025-05-02,P004,C061,17,10204,173468,5032,774,2025-06-01
V005563,2025-05-03,P012,C049,17,1452,24684,0,946,2025-05-23
V005564,2025-05-03,P016,C060,17,1345,22865,85,765,2025-05-16
V005565,2025-05-03,P005,C058,31,859,26629,1271,1235,2025-05-24
V005566,2025-05-03,P014,C028,35,1000,35000,3500,1975,2025-06-02
V005567,2025-05-04,P006,C059,6,6227,37362,0,215,2025-05-28
V005568,2025-05-04,P007,C066,25,791,19775,225,958,2025-05-29
V005569,2025-05-04,P013,C018,34,3175,107950,850,1405,2025-05-12
V005570,2025-05-04,P008,C074,8,641,5128,72,358,2025-06-01
V005571,2025-05-04,P016,C017,19,1279,24301,1349,1260,2025-05-31
V005572,2025-05-04,P017,C021,9,2213,19917,2133,555,2025-05-31
V005573,2025-05-05,P012,C005,29,1422,41238,812,1168,2025-05-30
V005574,2025-05-05,P001,C080,51,14358,732258,58242,2478,2025-05-17
V005575,2025-05-05,P002,C056,18,13030,234540,3060,777,2025-05-17
V005576,2025-05-05,P001,C042,10,14753,147530,7470,616,2025-05-26
V005577,2025-05-05,P004,C053,49,9801,480249,34251,2992,2025-05-20
V005578,2025-05-05,P017,C056,56,2312,129472,7728,1967,2025-05-17
V005579,2025-05-05,P003,C031,71,2389,169619,781,2926,2025-05-28
V005580,2025-05-05,P006,C015,5,5702,28510,2490,252,2025-06-02
V005581,2025-05-05,P018,C050,16,2715,43440,2960,862,2025-05-13
V005582,2025-05-05,P011,C016,51,482,24582,918,2286,2025-06-04
V005583,2025-05-05,P006,C080,18,5703,102654,8946,639,2025-05-17
V005584,2025-05-05,P005,C025,13,813,10569,1131,434,2025-05-16
V005585,2025-05-05,P018,C076,21,2898,60858,42,814,2025-05-18
V005586,2025-05-05,P020,C020,41,13802,565882,28618,1900,2025-06-03
V005587,2025-05-06,P011,C045,50,486,24300,700,2180,2025-05-15
V005588,2025-05-06,P019,C026,22,2820,62040,3960,893,2025-05-15
V005589,2025-05-06,P006,C059,37,6208,229696,0,1072,2025-05-30
V005590,2025-05-06,P011,C068,38,466,17708,1292,1336,2025-06-02
V005591,2025-05-06,P006,C015,14,5969,83566,3234,462,2025-06-03
V005592,2025-05-06,P013,C010,43,3041,130763,6837,2189,2025-05-22
V005593,2025-05-06,P005,C017,9,895,8055,45,495,2025-06-02
V005594,2025-05-06,P015,C010,31,1002,31062,0,1588,2025-05-22
V005595,2025-05-06,P020,C033,6,14507,87042,0,241,2025-05-17
V005596,2025-05-07,P005,C052,24,884,21216,384,982,2025-05-20
V005597,2025-05-07,P001,C067,42,14206,596652,54348,1714,2025-06-05
V005598,2025-05-07,P001,C043,24,14842,356208,15792,1267,2025-05-16
V005599,2025-05-07,P010,C004,19,436,8284,266,761,2025-06-05
V005600,2025-05-07,P002,C044,26,11945,310570,32630,1402,2025-05-21
V005601,2025-05-07,P019,C005,27,3077,83079,0,688,2025-06-01
V005602,2025-05-07,P003,C021,15,2268,34020,1980,397,2025-06-03
V005603,2025-05-08,P019,C068,46,2940,135240,2760,2582,2025-06-04
V005604,2025-05-08,P009,C080,24,1776,42624,2976,757,2025-05-20
V005605,2025-05-08,P011,C077,33,464,15312,1188,1654,2025-05-23
V005606,2025-05-08,P012,C064,38,1295,49210,5890,1761,2025-05-27
V005607,2025-05-08,P017,C013,15,2284,34260,2490,600,2025-05-27
V005608,2025-05-08,P002,C039,13,12471,162123,9477,445,2025-06-01
V005609,2025-05-08,P004,C051,8,9957,79656,4344,241,2025-05-27
V005610,2025-05-08,P011,C025,34,488,16592,408,1739,2025-05-19
V005611,2025-05-08,P016,C019,23,1337,30751,299,893,2025-05-23
V005612,2025-05-08,P007,C073,9,774,6966,234,282,2025-06-04
V005613,2025-05-08,P011,C070,18,495,8910,90,826,2025-05-18
V005614,2025-05-08,P017,C026,26,2449,63674,26,1086,2025-05-17
V005615,2025-05-08,P012,C035,174,1431,248994,3306,5190,2025-05-18
V005616,2025-05-08,P016,C066,25,1317,32925,825,1057,2025-06-02
V005617,2025-05-08,P006,C002,21,5851,122871,7329,1058,2025-06-01
V005618,2025-05-09,P020,C054,21,13958,293118,11382,1258,2025-06-02
V005619,2025-05-09,P003,C023,22,2301,50622,2178,1315,2025-06-03
V005620,2025-05-09,P020,C078,21,13213,277473,27027,326,2025-05-17
V005621,2025-05-09,P006,C018,52,5931,308412,13988,2209,2025-05-17
V005622,2025-05-09,P005,C073,4,914,3656,0,189,2025-06-05
V005623,2025-05-09,P019,C037,16,2834,45344,2656,820,2025-05-18
V005624,2025-05-09,P004,C037,42,10322,433524,7476,1957,2025-05-18
V005625,2025-05-09,P008,C016,44,612,26928,1672,1504,2025-06-08
V005626,2025-05-09,P015,C074,93,907,84351,6789,4791,2025-06-06
V005627,2025-05-09,P009,C061,22,1825,40150,1650,573,2025-06-08
V005628,2025-05-09,P004,C011,28,10335,289380,4620,1262,2025-06-03
V005629,2025-05-09,P009,C032,136,1830,248880,9520,6395,2025-06-05
V005630,2025-05-09,P003,C070,19,2334,44346,1254,483,2025-05-19
V005631,2025-05-09,P008,C025,17,628,10676,374,907,2025-05-20
V005632,2025-05-09,P020,C017,14,14346,200844,2156,501,2025-06-05
V005633,2025-05-10,P006,C059,21,5922,124362,5838,875,2025-06-03
V005634,2025-05-10,P004,C067,24,10769,258456,0,1453,2025-06-08
V005635,2025-05-10,P010,C068,14,412,5768,532,587,2025-06-06
V005636,2025-05-10,P013,C069,22,3119,68618,1782,872,2025-05-19
V005637,2025-05-10,P001,C037,15,14119,211785,20715,409,2025-05-19
V005638,2025-05-10,P018,C032,17,2696,45832,3468,641,2025-06-06
V005639,2025-05-10,P016,C008,64,1377,88128,0,2453,2025-05-28
V005640,2025-05-10,P019,C023,24,2859,68616,3384,1004,2025-06-04
V005641,2025-05-10,P011,C040,11,474,5214,286,295,2025-05-23
V005642,2025-05-11,P019,C038,33,2913,96129,2871,1023,2025-06-04
V005643,2025-05-11,P019,C067,35,2686,94010,10990,2059,2025-06-09
V005644,2025-05-11,P008,C074,11,628,6908,242,379,2025-06-08
V005645,2025-05-11,P019,C018,30,2859,85770,4230,1034,2025-05-19
V005646,2025-05-11,P015,C023,10,951,9510,290,441,2025-06-05
V005647,2025-05-11,P020,C036,21,13681,287301,17199,886,2025-05-27
V005648,2025-05-11,P007,C065,72,787,56664,936,2700,2025-06-06
V005649,2025-05-11,P019,C080,88,2600,228800,35200,3253,2025-05-23
V005650,2025-05-11,P018,C020,27,2942,79434,0,1316,2025-06-09
V005651,2025-05-12,P017,C053,37,2295,84915,5735,1904,2025-05-27
V005652,2025-05-12,P011,C063,17,480,8160,340,1035,2025-05-24
V005653,2025-05-12,P002,C073,35,12149,425215,36785,1031,2025-06-08
V005654,2025-05-12,P001,C066,29,14499,420471,29029,603,2025-06-06
V005655,2025-05-12,P009,C021,33,1782,58806,3894,983,2025-06-08
V005656,2025-05-12,P019,C051,17,2939,49963,1037,889,2025-05-31
V005657,2025-05-12,P017,C026,17,2311,39287,2363,704,2025-05-21
V005658,2025-05-12,P011,C009,15,490,7350,150,610,2025-06-05
V005659,2025-05-12,P008,C042,14,607,8498,602,761,2025-06-02
V005660,2025-05-13,P016,C057,34,1320,44880,1020,865,2025-05-21
V005661,2025-05-13,P018,C062,18,2858,51444,756,887,2025-06-05
V005662,2025-05-13,P019,C057,27,2767,74709,6291,1283,2025-05-21
V005663,2025-05-13,P006,C066,25,6336,158400,0,282,2025-06-07
V005664,2025-05-13,P013,C053,29,3012,87348,5452,961,2025-05-28
V005665,2025-05-13,P003,C059,17,2231,37927,2873,918,2025-06-06
V005666,2025-05-13,P008,C007,14,640,8960,140,997,2025-05-30
V005667,2025-05-13,P019,C048,16,2871,45936,2064,533,2025-06-04
V005668,2025-05-13,P007,C041,38,757,28766,1634,1635,2025-06-11
V005669,2025-05-13,P002,C064,7,12458,87206,5194,257,2025-06-01
V005670,2025-05-13,P015,C050,9,940,8460,360,125,2025-05-21
V005671,2025-05-13,P003,C024,29,2104,61016,8584,990,2025-06-05
V005672,2025-05-13,P020,C027,40,13991,559640,20360,2621,2025-05-28
V005673,2025-05-13,P013,C023,12,3067,36804,1596,730,2025-06-07
V005674,2025-05-13,P002,C075,13,12902,167726,3874,452,2025-05-23
V005675,2025-05-13,P013,C028,19,3059,58121,2679,744,2025-06-12
V005676,2025-05-13,P002,C046,32,13169,421408,992,1599,2025-05-27
V005677,2025-05-13,P002,C039,50,13286,664300,0,2780,2025-06-06
V005678,2025-05-13,P012,C026,90,1324,119160,11340,4275,2025-05-22
V005679,2025-05-14,P020,C054,19,14817,281523,0,631,2025-06-07
V005680,2025-05-14,P020,C041,28,13410,375480,30520,1398,2025-06-12
V005681,2025-05-14,P002,C043,17,12017,204289,20111,587,2025-05-23
V005682,2025-05-14,P016,C012,50,1306,65300,2200,871,2025-05-30
V005683,2025-05-14,P011,C038,31,488,15128,372,1013,2025-06-07
V005684,2025-05-14,P002,C017,26,12602,327652,15548,1032,2025-06-10
V005685,2025-05-14,P005,C051,24,877,21048,552,804,2025-06-02
V005686,2025-05-14,P006,C009,7,6048,42336,1064,258,2025-06-07
V005687,2025-05-14,P012,C064,22,1384,30448,1452,182,2025-06-02
V005688,2025-05-14,P017,C035,8,2259,18072,1528,469,2025-05-24
V005689,2025-05-14,P012,C053,40,1339,53560,4440,894,2025-05-29
V005690,2025-05-15,P018,C077,14,2647,37058,3542,886,2025-05-30
V005691,2025-05-15,P018,C042,28,2926,81928,0,735,2025-06-05
V005692,2025-05-15,P007,C001,34,796,27064,136,2097,2025-05-29
V005693,2025-05-15,P006,C078,19,5801,110219,7581,633,2025-05-23
V005694,2025-05-15,P016,C014,6,1238,7428,672,396,2025-06-02
V005695,2025-05-15,P014,C039,23,1025,23575,1725,996,2025-06-08
V005696,2025-05-15,P016,C035,17,1274,21658,1292,968,2025-05-25
V005697,2025-05-15,P005,C067,7,878,6146,154,295,2025-06-13
V005698,2025-05-15,P018,C046,30,2566,76980,10020,1109,2025-05-29
V005699,2025-05-15,P016,C041,20,1335,26700,300,812,2025-06-13
V005700,2025-05-15,P001,C044,27,14848,400896,17604,1258,2025-05-29
V005701,2025-05-15,P001,C072,65,14650,952250,55250,2187,2025-05-27
V005702,2025-05-15,P020,C063,37,13722,507714,28786,1666,2025-05-27
V005703,2025-05-15,P007,C058,27,741,20007,1593,1113,2025-06-05
V005704,2025-05-16,P013,C038,19,3144,59736,1064,790,2025-06-09
V005705,2025-05-16,P015,C057,13,962,12506,234,568,2025-05-24
V005706,2025-05-16,P016,C074,39,1324,51636,1014,711,2025-06-13
V005707,2025-05-16,P014,C022,23,1057,24311,989,1039,2025-06-09
V005708,2025-05-16,P007,C063,14,755,10570,630,534,2025-05-28
V005709,2025-05-16,P011,C007,18,478,8604,396,793,2025-06-02
V005710,2025-05-16,P001,C033,21,15466,324786,714,992,2025-05-27
V005711,2025-05-16,P019,C055,16,2617,41872,6128,880,2025-05-23
V005712,2025-05-16,P014,C049,35,1091,38185,315,1929,2025-06-05
V005713,2025-05-16,P015,C039,22,917,20174,1386,1152,2025-06-09
V005714,2025-05-17,P015,C068,25,954,23850,650,791,2025-06-13
V005715,2025-05-17,P020,C045,22,14126,310772,8228,644,2025-05-26
V005716,2025-05-17,P009,C034,6,1684,10104,1296,228,2025-06-09
V005717,2025-05-17,P014,C032,41,1041,42681,2419,2162,2025-06-13
V005718,2025-05-17,P016,C062,15,1310,19650,600,758,2025-06-09
V005719,2025-05-17,P017,C036,24,2240,53760,5040,1434,2025-06-02
V005720,2025-05-17,P020,C011,47,13463,632761,48739,2655,2025-06-11
V005721,2025-05-17,P018,C029,14,2669,37366,3234,496,2025-06-13
V005722,2025-05-17,P001,C008,9,14409,129681,9819,445,2025-06-04
V005723,2025-05-17,P018,C047,16,2668,42688,3712,617,2025-06-16
V005724,2025-05-17,P009,C039,46,1890,86940,460,2644,2025-06-10
V005725,2025-05-18,P004,C018,15,10796,161940,0,524,2025-05-26
V005726,2025-05-18,P014,C044,14,1075,15050,350,298,2025-06-01
V005727,2025-05-18,P012,C079,48,1446,69408,192,1738,2025-05-25
V005728,2025-05-18,P018,C003,14,2747,38458,2142,414,2025-05-31
V005729,2025-05-18,P001,C068,23,14373,330579,25921,752,2025-06-14
V005730,2025-05-18,P017,C071,6,2299,13794,906,277,2025-06-05
V005731,2025-05-18,P014,C032,21,1079,22659,441,571,2025-06-14
V005732,2025-05-18,P014,C050,18,989,17802,1998,214,2025-05-26
V005733,2025-05-18,P017,C042,88,2325,204600,11000,3152,2025-06-08
V005734,2025-05-19,P002,C057,41,13007,533287,7913,2408,2025-05-27
V005735,2025-05-19,P001,C011,9,14919,134271,5229,473,2025-06-13
V005736,2025-05-19,P005,C052,17,878,14926,374,907,2025-06-01
V005737,2025-05-19,P008,C003,18,642,11556,144,905,2025-06-01
V005738,2025-05-19,P016,C016,9,1313,11817,333,536,2025-06-18
V005739,2025-05-19,P015,C022,11,891,9801,979,426,2025-06-12
V005740,2025-05-19,P019,C071,22,2761,60742,5258,978,2025-06-06
V005741,2025-05-19,P001,C064,17,15082,256394,7106,1011,2025-06-07
V005742,2025-05-19,P001,C047,13,14444,187772,13728,465,2025-06-18
V005743,2025-05-19,P014,C067,10,1012,10120,880,599,2025-06-17
V005744,2025-05-19,P001,C045,13,15562,202306,0,645,2025-05-28
V005745,2025-05-19,P015,C024,11,895,9845,935,639,2025-06-11
V005746,2025-05-19,P001,C024,17,14461,245837,17663,709,2025-06-11
V005747,2025-05-19,P019,C072,33,3041,100353,0,1399,2025-05-31
V005748,2025-05-19,P006,C040,9,5937,53433,2367,406,2025-06-01
V005749,2025-05-20,P007,C073,19,750,14250,950,952,2025-06-16
V005750,2025-05-20,P017,C027,59,2443,144137,413,2309,2025-06-04
V005751,2025-05-20,P004,C055,21,9828,206388,14112,1085,2025-05-27
V005752,2025-05-20,P014,C006,59,996,58764,6136,3849,2025-06-01
V005753,2025-05-20,P019,C046,21,3033,63693,0,716,2025-06-03
V005754,2025-05-20,P010,C013,39,431,16809,741,1087,2025-06-08
V005755,2025-05-20,P015,C062,50,963,48150,850,3076,2025-06-12
V005756,2025-05-20,P018,C079,42,2904,121968,0,1991,2025-05-27
V005757,2025-05-20,P011,C042,24,469,11256,744,1365,2025-06-10
V005758,2025-05-20,P012,C061,27,1432,38664,486,1251,2025-06-19
V005759,2025-05-20,P004,C003,33,10449,344817,1683,1647,2025-06-02
V005760,2025-05-20,P010,C075,14,454,6356,0,652,2025-05-30
V005761,2025-05-20,P014,C015,6,989,5934,666,132,2025-06-17
V005762,2025-05-20,P003,C030,28,2285,63980,3220,1750,2025-05-27
V005763,2025-05-20,P012,C006,14,1460,20440,0,681,2025-06-01
V005764,2025-05-20,P019,C018,10,2703,27030,2970,591,2025-05-28
V005765,2025-05-20,P020,C005,51,13593,693243,46257,1968,2025-06-14
V005766,2025-05-21,P011,C056,44,495,21780,220,1368,2025-06-02
V005767,2025-05-21,P017,C006,43,2320,99760,5590,1641,2025-06-02
V005768,2025-05-21,P007,C052,18,781,14058,342,986,2025-06-03
V005769,2025-05-21,P017,C013,22,2366,52052,1848,1231,2025-06-09
V005770,2025-05-21,P010,C024,11,424,4664,286,364,2025-06-13
V005771,2025-05-21,P014,C052,47,1066,50102,1598,2151,2025-06-03
V005772,2025-05-21,P002,C034,16,12542,200672,10528,642,2025-06-13
V005773,2025-05-21,P009,C071,58,1818,105444,4756,1798,2025-06-08
V005774,2025-05-21,P006,C041,26,5704,148304,12896,1324,2025-06-19
V005775,2025-05-21,P017,C058,12,2462,29544,0,557,2025-06-11
V005776,2025-05-21,P004,C051,41,9874,404834,25666,1552,2025-06-09
V005777,2025-05-22,P006,C071,19,6136,116584,1216,756,2025-06-09
V005778,2025-05-22,P005,C048,21,878,18438,462,813,2025-06-13
V005779,2025-05-22,P004,C017,20,9873,197460,12540,943,2025-06-18
V005780,2025-05-22,P006,C075,17,5944,101048,4352,495,2025-06-01
V005781,2025-05-22,P010,C063,7,406,2842,308,310,2025-06-03
V005782,2025-05-22,P004,C060,86,10350,890100,12900,4369,2025-06-04
V005783,2025-05-22,P016,C013,15,1314,19710,540,649,2025-06-10
V005784,2025-05-23,P015,C012,45,956,43020,1080,1681,2025-06-08
V005785,2025-05-23,P004,C048,14,10604,148456,0,580,2025-06-14
V005786,2025-05-23,P017,C019,40,2347,93880,4120,1407,2025-06-07
V005787,2025-05-23,P012,C033,47,1450,68150,0,990,2025-06-03
V005788,2025-05-23,P015,C072,23,962,22126,414,1058,2025-06-04
V005789,2025-05-23,P018,C025,20,2928,58560,0,735,2025-06-03
V005790,2025-05-23,P010,C023,69,459,31671,0,3128,2025-06-17
V005791,2025-05-23,P010,C016,17,433,7361,289,604,2025-06-22
V005792,2025-05-23,P006,C056,30,5996,179880,6120,1545,2025-06-04
V005793,2025-05-23,P012,C044,17,1465,24905,0,1150,2025-06-06
V005794,2025-05-23,P005,C012,15,897,13455,45,867,2025-06-08
V005795,2025-05-23,P012,C010,58,1325,76850,7250,3898,2025-06-08
V005796,2025-05-24,P012,C019,43,1321,56803,5547,2757,2025-06-08
V005797,2025-05-24,P017,C008,24,2485,59640,0,625,2025-06-11
V005798,2025-05-24,P001,C057,20,15633,312660,0,972,2025-06-01
V005799,2025-05-24,P020,C028,19,13881,263739,11761,684,2025-06-23
V005800,2025-05-24,P014,C061,14,1077,15078,322,772,2025-06-23
V005801,2025-05-24,P015,C058,53,923,48919,3021,3656,2025-06-14
V005802,2025-05-24,P011,C065,42,482,20244,756,1266,2025-06-19
V005803,2025-05-24,P015,C059,46,966,44436,644,2657,2025-06-17
V005804,2025-05-24,P009,C078,42,1754,73668,6132,2447,2025-06-01
V005805,2025-05-24,P016,C021,37,1225,45325,4625,1645,2025-06-20
V005806,2025-05-24,P020,C001,46,13499,620954,46046,2397,2025-06-07
V005807,2025-05-24,P015,C065,15,953,14295,405,844,2025-06-19
V005808,2025-05-25,P004,C062,22,10084,221848,9152,1067,2025-06-17
V005809,2025-05-25,P007,C071,30,780,23400,600,1849,2025-06-12
V005810,2025-05-25,P004,C066,9,9960,89640,4860,601,2025-06-19
V005811,2025-05-25,P006,C032,19,6238,118522,0,516,2025-06-21
V005812,2025-05-25,P008,C065,26,651,16926,0,940,2025-06-20
V005813,2025-05-26,P007,C010,13,811,10543,0,367,2025-06-11
V005814,2025-05-26,P019,C062,25,2802,70050,4950,1147,2025-06-18
V005815,2025-05-26,P003,C041,26,2240,58240,4160,692,2025-06-24
V005816,2025-05-26,P001,C065,21,14776,310296,15204,715,2025-06-21
V005817,2025-05-26,P010,C051,89,437,38893,1157,3147,2025-06-14
V005818,2025-05-26,P016,C071,28,1401,39228,0,913,2025-06-13
V005819,2025-05-26,P004,C071,57,9547,544179,54321,1296,2025-06-13
V005820,2025-05-26,P008,C044,9,649,5841,9,458,2025-06-09
V005821,2025-05-26,P002,C010,16,12229,195664,15536,554,2025-06-11
V005822,2025-05-26,P001,C051,8,14738,117904,6096,356,2025-06-14
V005823,2025-05-26,P020,C062,28,14497,405916,84,1147,2025-06-18
V005824,2025-05-26,P014,C048,8,1042,8336,464,381,2025-06-17
V005825,2025-05-26,P013,C072,13,3000,39000,2600,624,2025-06-07
V005826,2025-05-26,P007,C007,69,787,54303,897,3439,2025-06-12
V005827,2025-05-26,P007,C075,103,747,76941,5459,5422,2025-06-05
V005828,2025-05-27,P016,C001,61,1256,76616,5734,2689,2025-06-10
V005829,2025-05-27,P015,C080,25,875,21875,2625,1091,2025-06-08
V005830,2025-05-27,P008,C022,21,664,13944,0,564,2025-06-20
V005831,2025-05-27,P005,C077,35,886,31010,490,1922,2025-06-11
V005832,2025-05-27,P006,C042,17,5611,95387,10013,545,2025-06-17
V005833,2025-05-28,P018,C038,21,2748,57708,3192,1293,2025-06-21
V005834,2025-05-28,P017,C069,20,2279,45580,3420,744,2025-06-06
V005835,2025-05-28,P002,C008,22,12804,281688,8712,847,2025-06-15
V005836,2025-05-28,P009,C055,13,1761,22893,1807,475,2025-06-04
V005837,2025-05-28,P016,C045,15,1290,19350,900,700,2025-06-06
V005838,2025-05-28,P011,C070,13,513,6669,0,662,2025-06-07
V005839,2025-05-28,P016,C060,22,1284,28248,1452,912,2025-06-10
V005840,2025-05-28,P008,C047,5,608,3040,210,269,2025-06-27
V005841,2025-05-28,P014,C034,19,1043,19817,1083,631,2025-06-20
V005842,2025-05-28,P007,C042,41,761,31201,1599,1536,2025-06-18
V005843,2025-05-28,P013,C036,12,3112,37344,1056,452,2025-06-13
V005844,2025-05-29,P013,C013,30,3097,92910,3090,1060,2025-06-17
V005845,2025-05-29,P015,C033,32,914,29248,2112,1812,2025-06-09
V005846,2025-05-29,P020,C002,43,13094,563042,60458,2275,2025-06-22
V005847,2025-05-29,P012,C021,18,1341,24138,1962,850,2025-06-25
V005848,2025-05-29,P012,C024,16,1347,21552,1648,683,2025-06-21
V005849,2025-05-29,P006,C068,39,6022,234858,6942,1749,2025-06-25
V005850,2025-05-29,P014,C042,18,1083,19494,306,1230,2025-06-19
V005851,2025-05-30,P015,C037,12,977,11724,36,584,2025-06-08
V005852,2025-05-30,P016,C044,15,1227,18405,1845,682,2025-06-13
V005853,2025-05-30,P020,C064,46,13639,627394,39606,2521,2025-06-18
V005854,2025-05-30,P004,C041,40,9536,381440,38560,1694,2025-06-28
V005855,2025-05-30,P017,C077,34,2394,81396,1904,1055,2025-06-14
V005856,2025-05-30,P008,C013,23,631,14513,437,934,2025-06-18
V005857,2025-05-30,P003,C034,14,2254,31556,2044,848,2025-06-22
V005858,2025-05-30,P017,C040,59,2462,145258,0,3132,2025-06-12
V005859,2025-05-30,P007,C057,12,804,9648,0,437,2025-06-07
V005860,2025-05-30,P013,C077,19,2967,56373,4427,1155,2025-06-14
V005861,2025-05-30,P001,C025,53,15363,814239,7261,2121,2025-06-10
V005862,2025-05-30,P003,C060,28,2337,65436,1764,1365,2025-06-12
V005863,2025-05-30,P007,C069,16,804,12864,0,640,2025-06-08
V005864,2025-05-30,P003,C059,63,2157,135891,15309,4118,2025-06-23
V005865,2025-05-30,P014,C034,44,975,42900,5500,2928,2025-06-22
V005866,2025-05-30,P013,C008,149,2815,419435,57365,5227,2025-06-17
V005867,2025-05-30,P010,C010,5,450,2250,0,360,2025-06-15
V005868,2025-05-30,P003,C016,17,2236,38012,2788,898,2025-06-29
V005869,2025-05-31,P017,C019,10,2421,24210,290,445,2025-06-15
V005870,2025-05-31,P003,C011,19,2257,42883,2717,950,2025-06-25
V005871,2025-05-31,P020,C045,27,14366,387882,3618,1050,2025-06-09
V005872,2025-05-31,P011,C019,17,494,8398,102,1195,2025-06-15
V005873,2025-05-31,P004,C056,34,10093,343162,13838,1475,2025-06-12
V005874,2025-05-31,P002,C042,29,13426,389354,0,1713,2025-06-21
V005875,2025-06-01,P004,C029,29,9426,273354,31146,1632,2025-06-28
V005876,2025-06-01,P008,C014,23,611,14053,897,674,2025-06-19
V005877,2025-06-01,P018,C055,31,2714,84134,5766,1952,2025-06-08
V005878,2025-06-01,P002,C015,31,12682,393142,16058,1456,2025-06-29
V005879,2025-06-01,P004,C042,32,10217,326944,9056,1197,2025-06-22
V005880,2025-06-01,P009,C029,15,1774,26610,1890,473,2025-06-28
V005881,2025-06-01,P008,C056,41,643,26363,287,2133,2025-06-13
V005882,2025-06-01,P012,C020,42,1396,58632,2268,2635,2025-06-30
V005883,2025-06-01,P016,C041,36,1395,50220,0,1731,2025-06-30
V005884,2025-06-02,P017,C042,32,2331,74592,3808,1153,2025-06-23
V005885,2025-06-02,P001,C080,16,13728,219648,28352,1019,2025-06-14
V005886,2025-06-02,P012,C005,29,1340,38860,3190,1129,2025-06-27
V005887,2025-06-02,P017,C035,22,2331,51282,2618,1040,2025-06-12
V005888,2025-06-02,P007,C078,70,723,50610,5390,4010,2025-06-10
V005889,2025-06-02,P004,C012,51,10607,540957,0,2501,2025-06-18
V005890,2025-06-02,P013,C023,41,3187,130667,533,1420,2025-06-27
V005891,2025-06-03,P018,C007,13,2826,36738,962,627,2025-06-20
V005892,2025-06-03,P004,C059,49,10367,507983,6517,2780,2025-06-27
V005893,2025-06-03,P006,C027,17,5837,99229,6171,972,2025-06-18
V005894,2025-06-03,P005,C045,51,836,42636,3264,3150,2025-06-12
V005895,2025-06-03,P014,C016,18,1027,18486,1314,294,2025-07-03
V005896,2025-06-03,P009,C012,23,1840,42320,1380,1207,2025-06-19
V005897,2025-06-03,P016,C030,120,1330,159600,2400,7682,2025-06-10
V005898,2025-06-03,P010,C020,43,420,18060,1290,2384,2025-07-02
V005899,2025-06-03,P003,C080,32,2073,66336,10464,2325,2025-06-15
V005900,2025-06-03,P011,C073,36,496,17856,144,1169,2025-06-30
V005901,2025-06-03,P001,C074,14,14835,207690,9310,419,2025-07-01
V005902,2025-06-03,P016,C078,74,1237,91538,8362,4063,2025-06-11
V005903,2025-06-03,P006,C063,10,5810,58100,3900,474,2025-06-15
V005904,2025-06-03,P004,C055,7,10347,72429,1071,353,2025-06-10
V005905,2025-06-03,P004,C010,16,10394,166304,1696,856,2025-06-19
V005906,2025-06-03,P007,C048,14,789,11046,154,608,2025-06-25
V005907,2025-06-03,P017,C037,15,2345,35175,1575,562,2025-06-12
V005908,2025-06-03,P006,C005,31,5770,178870,13330,1346,2025-06-28
V005909,2025-06-03,P016,C008,33,1222,40326,4224,1104,2025-06-21
V005910,2025-06-03,P008,C062,6,638,3828,72,258,2025-06-26
V005911,2025-06-04,P004,C029,92,10214,939688,26312,5126,2025-07-01
V005912,2025-06-04,P002,C067,28,12240,342720,26880,1598,2025-07-03
V005913,2025-06-04,P003,C058,40,2282,91280,4720,1213,2025-06-25
V005914,2025-06-04,P008,C070,11,654,7194,0,341,2025-06-14
V005915,2025-06-04,P018,C016,19,2697,51243,3857,751,2025-07-04
V005916,2025-06-04,P010,C047,19,451,8569,0,485,2025-07-04
V005917,2025-06-04,P001,C002,18,14413,259434,19566,1056,2025-06-28
V005918,2025-06-04,P017,C067,14,2341,32774,1526,898,2025-07-03
V005919,2025-06-04,P004,C066,8,10202,81616,2384,658,2025-06-29
V005920,2025-06-05,P005,C069,14,915,12810,0,586,2025-06-14
V005921,2025-06-05,P011,C066,23,429,9867,1633,1225,2025-06-30
V005922,2025-06-05,P014,C038,37,1054,38998,1702,1183,2025-06-29
V005923,2025-06-05,P001,C049,17,14131,240227,23273,777,2025-06-25
V005924,2025-06-05,P013,C028,34,3225,109650,0,1952,2025-07-05
V005925,2025-06-06,P014,C012,27,1065,28755,945,1643,2025-06-22
V005926,2025-06-06,P016,C027,115,1295,148925,6325,5648,2025-06-21
V005927,2025-06-06,P016,C064,22,1307,28754,946,1255,2025-06-25
V005928,2025-06-06,P018,C075,20,2609,52180,5820,963,2025-06-16
V005929,2025-06-06,P013,C024,46,2900,133400,13800,1801,2025-06-29
V005930,2025-06-06,P014,C072,14,1102,15428,0,906,2025-06-18
V005931,2025-06-07,P002,C055,29,12195,353655,29145,1935,2025-06-14
V005932,2025-06-07,P013,C057,27,3188,86076,324,1269,2025-06-15
V005933,2025-06-07,P006,C005,30,6163,184890,1110,471,2025-07-02
V005934,2025-06-07,P001,C030,26,14900,387400,15600,619,2025-06-14
V005935,2025-06-07,P014,C070,34,972,33048,4352,1926,2025-06-17
V005936,2025-06-07,P015,C069,21,975,20475,105,1557,2025-06-16
V005937,2025-06-07,P009,C008,87,1966,171042,0,2320,2025-06-25
V005938,2025-06-08,P011,C054,6,509,3054,0,278,2025-07-02
V005939,2025-06-08,P002,C015,48,12854,616992,16608,1415,2025-07-06
V005940,2025-06-08,P020,C032,44,13810,607640,30360,1855,2025-07-05
V005941,2025-06-08,P016,C003,39,1304,50856,1794,1390,2025-06-21
V005942,2025-06-08,P014,C046,17,1062,18054,646,760,2025-06-22
V005943,2025-06-08,P010,C005,15,421,6315,435,551,2025-07-03
V005944,2025-06-08,P007,C038,41,753,30873,1927,1954,2025-07-02
V005945,2025-06-09,P001,C037,54,14657,791478,45522,2641,2025-06-18
V005946,2025-06-09,P015,C055,26,898,23348,2132,863,2025-06-16
V005947,2025-06-09,P003,C065,6,2420,14520,0,352,2025-07-05
V005948,2025-06-09,P012,C023,32,1369,43808,2592,1373,2025-07-04
V005949,2025-06-09,P019,C043,27,3065,82755,0,1701,2025-06-18
V005950,2025-06-09,P015,C010,35,907,31745,2555,1105,2025-06-25
V005951,2025-06-09,P016,C062,103,1332,137196,1854,2510,2025-07-02
V005952,2025-06-09,P004,C006,34,10087,342958,14042,2070,2025-06-21
V005953,2025-06-09,P013,C061,10,3120,31200,800,437,2025-07-09
V005954,2025-06-09,P017,C033,45,2296,103320,6930,1780,2025-06-20
V005955,2025-06-09,P017,C078,40,2221,88840,9160,1616,2025-06-17
V005956,2025-06-09,P018,C030,36,2736,98496,5904,1698,2025-06-16
V005957,2025-06-09,P009,C064,78,1796,140088,8112,1929,2025-06-28
V005958,2025-06-09,P015,C042,14,1031,14434,0,379,2025-06-30
V005959,2025-06-09,P001,C001,26,14409,374634,28366,1616,2025-06-23
V005960,2025-06-09,P018,C033,42,2910,122220,0,1768,2025-06-20
V005961,2025-06-09,P010,C072,91,429,39039,1911,4102,2025-06-21
V005962,2025-06-10,P008,C062,17,632,10744,306,566,2025-07-03
V005963,2025-06-10,P009,C074,22,1769,38918,2882,945,2025-07-08
V005964,2025-06-10,P009,C019,16,1867,29872,528,553,2025-06-25
V005965,2025-06-10,P014,C017,58,1042,60436,3364,3307,2025-07-07
V005966,2025-06-10,P015,C056,4,942,3768,152,106,2025-06-22
V005967,2025-06-10,P003,C076,14,2252,31528,2072,753,2025-06-23
V005968,2025-06-10,P009,C017,14,1800,25200,1400,577,2025-07-07
V005969,2025-06-10,P014,C075,22,1121,24662,0,1036,2025-06-20
V005970,2025-06-10,P014,C058,18,1007,18126,1674,509,2025-07-01
V005971,2025-06-10,P014,C028,82,1016,83312,6888,2191,2025-07-10
V005972,2025-06-10,P014,C063,11,1049,11539,561,636,2025-06-22
V005973,2025-06-10,P016,C015,15,1212,18180,2070,782,2025-07-08
V005974,2025-06-10,P002,C018,59,11947,704873,73927,4054,2025-06-18
V005975,2025-06-10,P009,C080,12,1753,21036,1764,324,2025-06-22
V005976,2025-06-10,P018,C042,22,2572,56584,7216,1599,2025-07-01
V005977,2025-06-10,P007,C063,69,741,51129,4071,4157,2025-06-22
V005978,2025-06-10,P016,C050,30,1329,39870,630,864,2025-06-18
V005979,2025-06-10,P006,C001,18,6179,111222,378,825,2025-06-24
V005980,2025-06-10,P016,C061,7,1288,9016,434,271,2025-07-10
V005981,2025-06-11,P019,C042,118,2636,311048,42952,5354,2025-07-02
V005982,2025-06-11,P018,C075,31,2726,84506,5394,1551,2025-06-21
V005983,2025-06-11,P014,C079,29,1072,31088,812,1664,2025-06-18
V005984,2025-06-11,P010,C034,26,415,10790,910,377,2025-07-04
V005985,2025-06-11,P010,C026,29,452,13108,0,1189,2025-06-20
V005986,2025-06-11,P013,C014,21,2885,60585,6615,957,2025-06-29
V005987,2025-06-11,P017,C033,10,2293,22930,1570,498,2025-06-22
V005988,2025-06-11,P003,C076,13,2259,29367,1833,398,2025-06-24
V005989,2025-06-11,P001,C061,39,14943,582777,21723,1868,2025-07-11
V005990,2025-06-11,P013,C078,10,2882,28820,3180,456,2025-06-19
V005991,2025-06-11,P020,C066,12,14166,169992,4008,440,2025-07-06
V005992,2025-06-11,P019,C003,23,2932,67436,1564,779,2025-06-24
V005993,2025-06-11,P006,C036,27,6274,169398,0,1227,2025-06-27
V005994,2025-06-11,P019,C046,76,2994,227544,456,4368,2025-06-25
V005995,2025-06-11,P019,C039,21,2885,60585,2415,1718,2025-07-05
V005996,2025-06-11,P018,C020,43,2896,124528,172,1584,2025-07-10
V005997,2025-06-12,P003,C019,4,2304,9216,384,163,2025-06-27
V005998,2025-06-12,P012,C078,41,1322,54202,5248,2189,2025-06-20
V005999,2025-06-12,P010,C025,25,401,10025,1225,1196,2025-06-23
V006000,2025-06-12,P010,C021,24,433,10392,408,1539,2025-07-09
V006001,2025-06-12,P008,C040,34,608,20672,1428,2123,2025-06-25
V006002,2025-06-12,P001,C023,52,15484,805168,832,3178,2025-07-07
V006003,2025-06-12,P015,C074,16,946,15136,544,770,2025-07-10
V006004,2025-06-13,P012,C026,11,1361,14971,979,429,2025-06-22
V006005,2025-06-13,P010,C066,13,417,5421,429,708,2025-07-08
V006006,2025-06-13,P015,C063,27,892,24084,2376,1184,2025-06-25
V006007,2025-06-13,P019,C035,10,2824,28240,1760,478,2025-06-23
V006008,2025-06-13,P016,C062,6,1249,7494,606,337,2025-07-06
V006009,2025-06-13,P002,C038,9,13211,118899,0,269,2025-07-07
V006010,2025-06-13,P020,C049,20,13919,278380,11620,790,2025-07-03
V006011,2025-06-13,P011,C063,9,483,4347,153,411,2025-06-25
V006012,2025-06-13,P001,C034,22,14740,324280,16720,1139,2025-07-06
V006013,2025-06-13,P009,C032,36,1961,70596,0,1961,2025-07-10
V006014,2025-06-13,P014,C047,9,1047,9423,477,510,2025-07-13
V006015,2025-06-13,P012,C041,5,1386,6930,320,212,2025-07-12
V006016,2025-06-13,P004,C042,24,9844,236256,15744,1152,2025-07-04
V006017,2025-06-13,P003,C029,21,2283,47943,2457,551,2025-07-10
V006018,2025-06-14,P015,C036,25,970,24250,250,1039,2025-06-30
V006019,2025-06-14,P001,C064,22,15841,348502,0,1129,2025-07-03
V006020,2025-06-14,P001,C013,26,15706,408356,0,1429,2025-07-03
V006021,2025-06-14,P018,C079,5,2798,13990,510,219,2025-06-21
V006022,2025-06-14,P001,C054,8,14369,114952,9048,520,2025-07-08
V006023,2025-06-14,P019,C055,46,3092,142232,0,2758,2025-06-21
V006024,2025-06-14,P008,C044,24,620,14880,720,1400,2025-06-28
V006025,2025-06-14,P003,C072,19,2280,43320,2280,1011,2025-06-26
V006026,2025-06-14,P003,C015,26,2471,64246,0,1034,2025-07-12
V006027,2025-06-14,P014,C008,36,1002,36072,3528,2038,2025-07-02
V006028,2025-06-14,P009,C064,12,1821,21852,948,710,2025-07-03
V006029,2025-06-14,P011,C049,11,493,5423,77,500,2025-07-04
V006030,2025-06-15,P010,C052,8,420,3360,240,234,2025-06-28
V006031,2025-06-15,P014,C015,87,1041,90567,5133,4602,2025-07-13
V006032,2025-06-15,P004,C067,35,10178,356230,11270,1656,2025-07-14
V006033,2025-06-15,P018,C003,75,2692,201900,15600,1797,2025-06-28
V006034,2025-06-16,P016,C006,26,1293,33618,1482,865,2025-06-28
V006035,2025-06-16,P011,C006,8,492,3936,64,404,2025-06-28
V006036,2025-06-16,P009,C018,147,1834,269598,9702,3698,2025-06-24
V006037,2025-06-16,P016,C003,24,1288,30912,1488,1151,2025-06-29
V006038,2025-06-16,P011,C016,9,454,4086,414,153,2025-07-16
V006039,2025-06-16,P006,C053,25,6166,154150,850,1019,2025-07-01
V006040,2025-06-16,P010,C019,14,415,5810,490,553,2025-07-01
V006041,2025-06-16,P010,C020,21,416,8736,714,879,2025-07-15
V006042,2025-06-16,P001,C006,21,14829,311409,14091,1209,2025-06-28
V006043,2025-06-16,P019,C061,32,2778,88896,7104,1520,2025-07-16
V006044,2025-06-16,P004,C007,18,9938,178884,10116,833,2025-07-03
V006045,2025-06-16,P002,C004,42,13405,563010,0,2350,2025-07-15
V006046,2025-06-16,P015,C045,32,938,30016,1344,649,2025-06-25
V006047,2025-06-16,P001,C058,66,15064,994224,28776,3554,2025-07-07
V006048,2025-06-16,P012,C047,22,1314,28908,2992,569,2025-07-16
V006049,2025-06-17,P002,C056,21,13269,278649,0,1167,2025-06-29
V006050,2025-06-17,P006,C071,35,6058,212030,4970,1330,2025-07-05
V006051,2025-06-17,P001,C076,34,15578,529652,0,2374,2025-06-30
V006052,2025-06-17,P012,C080,23,1245,28635,4715,1277,2025-06-29
V006053,2025-06-17,P009,C007,93,1902,176886,0,5204,2025-07-04
V006054,2025-06-17,P002,C045,40,12914,516560,11440,1116,2025-06-26
V006055,2025-06-17,P013,C076,41,3089,126649,4551,1753,2025-06-30
V006056,2025-06-17,P006,C022,17,6129,104193,1207,947,2025-07-11
V006057,2025-06-17,P014,C013,24,1002,24048,2352,1104,2025-07-06
V006058,2025-06-17,P003,C052,39,2416,94224,0,1954,2025-06-30
V006059,2025-06-17,P008,C059,82,647,53054,246,2781,2025-07-11
V006060,2025-06-17,P011,C016,7,480,3360,140,225,2025-07-17
V006061,2025-06-17,P014,C020,58,1068,61944,1856,2005,2025-07-16
V006062,2025-06-17,P013,C025,12,3176,38112,288,523,2025-06-28
V006063,2025-06-17,P016,C025,27,1326,35802,648,996,2025-06-28
V006064,2025-06-17,P018,C003,19,2689,51091,4009,665,2025-06-30
V006065,2025-06-17,P015,C027,52,993,51636,0,3023,2025-07-02
V006066,2025-06-17,P007,C037,21,762,16002,798,1145,2025-06-26
V006067,2025-06-17,P008,C073,9,630,5670,180,600,2025-07-14
V006068,2025-06-18,P001,C069,54,14128,762912,74088,1450,2025-06-27
V006069,2025-06-18,P013,C036,38,3075,116850,4750,2150,2025-07-04
V006070,2025-06-18,P001,C037,22,14496,318912,22088,704,2025-06-27
V006071,2025-06-18,P006,C059,20,5972,119440,4560,900,2025-07-12
V006072,2025-06-18,P002,C042,158,12430,1963940,121660,9055,2025-07-09
V006073,2025-06-18,P010,C062,11,435,4785,165,332,2025-07-11
V006074,2025-06-18,P006,C063,16,5707,91312,7888,705,2025-06-30
V006075,2025-06-18,P001,C057,13,15082,196066,5434,722,2025-06-26
V006076,2025-06-18,P005,C069,18,857,15426,774,864,2025-06-27
V006077,2025-06-18,P007,C043,11,792,8712,88,572,2025-06-27
V006078,2025-06-18,P017,C061,12,2522,30264,0,826,2025-07-18
V006079,2025-06-18,P020,C016,75,14012,1050900,36600,3480,2025-07-18
V006080,2025-06-18,P003,C038,92,2190,201480,19320,4212,2025-07-12
V006081,2025-06-18,P002,C036,36,12386,445896,29304,2117,2025-07-04
V006082,2025-06-18,P007,C028,35,737,25795,2205,1899,2025-07-18
V006083,2025-06-18,P013,C072,62,3065,190030,8370,3320,2025-06-30
V006084,2025-06-18,P015,C079,11,959,10549,231,598,2025-06-25
V006085,2025-06-19,P020,C007,20,13492,269840,20160,1029,2025-07-06
V006086,2025-06-19,P002,C057,12,12760,153120,5280,472,2025-06-27
V006087,2025-06-19,P016,C027,28,1352,37856,0,1510,2025-07-04
V006088,2025-06-19,P018,C009,48,2722,130656,8544,2464,2025-07-13
V006089,2025-06-19,P007,C056,13,788,10244,156,652,2025-07-01
V006090,2025-06-19,P011,C077,49,500,24500,0,1985,2025-07-04
V006091,2025-06-19,P004,C048,7,10008,70056,3444,352,2025-07-11
V006092,2025-06-19,P010,C049,68,439,29852,748,2892,2025-07-09
V006093,2025-06-19,P015,C080,26,875,22750,2730,1289,2025-07-01
V006094,2025-06-19,P002,C017,14,12785,178990,5810,523,2025-07-16
V006095,2025-06-20,P017,C068,28,2309,64652,3948,978,2025-07-17
V006096,2025-06-20,P005,C042,33,864,28512,1188,1573,2025-07-11
V006097,2025-06-20,P010,C032,46,418,19228,1472,2283,2025-07-17
V006098,2025-06-20,P017,C039,19,2305,43795,2755,670,2025-07-14
V006099,2025-06-20,P006,C060,10,5548,55480,6520,267,2025-07-03
V006100,2025-06-20,P007,C053,23,798,18354,46,977,2025-07-05
V006101,2025-06-20,P017,C008,25,2150,53750,7500,527,2025-07-08
V006102,2025-06-20,P018,C022,14,2710,37940,2660,492,2025-07-14
V006103,2025-06-20,P004,C068,33,10440,344520,1980,1796,2025-07-17
V006104,2025-06-20,P014,C025,18,1079,19422,378,798,2025-07-01
V006105,2025-06-20,P003,C055,26,2382,61932,468,1192,2025-06-27
V006106,2025-06-21,P017,C068,23,2345,53935,2415,872,2025-07-18
V006107,2025-06-21,P006,C070,32,5907,189024,9376,1438,2025-07-01
V006108,2025-06-21,P018,C010,38,2828,107464,2736,2022,2025-07-07
V006109,2025-06-21,P020,C079,21,14089,295869,8631,968,2025-06-28
V006110,2025-06-21,P007,C034,25,682,17050,2950,958,2025-07-14
V006111,2025-06-21,P009,C033,25,1890,47250,250,470,2025-07-02
V006112,2025-06-21,P018,C032,13,2819,36647,1053,399,2025-07-18
V006113,2025-06-21,P015,C018,20,951,19020,580,1249,2025-06-29
V006114,2025-06-22,P001,C055,58,14728,854224,44776,2730,2025-06-29
V006115,2025-06-22,P020,C074,21,13939,292719,11781,1000,2025-07-20
V006116,2025-06-22,P016,C072,22,1374,30228,0,920,2025-07-04
V006117,2025-06-22,P008,C057,11,643,7073,77,382,2025-06-30
V006118,2025-06-22,P016,C003,17,1348,22916,34,932,2025-07-05
V006119,2025-06-22,P015,C026,33,984,32472,0,2397,2025-07-01
V006120,2025-06-22,P016,C044,20,1235,24700,2300,940,2025-07-06
V006121,2025-06-22,P009,C032,16,1861,29776,624,703,2025-07-19
V006122,2025-06-22,P008,C005,7,601,4207,343,328,2025-07-17
V006123,2025-06-22,P002,C068,61,12574,767014,38186,2022,2025-07-19
V006124,2025-06-23,P004,C043,21,10270,215670,4830,920,2025-07-02
V006125,2025-06-23,P020,C079,37,13711,507307,29193,2093,2025-06-30
V006126,2025-06-23,P005,C041,90,857,77130,3870,4851,2025-07-22
V006127,2025-06-23,P018,C055,20,2842,56840,1160,1196,2025-06-30
V006128,2025-06-24,P006,C018,59,5906,348454,17346,2514,2025-07-02
V006129,2025-06-24,P001,C013,9,15378,138402,1098,484,2025-07-13
V006130,2025-06-24,P015,C030,28,843,23604,3836,1098,2025-07-01
V006131,2025-06-24,P020,C018,37,13702,506974,29526,1829,2025-07-02
V006132,2025-06-24,P009,C055,44,1849,81356,2244,2482,2025-07-01
V006133,2025-06-24,P014,C012,11,1036,11396,704,570,2025-07-10
V006134,2025-06-24,P018,C007,26,2562,66612,8788,1212,2025-07-11
V006135,2025-06-24,P010,C075,15,434,6510,240,846,2025-07-04
V006136,2025-06-24,P013,C005,43,3048,131064,6536,2436,2025-07-19
V006137,2025-06-24,P002,C075,34,12577,427618,21182,1462,2025-07-04
V006138,2025-06-24,P003,C001,11,2245,24695,1705,431,2025-07-08
V006139,2025-06-24,P011,C040,45,498,22410,90,2231,2025-07-07
V006140,2025-06-24,P017,C035,37,2343,86691,3959,1151,2025-07-04
V006141,2025-06-24,P010,C021,28,429,12012,588,962,2025-07-21
V006142,2025-06-24,P018,C074,25,2713,67825,4675,609,2025-07-22
V006143,2025-06-24,P002,C064,34,13737,467058,0,2331,2025-07-13
V006144,2025-06-24,P012,C052,25,1392,34800,1450,1020,2025-07-07
V006145,2025-06-24,P018,C052,31,2868,88908,992,1688,2025-07-07
V006146,2025-06-25,P009,C001,30,1886,56580,420,1237,2025-07-09
V006147,2025-06-25,P006,C019,43,5851,251593,15007,2563,2025-07-10
V006148,2025-06-25,P010,C053,11,438,4818,132,640,2025-07-10
V006149,2025-06-25,P016,C034,147,1260,185220,13230,9764,2025-07-18
V006150,2025-06-25,P018,C069,34,2614,88876,9724,1017,2025-07-04
V006151,2025-06-25,P016,C041,31,1364,42284,0,1612,2025-07-24
V006152,2025-06-25,P012,C042,27,1464,39528,0,941,2025-07-16
V006153,2025-06-25,P002,C013,3,12660,37980,1620,128,2025-07-14
V006154,2025-06-25,P008,C018,29,619,17951,899,1026,2025-07-03
V006155,2025-06-25,P010,C030,8,446,3568,32,478,2025-07-02
V006156,2025-06-26,P015,C068,8,894,7152,688,361,2025-07-23
V006157,2025-06-26,P010,C007,4,416,1664,136,189,2025-07-13
V006158,2025-06-26,P009,C051,21,1852,38892,1008,503,2025-07-15
V006159,2025-06-26,P007,C038,18,782,14076,324,389,2025-07-20
V006160,2025-06-26,P001,C005,28,14492,405776,28224,2196,2025-07-21
V006161,2025-06-26,P020,C066,9,14554,130986,0,467,2025-07-21
V006162,2025-06-26,P005,C016,14,847,11858,742,753,2025-07-26
V006163,2025-06-26,P020,C061,13,14619,190047,0,587,2025-07-26
V006164,2025-06-26,P016,C073,25,1305,32625,1125,564,2025-07-23
V006165,2025-06-26,P009,C030,46,1851,85146,2254,2279,2025-07-03
V006166,2025-06-26,P008,C037,15,665,9975,0,800,2025-07-05
V006167,2025-06-26,P001,C066,39,14765,575835,28665,1608,2025-07-21
V006168,2025-06-26,P008,C076,13,628,8164,286,947,2025-07-09
V006169,2025-06-26,P018,C035,67,2781,186327,7973,2465,2025-07-06
V006170,2025-06-26,P004,C020,24,10189,244536,7464,1146,2025-07-25
V006171,2025-06-27,P010,C020,6,442,2652,48,296,2025-07-26
V006172,2025-06-27,P016,C071,23,1178,27094,3956,1198,2025-07-15
V006173,2025-06-27,P002,C063,20,13342,266840,0,775,2025-07-09
V006174,2025-06-27,P013,C017,20,3009,60180,3820,952,2025-07-24
V006175,2025-06-27,P009,C026,12,1916,22992,0,837,2025-07-06
V006176,2025-06-27,P016,C078,24,1182,28368,4032,1098,2025-07-05
V006177,2025-06-27,P020,C031,9,13201,118809,11691,406,2025-07-20
V006178,2025-06-27,P006,C025,33,6022,198726,5874,1261,2025-07-08
V006179,2025-06-27,P019,C014,38,2872,109136,4864,1924,2025-07-15
V006180,2025-06-27,P019,C070,55,2854,156970,8030,1636,2025-07-07
V006181,2025-06-27,P017,C022,20,2322,46440,2560,832,2025-07-21
V006182,2025-06-27,P012,C014,11,1370,15070,880,634,2025-07-15
V006183,2025-06-27,P010,C058,56,431,24136,1064,1737,2025-07-18
V006184,2025-06-27,P004,C047,43,10164,437052,14448,2262,2025-07-27
V006185,2025-06-27,P015,C074,44,947,41668,1452,1628,2025-07-25
V006186,2025-06-27,P010,C064,17,458,7786,0,915,2025-07-16
V006187,2025-06-28,P015,C049,20,946,18920,680,932,2025-07-18
V006188,2025-06-28,P001,C006,10,14626,146260,8740,604,2025-07-10
V006189,2025-06-28,P019,C046,51,2905,148155,4845,2150,2025-07-12
V006190,2025-06-29,P012,C016,21,1379,28959,1491,730,2025-07-29
V006191,2025-06-29,P007,C064,43,755,32465,1935,1753,2025-07-18
V006192,2025-06-30,P015,C074,23,956,21988,552,576,2025-07-28
V006193,2025-06-30,P006,C051,22,6333,139326,0,1243,2025-07-19
V006194,2025-06-30,P006,C034,34,5263,178942,31858,1571,2025-07-23
V006195,2025-06-30,P001,C057,14,14832,207648,9352,486,2025-07-08
V006196,2025-06-30,P010,C033,29,434,12586,464,1137,2025-07-11
V006197,2025-06-30,P019,C049,30,2763,82890,7110,486,2025-07-20
V006198,2025-06-30,P013,C023,37,3061,113257,5143,1649,2025-07-25
V006199,2025-06-30,P019,C019,40,2781,111240,8760,1004,2025-07-15
V006200,2025-06-30,P015,C030,32,918,29376,1984,1923,2025-07-07
V006201,2025-06-30,P002,C042,152,12778,1942256,64144,7493,2025-07-21
V006202,2025-06-30,P004,C004,25,10482,262050,450,1119,2025-07-29
V006203,2025-06-30,P019,C014,5,2805,14025,975,270,2025-07-18
V006204,2025-06-30,P003,C080,19,2117,40223,5377,911,2025-07-12
V006205,2025-06-30,P001,C012,30,14827,444810,20190,1635,2025-07-16
V006206,2025-06-30,P001,C011,30,14560,436800,28200,1562,2025-07-25
V006207,2025-06-30,P012,C054,44,1389,61116,2684,888,2025-07-24
V006208,2025-06-30,P005,C076,32,848,27136,1664,2060,2025-07-13
V006209,2025-06-30,P011,C001,21,508,10668,0,1000,2025-07-14
V006210,2025-06-30,P005,C031,11,846,9306,594,751,2025-07-23
V006211,2025-06-30,P006,C016,15,6166,92490,510,702,2025-07-30
V006212,2025-06-30,P004,C049,50,10522,526100,0,1213,2025-07-20
V006213,2025-07-01,P001,C042,14,15485,216790,210,630,2025-07-22
V006214,2025-07-01,P017,C009,58,2385,138330,3770,2987,2025-07-25
V006215,2025-07-01,P019,C049,20,2976,59520,480,975,2025-07-21
V006216,2025-07-01,P013,C078,9,2943,26487,2313,378,2025-07-09
V006217,2025-07-01,P019,C008,17,2807,47719,3281,543,2025-07-19
V006218,2025-07-01,P016,C057,34,1343,45662,238,1854,2025-07-09
V006219,2025-07-01,P010,C053,20,416,8320,680,651,2025-07-16
V006220,2025-07-01,P018,C060,15,2834,42510,990,718,2025-07-14
V006221,2025-07-01,P020,C066,12,13924,167088,6912,360,2025-07-26
V006222,2025-07-01,P010,C061,20,414,8280,720,885,2025-07-31
V006223,2025-07-01,P009,C028,20,1929,38580,0,866,2025-07-31
V006224,2025-07-02,P014,C023,21,969,20349,2751,937,2025-07-27
V006225,2025-07-02,P008,C002,27,638,17226,324,1067,2025-07-26
V006226,2025-07-02,P011,C076,36,483,17388,612,594,2025-07-15
V006227,2025-07-02,P013,C058,102,3246,331092,0,5809,2025-07-23
V006228,2025-07-02,P013,C058,43,3091,132913,4687,1974,2025-07-23
V006229,2025-07-02,P006,C069,14,6040,84560,2240,505,2025-07-11
V006230,2025-07-02,P020,C016,31,13541,419771,29729,1554,2025-08-01
V006231,2025-07-02,P019,C036,29,2906,84274,2726,1079,2025-07-18
V006232,2025-07-02,P004,C048,50,10170,508500,16500,3961,2025-07-24
V006233,2025-07-02,P003,C029,6,2245,13470,930,226,2025-07-29
V006234,2025-07-02,P017,C010,34,2336,79424,3876,1487,2025-07-18
V006235,2025-07-02,P009,C057,27,1819,49113,2187,953,2025-07-10
V006236,2025-07-02,P009,C008,61,1769,107909,7991,2557,2025-07-20
V006237,2025-07-02,P020,C029,96,13292,1276032,115968,4371,2025-07-29
V006238,2025-07-02,P003,C010,36,2162,77832,8568,1954,2025-07-18
V006239,2025-07-02,P020,C007,8,15142,121136,0,350,2025-07-19
V006240,2025-07-02,P002,C055,50,13327,666350,0,1541,2025-07-09
V006241,2025-07-02,P010,C011,19,442,8398,152,691,2025-07-27
V006242,2025-07-02,P004,C062,59,10225,603275,16225,2163,2025-07-25
V006243,2025-07-02,P001,C053,53,14760,782280,39220,2330,2025-07-17
V006244,2025-07-02,P017,C045,25,2325,58125,3125,918,2025-07-11
V006245,2025-07-03,P016,C076,51,1259,64209,4641,2345,2025-07-16
V006246,2025-07-03,P001,C005,16,14307,228912,19088,958,2025-07-28
V006247,2025-07-03,P017,C053,11,2270,24970,1980,444,2025-07-18
V006248,2025-07-03,P005,C040,33,841,27753,1947,1546,2025-07-16
V006249,2025-07-03,P004,C079,16,10355,165680,2320,1332,2025-07-10
V006250,2025-07-03,P003,C077,25,2409,60225,0,1575,2025-07-18
V006251,2025-07-03,P013,C030,18,3032,54576,3024,579,2025-07-10
V006252,2025-07-03,P018,C042,42,2843,119406,2394,2406,2025-07-24
V006253,2025-07-03,P008,C079,31,614,19034,1116,1575,2025-07-10
V006254,2025-07-03,P009,C033,24,1829,43896,1704,1487,2025-07-14
V006255,2025-07-03,P004,C016,5,9606,48030,4470,237,2025-08-02
V006256,2025-07-03,P004,C048,42,9860,414120,26880,2257,2025-07-25
V006257,2025-07-03,P008,C021,41,607,24887,1763,2290,2025-07-30
V006258,2025-07-03,P007,C079,23,761,17503,897,1186,2025-07-10
V006259,2025-07-03,P011,C020,48,487,23376,624,2496,2025-08-01
V006260,2025-07-03,P005,C013,43,874,37582,1118,1369,2025-07-22
V006261,2025-07-03,P019,C056,16,2769,44304,3696,649,2025-07-15
V006262,2025-07-03,P008,C048,9,622,5598,252,570,2025-07-25
V006263,2025-07-03,P011,C067,34,484,16456,544,1455,2025-08-01
V006264,2025-07-04,P006,C067,19,5823,110637,7163,1056,2025-08-02
V006265,2025-07-04,P006,C074,6,5613,33678,3522,307,2025-08-01
V006266,2025-07-04,P006,C047,35,5755,201425,15575,1516,2025-08-03
V006267,2025-07-04,P018,C018,36,2825,101700,2700,1848,2025-07-12
V006268,2025-07-04,P003,C053,57,2338,133266,3534,2601,2025-07-19
V006269,2025-07-04,P007,C018,31,814,25234,0,1493,2025-07-12
V006270,2025-07-04,P010,C013,56,455,25480,0,2006,2025-07-23
V006271,2025-07-04,P018,C066,34,2780,94520,4080,1354,2025-07-29
V006272,2025-07-04,P015,C076,28,876,24528,2912,1155,2025-07-17
V006273,2025-07-04,P011,C032,24,456,10944,1056,844,2025-07-31
V006274,2025-07-04,P003,C023,45,2343,105435,2565,488,2025-07-29
V006275,2025-07-04,P020,C050,39,13744,536016,29484,1343,2025-07-12
V006276,2025-07-04,P007,C063,40,776,31040,960,1396,2025-07-16
V006277,2025-07-04,P006,C042,95,6105,579975,9025,2780,2025-07-25
V006278,2025-07-04,P005,C076,31,890,27590,310,1707,2025-07-17
V006279,2025-07-04,P015,C010,41,889,36449,3731,2614,2025-07-20
V006280,2025-07-04,P014,C073,31,1033,32023,2077,1217,2025-07-31
V006281,2025-07-04,P003,C005,25,2330,58250,1750,1260,2025-07-29
V006282,2025-07-04,P013,C019,70,3070,214900,9100,3006,2025-07-19
V006283,2025-07-04,P006,C063,24,5979,143496,5304,949,2025-07-16
V006284,2025-07-04,P002,C032,21,13102,275142,2058,964,2025-07-31
V006285,2025-07-05,P014,C023,19,1012,19228,1672,701,2025-07-30
V006286,2025-07-05,P003,C018,16,2194,35104,3296,672,2025-07-13
V006287,2025-07-05,P001,C071,24,15073,361752,10248,1101,2025-07-23
V006288,2025-07-05,P001,C059,7,15482,108374,126,504,2025-07-29
V006289,2025-07-05,P013,C004,24,3003,72072,4728,1398,2025-08-03
V006290,2025-07-05,P017,C037,7,2391,16737,413,469,2025-07-14
V006291,2025-07-05,P005,C015,37,894,33078,222,1121,2025-08-02
V006292,2025-07-06,P016,C054,11,1371,15081,0,428,2025-07-30
V006293,2025-07-06,P003,C076,11,2237,24607,1793,486,2025-07-19
V006294,2025-07-06,P008,C006,27,644,17388,162,1134,2025-07-18
V006295,2025-07-06,P009,C023,22,1742,38324,3476,748,2025-07-31
V006296,2025-07-06,P008,C014,14,623,8722,378,649,2025-07-24
V006297,2025-07-06,P002,C017,29,13160,381640,1160,1492,2025-08-02
V006298,2025-07-06,P015,C003,11,967,10637,143,382,2025-07-19
V006299,2025-07-06,P011,C068,25,493,12325,175,1250,2025-08-02
V006300,2025-07-06,P006,C004,21,5937,124677,5523,1191,2025-08-04
V006301,2025-07-07,P015,C022,26,947,24622,858,1146,2025-07-31
V006302,2025-07-07,P003,C059,48,2305,110640,4560,1950,2025-07-31
V006303,2025-07-07,P013,C022,10,3146,31460,540,459,2025-07-31
V006304,2025-07-07,P015,C005,34,977,33218,102,898,2025-08-01
V006305,2025-07-07,P010,C001,12,453,5436,0,651,2025-07-21
V006306,2025-07-07,P013,C005,62,3121,193502,4898,2523,2025-08-01
V006307,2025-07-07,P010,C047,155,425,65875,3875,8088,2025-08-06
V006308,2025-07-07,P007,C047,35,763,26705,1295,1715,2025-08-06
V006309,2025-07-08,P019,C035,20,2887,57740,2260,1392,2025-07-18
V006310,2025-07-08,P012,C010,13,1438,18694,156,733,2025-07-24
V006311,2025-07-08,P015,C026,109,948,103332,3488,3854,2025-07-17
V006312,2025-07-08,P001,C062,13,15082,196066,5434,778,2025-07-31
V006313,2025-07-08,P014,C054,18,1119,20142,0,929,2025-08-01
V006314,2025-07-08,P008,C067,52,621,32292,1508,2775,2025-08-06
V006315,2025-07-08,P004,C076,15,10055,150825,6675,634,2025-07-21
V006316,2025-07-08,P018,C039,19,2854,54226,874,963,2025-08-01
V006317,2025-07-08,P017,C031,29,2213,64177,6873,1990,2025-07-31
V006318,2025-07-08,P001,C029,34,15292,519928,7072,1307,2025-08-04
V006319,2025-07-08,P012,C066,57,1438,81966,684,2358,2025-08-02
V006320,2025-07-08,P010,C021,8,435,3480,120,148,2025-08-04
V006321,2025-07-08,P001,C018,19,14349,272631,21869,686,2025-07-16
V006322,2025-07-09,P013,C003,36,2973,107028,8172,1654,2025-07-22
V006323,2025-07-09,P015,C044,26,955,24830,650,851,2025-07-23
V006324,2025-07-09,P012,C003,18,1370,24660,1440,890,2025-07-22
V006325,2025-07-09,P005,C066,28,878,24584,616,1692,2025-08-03
V006326,2025-07-10,P012,C055,27,1332,35964,3186,753,2025-07-17
V006327,2025-07-10,P016,C022,26,1362,35412,0,796,2025-08-03
V006328,2025-07-10,P013,C044,13,3073,39949,1651,518,2025-07-24
V006329,2025-07-10,P010,C019,55,432,23760,990,2149,2025-07-25
V006330,2025-07-10,P019,C057,49,2958,144942,2058,2399,2025-07-18
V006331,2025-07-10,P019,C048,95,3039,288705,0,4048,2025-08-01
V006332,2025-07-10,P012,C040,6,1295,7770,930,343,2025-07-23
V006333,2025-07-10,P005,C058,39,876,34164,936,2386,2025-07-31
V006334,2025-07-10,P002,C079,7,12883,90181,2219,378,2025-07-17
V006335,2025-07-10,P017,C015,14,2345,32830,1470,677,2025-08-07
V006336,2025-07-10,P007,C054,22,785,17270,330,1003,2025-08-03
V006337,2025-07-10,P006,C043,28,5949,166572,7028,1409,2025-07-19
V006338,2025-07-10,P014,C024,47,1040,48880,2820,1821,2025-08-02
V006339,2025-07-10,P009,C005,13,1911,24843,0,555,2025-08-04
V006340,2025-07-10,P012,C071,17,1416,24072,578,851,2025-07-28
V006341,2025-07-10,P007,C028,49,736,36064,3136,2667,2025-08-09
V006342,2025-07-10,P004,C004,61,10197,622017,18483,2017,2025-08-08
V006343,2025-07-11,P014,C014,43,1011,43473,3827,2474,2025-07-29
V006344,2025-07-11,P016,C049,12,1279,15348,852,609,2025-07-31
V006345,2025-07-11,P002,C072,15,12666,189990,8010,603,2025-07-23
V006346,2025-07-11,P010,C032,28,413,11564,1036,1807,2025-08-07
V006347,2025-07-11,P019,C075,57,2921,166497,4503,2826,2025-07-21
V006348,2025-07-11,P012,C043,32,1397,44704,1696,2015,2025-07-20
V006349,2025-07-11,P005,C042,30,866,25980,1020,2201,2025-08-01
V006350,2025-07-11,P018,C053,15,2539,38085,5415,569,2025-07-26
V006351,2025-07-11,P019,C068,10,2813,28130,1870,435,2025-08-07
V006352,2025-07-11,P020,C006,42,14437,606354,2646,1941,2025-07-23
V006353,2025-07-11,P008,C002,41,630,25830,820,1518,2025-08-04
V006354,2025-07-11,P017,C038,31,2315,71765,4185,1514,2025-08-04
V006355,2025-07-11,P003,C075,37,2317,85729,3071,1673,2025-07-21
V006356,2025-07-11,P016,C013,25,1264,31600,2150,1399,2025-07-30
V006357,2025-07-11,P010,C045,46,444,20424,276,1472,2025-07-20
V006358,2025-07-12,P010,C032,25,413,10325,925,1194,2025-08-08
V006359,2025-07-12,P010,C032,5,415,2075,175,151,2025-08-08
V006360,2025-07-12,P012,C053,23,1348,31004,2346,855,2025-07-27
V006361,2025-07-13,P019,C049,12,2939,35268,732,680,2025-08-02
V006362,2025-07-13,P006,C034,62,5941,368342,16058,3088,2025-08-05
V006363,2025-07-13,P020,C011,17,13539,230163,16337,1098,2025-08-07
V006364,2025-07-13,P004,C034,12,9832,117984,8016,824,2025-08-05
V006365,2025-07-14,P017,C030,9,2271,20439,1611,400,2025-07-21
V006366,2025-07-14,P018,C011,44,2873,126412,1188,2083,2025-08-08
V006367,2025-07-14,P003,C075,14,2361,33054,546,497,2025-07-24
V006368,2025-07-14,P008,C057,10,598,5980,520,485,2025-07-22
V006369,2025-07-14,P003,C028,71,2299,163229,7171,3894,2025-08-13
V006370,2025-07-14,P007,C045,51,789,40239,561,2742,2025-07-23
V006371,2025-07-14,P018,C019,21,2779,58359,2541,738,2025-07-29
V006372,2025-07-14,P013,C022,21,3092,64932,2268,769,2025-08-07
V006373,2025-07-14,P012,C040,17,1482,25194,0,600,2025-07-27
V006374,2025-07-14,P015,C025,18,913,16434,1206,689,2025-07-25
V006375,2025-07-14,P008,C061,27,594,16038,1512,1083,2025-08-13
V006376,2025-07-14,P020,C035,16,14355,229680,2320,890,2025-07-24
V006377,2025-07-14,P012,C061,132,1429,188628,2772,6872,2025-08-13
V006378,2025-07-14,P014,C002,46,1106,50876,0,1446,2025-08-07
V006379,2025-07-14,P009,C009,24,1825,43800,1800,651,2025-08-07
V006380,2025-07-14,P010,C037,11,435,4785,165,538,2025-07-23
V006381,2025-07-15,P009,C049,25,1867,46675,825,594,2025-08-04
V006382,2025-07-15,P003,C034,29,2139,62031,7569,1282,2025-08-07
V006383,2025-07-15,P005,C020,26,864,22464,936,1133,2025-08-13
V006384,2025-07-15,P011,C001,60,479,28740,1260,2121,2025-07-29
V006385,2025-07-15,P004,C011,19,10073,191387,8113,1001,2025-08-09
V006386,2025-07-15,P016,C026,25,1370,34250,0,650,2025-07-24
V006387,2025-07-15,P016,C017,39,1226,47814,4836,1812,2025-08-11
V006388,2025-07-15,P018,C014,26,2899,75374,26,896,2025-08-02
V006389,2025-07-15,P006,C047,37,6078,224886,4514,1724,2025-08-14
V006390,2025-07-15,P007,C051,23,756,17388,1012,867,2025-08-03
V006391,2025-07-16,P003,C061,40,2400,96000,0,1848,2025-08-15
V006392,2025-07-16,P010,C077,17,432,7344,306,1008,2025-07-31
V006393,2025-07-16,P001,C044,31,15387,476997,3503,1619,2025-07-30
V006394,2025-07-16,P003,C023,26,2197,57122,5278,1322,2025-08-10
V006395,2025-07-16,P020,C070,14,14057,196798,6202,909,2025-07-26
V006396,2025-07-16,P002,C072,109,12347,1345823,92977,3651,2025-07-28
V006397,2025-07-16,P009,C055,26,1775,46150,3250,1704,2025-07-23
V006398,2025-07-16,P014,C076,24,1116,26784,0,915,2025-07-29
V006399,2025-07-16,P002,C057,13,12470,162110,9490,580,2025-07-24
V006400,2025-07-16,P003,C044,11,2373,26103,297,294,2025-07-30
V006401,2025-07-16,P006,C030,17,6203,105451,0,870,2025-07-23
V006402,2025-07-16,P013,C063,30,3204,96120,0,1960,2025-07-28
V006403,2025-07-16,P001,C033,18,15915,286470,0,768,2025-07-27
V006404,2025-07-17,P018,C026,32,2704,86528,6272,1341,2025-07-26
V006405,2025-07-17,P011,C052,175,474,82950,4550,8236,2025-07-30
V006406,2025-07-17,P008,C017,43,596,25628,2322,2378,2025-08-13
V006407,2025-07-17,P007,C079,90,741,66690,5310,2744,2025-07-24
V006408,2025-07-17,P014,C072,28,999,27972,2828,1517,2025-07-29
V006409,2025-07-18,P003,C053,27,2336,63072,1728,1880,2025-08-02
V006410,2025-07-18,P013,C032,34,3124,106216,2584,1191,2025-08-14
V006411,2025-07-18,P003,C065,17,2212,37604,3196,792,2025-08-13
V006412,2025-07-18,P016,C068,19,1205,22895,2755,481,2025-08-14
V006413,2025-07-18,P017,C030,19,2290,43510,3040,481,2025-07-25
V006414,2025-07-18,P007,C057,14,753,10542,658,589,2025-07-26
V006415,2025-07-18,P020,C049,8,13745,109960,6040,361,2025-08-07
V006416,2025-07-18,P004,C062,36,9635,346860,31140,2569,2025-08-10
V006417,2025-07-18,P018,C070,67,2886,193362,938,2814,2025-07-28
V006418,2025-07-18,P014,C027,48,1126,54048,0,2178,2025-08-02
V006419,2025-07-18,P017,C004,15,2393,35895,855,731,2025-08-16
V006420,2025-07-18,P020,C071,64,13617,871488,56512,3355,2025-08-05
V006421,2025-07-18,P004,C002,26,10609,275834,0,1518,2025-08-11
V006422,2025-07-19,P001,C064,4,14714,58856,3144,148,2025-08-07
V006423,2025-07-19,P020,C039,52,14357,746564,7436,3562,2025-08-12
V006424,2025-07-19,P003,C052,18,2275,40950,2250,976,2025-08-01
V006425,2025-07-19,P013,C028,33,3233,106689,0,1382,2025-08-18
V006426,2025-07-19,P016,C001,39,1324,51636,1014,1448,2025-08-02
V006427,2025-07-19,P011,C062,7,483,3381,119,155,2025-08-11
V006428,2025-07-19,P004,C007,25,10449,261225,1275,1182,2025-08-05
V006429,2025-07-19,P013,C015,29,2902,84158,8642,2137,2025-08-16
V006430,2025-07-19,P015,C049,13,955,12415,325,696,2025-08-08
V006431,2025-07-20,P013,C077,21,2983,62643,4557,931,2025-08-04
V006432,2025-07-20,P008,C050,17,628,10676,374,611,2025-07-28
V006433,2025-07-20,P001,C050,25,15422,385550,1950,1124,2025-07-28
V006434,2025-07-20,P012,C025,12,1430,17160,240,710,2025-07-31
V006435,2025-07-20,P020,C076,20,13648,272960,17040,448,2025-08-02
V006436,2025-07-20,P004,C066,22,9807,215754,15246,915,2025-08-14
V006437,2025-07-20,P010,C003,66,432,28512,1188,3343,2025-08-02
V006438,2025-07-21,P004,C073,60,10397,623820,6180,3694,2025-08-17
V006439,2025-07-21,P020,C027,68,13765,936020,49980,2430,2025-08-05
V006440,2025-07-21,P003,C021,13,2431,31603,0,575,2025-08-17
V006441,2025-07-21,P011,C057,31,497,15407,93,1191,2025-07-29
V006442,2025-07-21,P011,C052,10,481,4810,190,312,2025-08-03
V006443,2025-07-21,P008,C008,20,603,12060,940,1027,2025-08-08
V006444,2025-07-21,P017,C026,22,2335,51370,2530,875,2025-07-30
V006445,2025-07-21,P002,C037,11,11613,127743,17457,586,2025-07-30
V006446,2025-07-21,P016,C078,16,1221,19536,2064,599,2025-07-29
V006447,2025-07-21,P005,C017,12,830,9960,840,561,2025-08-17
V006448,2025-07-21,P019,C054,22,2608,57376,8624,1214,2025-08-14
V006449,2025-07-21,P005,C004,40,863,34520,1480,1905,2025-08-19
V006450,2025-07-21,P006,C069,16,5635,90160,9040,605,2025-07-30
V006451,2025-07-21,P005,C049,47,796,37412,4888,1503,2025-08-10
V006452,2025-07-21,P008,C050,19,602,11438,912,787,2025-07-29
V006453,2025-07-21,P017,C078,58,2300,133400,8700,2002,2025-07-29
V006454,2025-07-22,P017,C055,25,2234,55850,5400,875,2025-07-29
V006455,2025-07-22,P020,C037,35,14014,490490,17010,1259,2025-07-31
V006456,2025-07-22,P009,C024,21,1701,35721,4179,1098,2025-08-14
V006457,2025-07-22,P005,C062,25,845,21125,1375,989,2025-08-14
V006458,2025-07-22,P006,C071,17,5391,91647,13753,920,2025-08-09
V006459,2025-07-22,P020,C032,144,13877,1998288,89712,6621,2025-08-18
V006460,2025-07-22,P015,C070,10,958,9580,220,392,2025-08-01
V006461,2025-07-22,P014,C067,28,1015,28420,2380,1176,2025-08-20
V006462,2025-07-22,P001,C061,19,14188,269572,24928,699,2025-08-21
V006463,2025-07-22,P007,C077,90,786,70740,1260,2206,2025-08-06
V006464,2025-07-22,P003,C062,33,2236,73788,5412,1716,2025-08-14
V006465,2025-07-22,P015,C068,20,943,18860,740,1071,2025-08-18
V006466,2025-07-22,P018,C051,11,2796,30756,1144,806,2025-08-10
V006467,2025-07-22,P005,C053,6,840,5040,360,220,2025-08-06
V006468,2025-07-22,P001,C079,15,15032,225480,7020,540,2025-07-29
V006469,2025-07-22,P016,C058,11,1268,13948,902,559,2025-08-12
V006470,2025-07-22,P008,C033,18,612,11016,684,637,2025-08-02
V006471,2025-07-22,P002,C070,72,12402,892944,57456,1596,2025-08-01
V006472,2025-07-22,P020,C032,14,14601,204414,0,669,2025-08-18
V006473,2025-07-23,P017,C055,32,2385,76320,2080,1477,2025-07-30
V006474,2025-07-23,P006,C028,8,6117,48936,664,367,2025-08-22
V006475,2025-07-23,P004,C041,29,9878,286462,18038,807,2025-08-21
V006476,2025-07-23,P005,C060,20,889,17780,220,612,2025-08-05
V006477,2025-07-23,P006,C062,11,6212,68332,0,447,2025-08-15
V006478,2025-07-23,P007,C031,15,762,11430,570,772,2025-08-15
V006479,2025-07-23,P003,C071,6,2108,12648,1752,330,2025-08-10
V006480,2025-07-23,P003,C054,101,2461,248561,0,3687,2025-08-16
V006481,2025-07-23,P012,C007,33,1412,46596,1254,1499,2025-08-09
V006482,2025-07-23,P010,C009,39,426,16614,936,1944,2025-08-16
V006483,2025-07-23,P009,C055,6,1780,10680,720,328,2025-07-30
V006484,2025-07-23,P003,C017,6,2261,13566,834,466,2025-08-19
V006485,2025-07-23,P015,C023,21,1004,21084,0,1109,2025-08-17
V006486,2025-07-23,P017,C080,17,2207,37519,4131,887,2025-08-04
V006487,2025-07-23,P009,C024,12,1746,20952,1848,472,2025-08-15
V006488,2025-07-23,P018,C055,62,2489,154318,25482,2839,2025-07-30
V006489,2025-07-24,P008,C065,10,636,6360,140,227,2025-08-19
V006490,2025-07-24,P008,C033,41,623,25543,1107,2054,2025-08-04
V006491,2025-07-24,P011,C003,7,487,3409,91,285,2025-08-06
V006492,2025-07-24,P009,C007,56,1804,101024,5376,3008,2025-08-10
V006493,2025-07-24,P012,C010,11,1460,16060,0,522,2025-08-09
V006494,2025-07-24,P014,C014,69,1005,69345,6555,3440,2025-08-11
V006495,2025-07-25,P011,C031,36,475,17100,900,1936,2025-08-17
V006496,2025-07-25,P010,C030,44,428,18832,968,1606,2025-08-01
V006497,2025-07-25,P001,C008,26,15620,406120,0,893,2025-08-12
V006498,2025-07-25,P004,C074,75,10112,758400,29100,5228,2025-08-22
V006499,2025-07-25,P011,C025,43,481,20683,817,2345,2025-08-05
V006500,2025-07-25,P007,C024,32,725,23200,2400,1496,2025-08-17
V006501,2025-07-25,P011,C047,38,458,17404,1596,2572,2025-08-24
V006502,2025-07-25,P013,C019,44,2966,130504,10296,1987,2025-08-09
V006503,2025-07-26,P015,C070,85,957,81345,1955,2552,2025-08-05
V006504,2025-07-26,P020,C075,34,14645,497930,0,1644,2025-08-05
V006505,2025-07-26,P003,C070,23,2222,51106,4094,1136,2025-08-05
V006506,2025-07-26,P006,C068,42,6131,257502,2898,2810,2025-08-22
V006507,2025-07-26,P017,C032,30,2513,75390,0,1404,2025-08-22
V006508,2025-07-26,P018,C078,34,2561,87074,11526,1131,2025-08-03
V006509,2025-07-26,P017,C038,14,2346,32844,1456,600,2025-08-19
V006510,2025-07-27,P010,C044,38,421,15998,1102,2395,2025-08-10
V006511,2025-07-27,P015,C001,9,955,8595,225,285,2025-08-10
V006512,2025-07-27,P012,C067,21,1409,29589,861,638,2025-08-25
V006513,2025-07-27,P002,C017,10,13631,136310,0,420,2025-08-23
V006514,2025-07-27,P002,C033,8,13457,107656,0,254,2025-08-07
V006515,2025-07-27,P010,C027,30,448,13440,60,632,2025-08-11
V006516,2025-07-27,P009,C062,15,1790,26850,1650,575,2025-08-19
V006517,2025-07-27,P009,C002,30,1883,56490,510,1596,2025-08-20
V006518,2025-07-27,P018,C080,13,2752,35776,1924,470,2025-08-08
V006519,2025-07-28,P013,C080,37,2995,110815,7585,2000,2025-08-09
V006520,2025-07-28,P013,C054,30,3096,92880,3120,1385,2025-08-21
V006521,2025-07-28,P019,C029,17,2832,48144,2856,818,2025-08-24
V006522,2025-07-28,P001,C070,8,15338,122704,1296,403,2025-08-07
V006523,2025-07-28,P017,C029,13,2544,33072,0,560,2025-08-24
V006524,2025-07-28,P002,C064,7,12351,86457,5943,370,2025-08-16
V006525,2025-07-29,P007,C005,25,758,18950,1050,1491,2025-08-23
V006526,2025-07-29,P008,C013,20,670,13400,0,1441,2025-08-17
V006527,2025-07-29,P013,C033,66,3105,204930,6270,3029,2025-08-09
V006528,2025-07-29,P013,C008,3,3091,9273,327,213,2025-08-16
V006529,2025-07-29,P017,C069,39,2348,91572,3978,2341,2025-08-07
V006530,2025-07-29,P002,C008,18,13316,239688,0,861,2025-08-16
V006531,2025-07-29,P016,C080,58,1205,69890,8410,1974,2025-08-10
V006532,2025-07-29,P012,C051,11,1357,14927,1023,300,2025-08-17
V006533,2025-07-29,P018,C048,21,2614,54894,6006,656,2025-08-20
V006534,2025-07-29,P008,C052,71,612,43452,2698,4223,2025-08-11
V006535,2025-07-29,P009,C063,30,1735,52050,4950,883,2025-08-10
V006536,2025-07-29,P007,C062,25,782,19550,450,917,2025-08-21
V006537,2025-07-30,P002,C069,15,12754,191310,6690,812,2025-08-08
V006538,2025-07-30,P018,C023,8,2805,22440,760,364,2025-08-24
V006539,2025-07-30,P013,C060,18,2959,53262,4338,1134,2025-08-12
V006540,2025-07-30,P020,C056,119,14353,1708007,17493,6154,2025-08-11
V006541,2025-07-30,P017,C018,19,2380,45220,1330,755,2025-08-07
V006542,2025-07-30,P007,C007,23,773,17779,621,873,2025-08-16
V006543,2025-07-30,P013,C029,110,2847,313170,38830,4163,2025-08-26
V006544,2025-07-30,P009,C071,36,1729,62244,6156,1474,2025-08-17
V006545,2025-07-30,P014,C011,23,1048,24104,1196,844,2025-08-24
V006546,2025-07-30,P013,C041,59,3122,184198,4602,2483,2025-08-28
V006547,2025-07-31,P005,C057,11,895,9845,55,600,2025-08-08
V006548,2025-07-31,P004,C059,12,10449,125388,612,471,2025-08-24
V006549,2025-07-31,P015,C015,9,974,8766,54,409,2025-08-28
V006550,2025-07-31,P014,C068,29,1126,32654,0,1272,2025-08-27
V006551,2025-07-31,P004,C038,22,10557,232254,0,632,2025-08-24
V006552,2025-07-31,P014,C071,26,957,24882,3718,1348,2025-08-18
V006553,2025-07-31,P011,C023,16,464,7424,576,894,2025-08-25
V006554,2025-08-01,P016,C062,37,1317,48729,1221,1288,2025-08-24
V006555,2025-08-01,P013,C050,46,3155,145130,2070,2152,2025-08-09
V006556,2025-08-01,P001,C079,14,15399,215586,1414,698,2025-08-08
V006557,2025-08-01,P003,C045,47,2163,101661,11139,1176,2025-08-10
V006558,2025-08-01,P008,C019,9,599,5391,459,415,2025-08-16
V006559,2025-08-01,P011,C076,17,452,7684,816,1168,2025-08-14
V006560,2025-08-01,P020,C045,41,14031,575271,19229,2727,2025-08-10
V006561,2025-08-01,P017,C038,58,2159,125222,16878,1715,2025-08-25
V006562,2025-08-01,P001,C056,6,14423,86538,6462,266,2025-08-13
V006563,2025-08-01,P014,C051,66,1047,69102,3498,3236,2025-08-20
V006564,2025-08-01,P017,C028,17,2374,40358,1292,638,2025-08-31
V006565,2025-08-01,P008,C042,21,651,13671,0,938,2025-08-22
V006566,2025-08-01,P015,C079,42,964,40488,672,1694,2025-08-08
V006567,2025-08-01,P005,C038,43,854,36722,1978,1383,2025-08-25
V006568,2025-08-01,P005,C013,45,862,38790,1710,2132,2025-08-20
V006569,2025-08-01,P014,C037,23,1043,23989,1311,918,2025-08-10
V006570,2025-08-01,P017,C031,40,2482,99280,0,1916,2025-08-24
V006571,2025-08-01,P006,C075,36,5727,206172,17028,1327,2025-08-11
V006572,2025-08-01,P012,C034,24,1356,32544,2256,1332,2025-08-24
V006573,2025-08-01,P007,C029,19,736,13984,1216,364,2025-08-28
V006574,2025-08-01,P018,C060,19,2776,52744,2356,1030,2025-08-14
V006575,2025-08-01,P004,C080,14,9565,133910,13090,1008,2025-08-13
V006576,2025-08-02,P014,C044,116,1082,125512,2088,6241,2025-08-16
V006577,2025-08-02,P020,C052,24,13960,335040,12960,784,2025-08-15
V006578,2025-08-02,P006,C009,23,6111,140553,2047,1197,2025-08-26
V006579,2025-08-02,P005,C071,17,818,13906,1394,856,2025-08-20
V006580,2025-08-02,P011,C001,29,490,14210,290,1126,2025-08-16
V006581,2025-08-02,P011,C068,63,462,29106,2394,3288,2025-08-29
V006582,2025-08-02,P017,C039,9,2352,21168,882,473,2025-08-26
V006583,2025-08-02,P014,C006,23,1073,24679,621,1391,2025-08-14
V006584,2025-08-02,P018,C023,79,2836,224044,5056,4079,2025-08-27
V006585,2025-08-03,P010,C070,25,442,11050,200,1144,2025-08-13
V006586,2025-08-03,P012,C032,15,1378,20670,1080,515,2025-08-30
V006587,2025-08-03,P014,C014,34,1026,34884,2516,1107,2025-08-21
V006588,2025-08-03,P004,C005,30,10194,305820,9180,640,2025-08-28
V006589,2025-08-04,P003,C022,49,2194,107506,10094,1063,2025-08-28
V006590,2025-08-04,P011,C067,12,482,5784,216,529,2025-09-02
V006591,2025-08-04,P004,C018,22,10825,238150,0,508,2025-08-12
V006592,2025-08-04,P004,C042,18,9732,175176,13824,1155,2025-08-25
V006593,2025-08-04,P020,C001,35,13551,474285,33215,1676,2025-08-18
V006594,2025-08-04,P019,C033,28,2946,82488,1512,607,2025-08-15
V006595,2025-08-04,P018,C077,32,2656,84992,7808,866,2025-08-19
V006596,2025-08-04,P009,C013,38,1775,67450,4750,2384,2025-08-23
V006597,2025-08-04,P002,C020,31,12328,382168,27032,1552,2025-09-02
V006598,2025-08-04,P014,C041,145,972,140940,18560,5907,2025-09-02
V006599,2025-08-04,P008,C071,44,634,27896,704,2472,2025-08-22
V006600,2025-08-04,P001,C071,24,14880,357120,14880,1089,2025-08-22
V006601,2025-08-04,P007,C059,26,742,19292,1508,1399,2025-08-28
V006602,2025-08-04,P016,C021,59,1286,75874,3776,2491,2025-08-31
V006603,2025-08-04,P007,C002,22,774,17028,572,916,2025-08-28
V006604,2025-08-04,P014,C074,7,969,6783,917,356,2025-09-01
V006605,2025-08-04,P013,C022,13,2900,37700,3900,936,2025-08-28
V006606,2025-08-04,P003,C075,53,2383,126299,901,3085,2025-08-14
V006607,2025-08-04,P020,C040,32,13508,432256,31744,2012,2025-08-17
V006608,2025-08-04,P008,C040,32,602,19264,1536,1752,2025-08-17
V006609,2025-08-04,P018,C063,29,2724,78996,5104,1732,2025-08-16
V006610,2025-08-04,P002,C079,15,12319,184785,13215,841,2025-08-11
V006611,2025-08-05,P015,C020,82,937,76834,3526,5121,2025-09-03
V006612,2025-08-05,P017,C078,10,2225,22250,2250,426,2025-08-13
V006613,2025-08-05,P011,C072,23,477,10971,529,886,2025-08-17
V006614,2025-08-05,P014,C012,12,1050,12600,600,497,2025-08-21
V006615,2025-08-05,P020,C039,9,13585,122265,8235,545,2025-08-29
V006616,2025-08-05,P002,C024,19,11401,216619,34181,838,2025-08-28
V006617,2025-08-05,P004,C036,18,9459,170262,18738,709,2025-08-21
V006618,2025-08-05,P018,C079,62,2826,175212,4588,3302,2025-08-12
V006619,2025-08-05,P017,C039,25,2331,58275,2975,1079,2025-08-29
V006620,2025-08-05,P002,C074,48,11942,573216,60384,1835,2025-09-02
V006621,2025-08-05,P013,C045,122,3196,389912,488,5277,2025-08-14
V006622,2025-08-05,P006,C003,54,5849,315846,18954,1913,2025-08-18
V006623,2025-08-05,P001,C011,27,15764,425628,0,584,2025-08-30
V006624,2025-08-05,P011,C058,18,487,8766,234,748,2025-08-26
V006625,2025-08-05,P012,C048,48,1465,70320,0,2295,2025-08-27
V006626,2025-08-06,P014,C077,14,1105,15470,0,818,2025-08-21
V006627,2025-08-06,P013,C020,17,2852,48484,5916,369,2025-09-04
V006628,2025-08-06,P010,C062,53,428,22684,1166,2306,2025-08-29
V006629,2025-08-06,P015,C018,17,900,15300,1360,894,2025-08-14
V006630,2025-08-06,P012,C061,53,1338,70914,5936,2454,2025-09-05
V006631,2025-08-06,P008,C007,68,618,42024,2176,3436,2025-08-23
V006632,2025-08-06,P018,C078,80,2783,222640,9360,3938,2025-08-14
V006633,2025-08-06,P014,C032,14,1017,14238,1162,449,2025-09-02
V006634,2025-08-06,P017,C002,6,2360,14160,540,281,2025-08-30
V006635,2025-08-06,P019,C062,51,2918,148818,4182,3330,2025-08-29
V006636,2025-08-06,P014,C072,81,1121,90801,0,2848,2025-08-18
V006637,2025-08-06,P013,C045,52,3035,157820,8580,2607,2025-08-15
V006638,2025-08-07,P014,C072,17,1048,17816,884,754,2025-08-19
V006639,2025-08-07,P014,C050,22,995,21890,2310,1304,2025-08-15
V006640,2025-08-07,P017,C061,11,2344,25784,1166,683,2025-09-06
V006641,2025-08-07,P011,C032,14,471,6594,406,624,2025-09-03
V006642,2025-08-07,P009,C066,15,1817,27255,1245,763,2025-09-01
V006643,2025-08-07,P010,C048,13,416,5408,442,603,2025-08-29
V006644,2025-08-07,P011,C014,54,460,24840,2160,1925,2025-08-25
V006645,2025-08-07,P007,C069,72,744,53568,4032,4143,2025-08-16
V006646,2025-08-07,P011,C073,17,472,8024,476,750,2025-09-03
V006647,2025-08-07,P007,C032,80,759,60720,3280,4889,2025-09-03
V006648,2025-08-07,P020,C059,30,14153,424590,10410,1356,2025-08-31
V006649,2025-08-07,P013,C057,35,3138,109830,2170,1475,2025-08-15
V006650,2025-08-07,P002,C034,146,12378,1807188,120012,4988,2025-08-30
V006651,2025-08-07,P020,C020,13,13988,181844,6656,410,2025-09-05
V006652,2025-08-07,P020,C027,50,13173,658650,66350,2366,2025-08-22
V006653,2025-08-07,P017,C069,32,2281,72992,5408,1629,2025-08-16
V006654,2025-08-07,P003,C068,61,2147,130967,15433,4030,2025-09-03
V006655,2025-08-07,P011,C068,36,491,17676,324,2327,2025-09-03
V006656,2025-08-07,P014,C041,89,1051,93539,4361,2484,2025-09-05
V006657,2025-08-07,P001,C042,6,14793,88758,4242,308,2025-08-28
V006658,2025-08-08,P010,C044,31,448,13888,62,1316,2025-08-22
V006659,2025-08-08,P019,C042,8,2931,23448,552,393,2025-08-29
V006660,2025-08-08,P017,C012,12,2361,28332,1068,829,2025-08-24
V006661,2025-08-08,P004,C067,31,9817,304327,21173,1239,2025-09-06
V006662,2025-08-08,P006,C031,12,6065,72780,1620,791,2025-08-31
V006663,2025-08-08,P017,C008,8,2386,19088,512,381,2025-08-26
V006664,2025-08-08,P013,C023,45,3085,138825,5175,1543,2025-09-02
V006665,2025-08-08,P010,C077,12,442,5304,96,573,2025-08-23
V006666,2025-08-08,P015,C033,10,953,9530,270,219,2025-08-19
V006667,2025-08-08,P013,C030,39,3115,121485,3315,2436,2025-08-15
V006668,2025-08-08,P001,C024,7,13981,97867,10633,335,2025-08-31
V006669,2025-08-08,P013,C023,29,3100,89900,2900,1271,2025-09-02
V006670,2025-08-08,P006,C043,12,5936,71232,3168,479,2025-08-17
V006671,2025-08-08,P008,C045,14,605,8470,630,766,2025-08-17
V006672,2025-08-08,P002,C034,82,11886,974652,107748,4556,2025-08-31
V006673,2025-08-08,P013,C007,43,3217,138331,0,498,2025-08-25
V006674,2025-08-08,P011,C037,29,482,13978,522,1387,2025-08-17
V006675,2025-08-08,P011,C047,10,487,4870,130,478,2025-09-07
V006676,2025-08-08,P008,C079,174,638,111012,2088,9321,2025-08-15
V006677,2025-08-08,P006,C026,14,6149,86086,714,666,2025-08-17
V006678,2025-08-08,P018,C029,14,2739,38346,2254,727,2025-09-04
V006679,2025-08-09,P019,C072,40,2747,109880,10120,1259,2025-08-21
V006680,2025-08-09,P010,C068,51,462,23562,0,2623,2025-09-05
V006681,2025-08-09,P012,C063,31,1413,43803,1147,1206,2025-08-21
V006682,2025-08-09,P017,C001,4,2434,9736,64,171,2025-08-23
V006683,2025-08-09,P013,C001,26,3033,78858,4342,1495,2025-08-23
V006684,2025-08-09,P012,C004,9,1416,12744,306,320,2025-09-07
V006685,2025-08-09,P011,C067,31,485,15035,465,1373,2025-09-07
V006686,2025-08-10,P011,C069,23,478,10994,506,892,2025-08-19
V006687,2025-08-10,P007,C022,18,769,13842,558,887,2025-09-03
V006688,2025-08-10,P008,C009,44,644,28336,264,1064,2025-09-03
V006689,2025-08-10,P016,C013,33,1298,42834,1716,1125,2025-08-29
V006690,2025-08-10,P003,C012,54,2419,130626,0,3183,2025-08-26
V006691,2025-08-10,P007,C021,28,807,22596,0,975,2025-09-06
V006692,2025-08-10,P009,C001,31,1811,56141,2759,1719,2025-08-24
V006693,2025-08-10,P005,C019,12,875,10500,300,634,2025-08-25
V006694,2025-08-11,P008,C017,9,639,5751,99,545,2025-09-07
V006695,2025-08-11,P006,C034,31,5416,167896,24304,848,2025-09-03
V006696,2025-08-11,P019,C013,32,2887,92384,3616,1666,2025-08-30
V006697,2025-08-11,P011,C049,9,463,4167,333,392,2025-08-31
V006698,2025-08-11,P016,C049,82,1354,111028,0,2167,2025-08-31
V006699,2025-08-11,P015,C075,43,965,41495,645,2109,2025-08-21
V006700,2025-08-11,P018,C025,28,2841,79548,1652,1110,2025-08-22
V006701,2025-08-11,P002,C017,23,13517,310891,0,1541,2025-09-07
V006702,2025-08-12,P016,C021,19,1368,25992,0,692,2025-09-08
V006703,2025-08-12,P014,C024,27,1023,27621,2079,769,2025-09-04
V006704,2025-08-12,P019,C061,131,2935,384485,8515,8279,2025-09-11
V006705,2025-08-12,P006,C039,11,6156,67716,484,550,2025-09-05
V006706,2025-08-12,P020,C021,7,14418,100926,574,364,2025-09-08
V006707,2025-08-12,P011,C023,32,477,15264,736,1386,2025-09-06
V006708,2025-08-12,P005,C063,57,880,50160,1140,2132,2025-08-24
V006709,2025-08-12,P002,C013,13,12988,168844,2756,761,2025-08-31
V006710,2025-08-12,P005,C033,41,847,34727,2173,1311,2025-08-23
V006711,2025-08-12,P019,C029,26,2982,77532,468,852,2025-09-08
V006712,2025-08-12,P002,C036,21,13336,280056,0,862,2025-08-28
V006713,2025-08-12,P007,C059,16,776,12416,384,886,2025-09-05
V006714,2025-08-12,P008,C027,36,606,21816,1584,1171,2025-08-27
V006715,2025-08-12,P020,C011,89,13577,1208353,82147,3387,2025-09-06
V006716,2025-08-12,P002,C075,29,12283,356207,26593,1181,2025-08-22
V006717,2025-08-12,P012,C008,72,1332,95904,8496,4803,2025-08-30
V006718,2025-08-12,P005,C029,7,865,6055,245,323,2025-09-08
V006719,2025-08-13,P018,C054,16,2702,43232,3168,717,2025-09-06
V006720,2025-08-13,P015,C037,21,909,19089,1491,1281,2025-08-22
V006721,2025-08-13,P004,C035,29,10411,301919,2581,1208,2025-08-23
V006722,2025-08-13,P012,C006,31,1327,41137,3813,1157,2025-08-25
V006723,2025-08-14,P015,C001,35,975,34125,175,2040,2025-08-28
V006724,2025-08-14,P009,C014,86,1922,165292,0,4524,2025-09-01
V006725,2025-08-14,P012,C046,32,1386,44352,2048,1580,2025-08-28
V006726,2025-08-14,P014,C053,13,991,12883,1417,572,2025-08-29
V006727,2025-08-14,P019,C034,26,2798,72748,5252,1216,2025-09-06
V006728,2025-08-14,P009,C022,18,1821,32778,1422,764,2025-09-07
V006729,2025-08-14,P011,C035,102,491,50082,918,5557,2025-08-24
V006730,2025-08-14,P003,C038,48,2209,106032,9168,3159,2025-09-07
V006731,2025-08-15,P007,C016,26,826,21476,0,1300,2025-09-14
V006732,2025-08-15,P012,C031,33,1421,46893,957,1472,2025-09-07
V006733,2025-08-15,P013,C036,27,3035,81945,4455,1180,2025-08-31
V006734,2025-08-15,P015,C049,17,875,14875,1785,1012,2025-09-04
V006735,2025-08-15,P008,C005,21,650,13650,0,1002,2025-09-09
V006736,2025-08-15,P002,C009,31,12439,385609,23591,2079,2025-09-08
V006737,2025-08-15,P010,C068,38,422,16036,1064,1473,2025-09-11
V006738,2025-08-15,P005,C014,9,850,7650,450,539,2025-09-02
V006739,2025-08-15,P001,C004,13,15233,198029,3471,382,2025-09-13
V006740,2025-08-15,P002,C057,15,13437,201555,0,824,2025-08-23
V006741,2025-08-15,P010,C073,26,428,11128,572,856,2025-09-11
V006742,2025-08-15,P002,C034,20,11869,237380,26620,1522,2025-09-07
V006743,2025-08-16,P001,C045,24,15403,369672,2328,1152,2025-08-25
V006744,2025-08-16,P014,C057,53,1070,56710,1590,2595,2025-08-24
V006745,2025-08-16,P017,C030,19,2265,43035,3515,1024,2025-08-23
V006746,2025-08-17,P009,C017,59,1815,107085,5015,2417,2025-09-13
V006747,2025-08-17,P008,C070,20,618,12360,640,1003,2025-08-27
V006748,2025-08-17,P014,C023,51,1077,54927,1173,2532,2025-09-11
V006749,2025-08-18,P020,C025,9,12739,114651,15849,407,2025-08-29
V006750,2025-08-18,P012,C028,5,1335,6675,575,226,2025-09-17
V006751,2025-08-18,P003,C024,11,2180,23980,2420,525,2025-09-10
V006752,2025-08-18,P010,C042,94,431,40514,1786,4445,2025-09-08
V006753,2025-08-18,P017,C056,34,2449,83266,34,2032,2025-08-30
V006754,2025-08-18,P008,C031,21,674,14154,0,1000,2025-09-10
V006755,2025-08-18,P020,C074,17,14882,252994,0,344,2025-09-15
V006756,2025-08-18,P009,C008,29,1888,54752,348,709,2025-09-05
V006757,2025-08-18,P015,C015,76,916,69616,4864,2560,2025-09-15
V006758,2025-08-18,P015,C040,35,881,30835,3465,1082,2025-08-31
V006759,2025-08-18,P020,C020,37,14194,525178,11322,2315,2025-09-16
V006760,2025-08-18,P002,C020,20,12825,256500,7500,1059,2025-09-16
V006761,2025-08-18,P014,C077,62,1063,65906,2294,2648,2025-09-02
V006762,2025-08-18,P003,C022,31,2275,70525,3875,998,2025-09-11
V006763,2025-08-18,P009,C025,9,1737,15633,1467,432,2025-08-29
V006764,2025-08-19,P013,C059,22,2944,64768,5632,1004,2025-09-12
V006765,2025-08-19,P005,C033,66,875,57750,1650,1888,2025-08-30
V006766,2025-08-19,P003,C029,5,2393,11965,35,222,2025-09-15
V006767,2025-08-19,P006,C008,29,6005,174145,5655,973,2025-09-06
V006768,2025-08-19,P013,C021,8,3133,25064,536,351,2025-09-15
V006769,2025-08-19,P011,C015,32,489,15648,352,1115,2025-09-16
V006770,2025-08-19,P018,C054,56,2816,157696,4704,2704,2025-09-12
V006771,2025-08-19,P001,C071,10,14273,142730,12270,310,2025-09-06
V006772,2025-08-19,P006,C062,18,5954,107172,4428,766,2025-09-11
V006773,2025-08-19,P017,C054,5,2373,11865,385,303,2025-09-12
V006774,2025-08-19,P012,C006,15,1357,20355,1395,511,2025-08-31
V006775,2025-08-20,P011,C046,30,502,15060,0,1093,2025-09-03
V006776,2025-08-20,P002,C071,13,12370,160810,10790,483,2025-09-07
V006777,2025-08-20,P019,C065,41,2976,122016,984,1774,2025-09-15
V006778,2025-08-20,P014,C038,18,1029,18522,1278,730,2025-09-13
V006779,2025-08-21,P005,C034,8,858,6864,336,321,2025-09-13
V006780,2025-08-21,P002,C057,18,12713,228834,8766,555,2025-08-29
V006781,2025-08-21,P010,C079,40,420,16800,1200,1816,2025-08-28
V006782,2025-08-21,P001,C031,21,15282,320922,4578,609,2025-09-13
V006783,2025-08-21,P004,C062,21,10616,222936,0,1001,2025-09-13
V006784,2025-08-21,P002,C036,11,12486,137346,7854,427,2025-09-06
V006785,2025-08-22,P011,C058,27,450,12150,1350,1071,2025-09-12
V006786,2025-08-22,P013,C005,10,3043,30430,1570,573,2025-09-16
V006787,2025-08-22,P012,C051,22,1417,31174,726,1440,2025-09-10
V006788,2025-08-22,P003,C041,10,2397,23970,30,433,2025-09-20
V006789,2025-08-22,P007,C077,61,752,45872,2928,2694,2025-09-06
V006790,2025-08-22,P015,C070,8,943,7544,296,363,2025-09-01
V006791,2025-08-22,P001,C032,50,15179,758950,16050,2262,2025-09-18
V006792,2025-08-23,P009,C013,42,1752,73584,6216,1491,2025-09-11
V006793,2025-08-23,P019,C060,13,2704,35152,3848,525,2025-09-05
V006794,2025-08-23,P004,C052,18,9726,175068,13932,812,2025-09-05
V006795,2025-08-23,P010,C035,11,431,4741,209,289,2025-09-02
V006796,2025-08-23,P013,C010,19,3118,59242,1558,953,2025-09-08
V006797,2025-08-24,P015,C017,21,935,19635,945,1307,2025-09-20
V006798,2025-08-24,P002,C022,53,12417,658101,41499,3457,2025-09-17
V006799,2025-08-24,P012,C043,62,1375,85250,4650,1835,2025-09-02
V006800,2025-08-24,P013,C070,24,3072,73728,3072,1875,2025-09-03
V006801,2025-08-24,P019,C028,76,2803,213028,14972,3647,2025-09-23
V006802,2025-08-24,P007,C078,71,744,52824,3976,4146,2025-09-01
V006803,2025-08-24,P018,C057,14,2759,38626,1974,752,2025-09-01
V006804,2025-08-24,P008,C057,48,620,29760,1440,2036,2025-09-01
V006805,2025-08-24,P002,C066,17,12759,216903,7497,539,2025-09-18
V006806,2025-08-25,P015,C051,32,930,29760,1600,894,2025-09-13
V006807,2025-08-25,P006,C074,18,5732,103176,8424,1161,2025-09-22
V006808,2025-08-25,P010,C052,49,421,20629,1421,3151,2025-09-07
V006809,2025-08-25,P006,C015,38,5936,225568,10032,1735,2025-09-22
V006810,2025-08-25,P017,C078,21,2115,44415,7035,1314,2025-09-02
V006811,2025-08-25,P011,C065,51,468,23868,1632,1435,2025-09-20
V006812,2025-08-25,P005,C048,43,891,38313,387,2430,2025-09-16
V006813,2025-08-25,P018,C043,10,2922,29220,0,495,2025-09-03
V006814,2025-08-25,P010,C044,27,400,10800,1350,1096,2025-09-08
V006815,2025-08-25,P009,C049,26,1860,48360,1040,1335,2025-09-14
V006816,2025-08-25,P020,C068,20,13528,270560,19440,750,2025-09-21
V006817,2025-08-25,P011,C029,10,506,5060,0,299,2025-09-21
V006818,2025-08-25,P012,C026,14,1341,18774,1526,634,2025-09-03
V006819,2025-08-26,P003,C046,28,2484,69552,0,1074,2025-09-09
V006820,2025-08-26,P009,C041,7,1941,13587,0,525,2025-09-24
V006821,2025-08-26,P009,C045,17,1852,31484,816,1107,2025-09-04
V006822,2025-08-26,P018,C067,6,2787,16722,678,157,2025-09-24
V006823,2025-08-27,P012,C004,13,1408,18304,546,881,2025-09-25
V006824,2025-08-27,P002,C026,43,13322,572846,0,2232,2025-09-05
V006825,2025-08-27,P002,C057,24,12941,310584,6216,888,2025-09-04
V006826,2025-08-27,P002,C042,5,11708,58540,7460,238,2025-09-17
V006827,2025-08-27,P013,C008,31,3000,93000,6200,1472,2025-09-14
V006828,2025-08-27,P013,C009,22,2947,64834,5566,1379,2025-09-20
V006829,2025-08-27,P014,C029,13,1044,13572,728,614,2025-09-23
V006830,2025-08-27,P009,C066,16,1805,28880,1520,886,2025-09-21
V006831,2025-08-28,P017,C021,46,2349,108054,4646,1445,2025-09-24
V006832,2025-08-28,P002,C050,20,12307,246140,17860,542,2025-09-05
V006833,2025-08-28,P020,C049,27,13537,365499,26001,702,2025-09-17
V006834,2025-08-28,P011,C077,32,494,15808,192,1772,2025-09-12
V006835,2025-08-28,P018,C061,22,2780,61160,2640,1131,2025-09-27
V006836,2025-08-28,P010,C061,35,439,15365,385,1756,2025-09-27
V006837,2025-08-28,P009,C001,46,1837,84502,2898,1507,2025-09-11
V006838,2025-08-28,P012,C056,9,1344,12096,954,419,2025-09-09
V006839,2025-08-28,P015,C048,36,943,33948,1332,1556,2025-09-19
V006840,2025-08-28,P010,C075,32,452,14464,0,1400,2025-09-07
V006841,2025-08-28,P020,C058,18,13979,251622,9378,1125,2025-09-18
V006842,2025-08-28,P006,C024,99,5650,559350,54450,4765,2025-09-20
V006843,2025-08-28,P009,C034,23,1638,37674,6026,1023,2025-09-20
V006844,2025-08-28,P007,C079,51,770,39270,1530,2222,2025-09-04
V006845,2025-08-28,P018,C060,15,2639,39585,3915,463,2025-09-10
V006846,2025-08-28,P002,C035,53,12325,653225,46375,3274,2025-09-07
V006847,2025-08-28,P017,C058,44,2322,102168,5632,3382,2025-09-18
V006848,2025-08-28,P009,C029,35,1862,65170,1330,1390,2025-09-24
V006849,2025-08-29,P010,C035,39,430,16770,780,2022,2025-09-08
V006850,2025-08-29,P009,C069,36,1755,63180,5220,1861,2025-09-07
V006851,2025-08-29,P020,C072,27,13804,372708,18792,896,2025-09-10
V006852,2025-08-29,P009,C023,23,1834,42182,1518,914,2025-09-23
V006853,2025-08-29,P012,C058,25,1404,35100,1150,760,2025-09-19
V006854,2025-08-29,P011,C053,5,489,2445,55,360,2025-09-13
V006855,2025-08-29,P003,C031,62,2326,144212,4588,3375,2025-09-21
V006856,2025-08-29,P007,C010,38,746,28348,2052,1993,2025-09-14
V006857,2025-08-29,P004,C055,5,9821,49105,3395,155,2025-09-05
V006858,2025-08-29,P018,C067,47,2602,122294,14006,2599,2025-09-27
V006859,2025-08-29,P013,C023,13,2935,38155,3445,492,2025-09-23
V006860,2025-08-29,P006,C017,15,6425,96375,0,611,2025-09-25
V006861,2025-08-29,P014,C057,12,1038,12456,744,423,2025-09-06
V006862,2025-08-29,P020,C019,15,13806,207090,10410,565,2025-09-13
V006863,2025-08-30,P005,C077,27,906,24462,0,1288,2025-09-14
V006864,2025-08-30,P010,C009,13,432,5616,234,709,2025-09-23
V006865,2025-08-30,P010,C062,56,436,24416,784,2910,2025-09-22
V006866,2025-08-30,P003,C072,8,2335,18680,520,381,2025-09-11
V006867,2025-08-30,P020,C001,22,13238,291236,27764,1094,2025-09-13
V006868,2025-08-30,P020,C026,35,14694,514290,0,2042,2025-09-08
V006869,2025-08-30,P010,C041,16,422,6752,448,814,2025-09-28
V006870,2025-08-31,P011,C002,9,478,4302,198,232,2025-09-24
V006871,2025-08-31,P006,C012,18,5809,104562,7038,708,2025-09-16
V006872,2025-08-31,P019,C078,16,2799,44784,3216,552,2025-09-08
V006873,2025-08-31,P002,C030,8,12546,100368,5232,318,2025-09-07
V006874,2025-08-31,P018,C026,17,2850,48450,850,381,2025-09-09
V006875,2025-08-31,P013,C061,30,3167,95010,990,438,2025-09-30
V006876,2025-08-31,P014,C065,20,1075,21500,500,737,2025-09-26
V006877,2025-09-01,P010,C075,23,414,9522,828,493,2025-09-11
V006878,2025-09-01,P007,C017,46,751,34546,2254,1670,2025-09-28
V006879,2025-09-01,P001,C036,13,15454,200902,598,387,2025-09-17
V006880,2025-09-01,P003,C079,39,2300,89700,3900,2077,2025-09-08
V006881,2025-09-01,P011,C007,18,470,8460,540,776,2025-09-18
V006882,2025-09-01,P019,C075,40,2914,116560,3440,1980,2025-09-11
V006883,2025-09-01,P005,C003,16,834,13344,1056,595,2025-09-14
V006884,2025-09-01,P019,C077,32,2830,90560,5440,1702,2025-09-16
V006885,2025-09-01,P014,C011,20,1059,21180,820,1106,2025-09-26
V006886,2025-09-01,P001,C001,43,15291,657513,8987,1891,2025-09-15
V006887,2025-09-01,P014,C067,33,1076,35508,792,1253,2025-09-30
V006888,2025-09-01,P008,C054,17,623,10591,459,668,2025-09-25
V006889,2025-09-01,P012,C035,29,1387,40223,1827,804,2025-09-11
V006890,2025-09-02,P019,C011,41,2876,117916,5084,1611,2025-09-27
V006891,2025-09-02,P013,C080,40,2887,115480,12520,2337,2025-09-14
V006892,2025-09-02,P014,C041,76,1126,85576,0,3618,2025-10-01
V006893,2025-09-02,P012,C074,12,1394,16728,672,508,2025-09-30
V006894,2025-09-02,P019,C004,19,2913,55347,1653,914,2025-10-01
V006895,2025-09-02,P007,C054,9,774,6966,234,493,2025-09-26
V006896,2025-09-02,P007,C035,56,769,43064,1736,2557,2025-09-12
V006897,2025-09-02,P019,C053,15,2694,40410,4590,318,2025-09-17
V006898,2025-09-03,P012,C029,4,1471,5884,0,163,2025-09-30
V006899,2025-09-03,P010,C072,34,418,14212,1088,1033,2025-09-15
V006900,2025-09-03,P018,C003,42,2760,115920,5880,1805,2025-09-16
V006901,2025-09-03,P014,C036,28,1010,28280,2520,2112,2025-09-19
V006902,2025-09-04,P013,C073,32,3030,96960,5440,2164,2025-10-01
V006903,2025-09-04,P015,C038,26,899,23374,2106,991,2025-09-28
V006904,2025-09-04,P008,C066,34,610,20740,1360,828,2025-09-29
V006905,2025-09-04,P013,C064,22,3280,72160,0,428,2025-09-23
V006906,2025-09-04,P005,C010,16,901,14416,0,685,2025-09-20
V006907,2025-09-04,P002,C034,30,12002,360060,35940,1830,2025-09-27
V006908,2025-09-04,P002,C066,36,13065,470340,4860,1589,2025-09-29
V006909,2025-09-05,P011,C062,24,471,11304,696,365,2025-09-28
V006910,2025-09-05,P002,C025,22,11944,262768,27632,1068,2025-09-16
V006911,2025-09-05,P005,C007,17,827,14059,1241,676,2025-09-22
V006912,2025-09-05,P010,C067,14,414,5796,504,684,2025-10-04
V006913,2025-09-05,P018,C010,37,2913,107781,0,1749,2025-09-21
V006914,2025-09-05,P004,C036,53,10726,568478,0,2978,2025-09-21
V006915,2025-09-05,P001,C005,69,14353,990357,79143,4146,2025-09-30
V006916,2025-09-05,P004,C018,43,9915,426345,25155,1925,2025-09-13
V006917,2025-09-05,P019,C037,30,2845,85350,4650,1591,2025-09-14
V006918,2025-09-05,P019,C050,21,2927,61467,1533,1032,2025-09-13
V006919,2025-09-05,P019,C070,22,2955,65010,990,684,2025-09-15
V006920,2025-09-05,P005,C016,15,907,13605,0,880,2025-10-05
V006921,2025-09-05,P004,C015,24,10078,241872,10128,1529,2025-10-03
V006922,2025-09-05,P020,C052,6,14020,84120,2880,235,2025-09-18
V006923,2025-09-05,P013,C053,29,3093,89697,3103,1204,2025-09-20
V006924,2025-09-05,P003,C009,14,2321,32494,1106,625,2025-09-29
V006925,2025-09-05,P014,C059,27,1107,29889,0,1163,2025-09-29
V006926,2025-09-05,P013,C060,41,2924,119884,11316,1633,2025-09-18
V006927,2025-09-05,P007,C050,23,769,17687,713,1259,2025-09-13
V006928,2025-09-05,P006,C023,22,5840,128480,7920,811,2025-09-30
V006929,2025-09-05,P007,C066,94,733,68902,6298,3530,2025-09-30
V006930,2025-09-06,P020,C048,8,13595,108760,7240,387,2025-09-28
V006931,2025-09-06,P005,C043,63,904,56952,0,3437,2025-09-15
V006932,2025-09-06,P016,C024,10,1241,12410,1090,477,2025-09-29
V006933,2025-09-06,P012,C075,17,1432,24344,306,587,2025-09-16
V006934,2025-09-06,P003,C048,19,2275,43225,2375,1053,2025-09-28
V006935,2025-09-06,P012,C022,28,1373,38444,2156,1128,2025-09-30
V006936,2025-09-06,P004,C062,11,10465,115115,385,673,2025-09-29
V006937,2025-09-07,P006,C073,26,6072,157872,3328,1196,2025-10-04
V006938,2025-09-07,P003,C059,57,2322,132354,4446,1581,2025-10-01
V006939,2025-09-07,P008,C034,13,580,7540,910,741,2025-09-30
V006940,2025-09-07,P004,C032,11,10106,111166,4334,366,2025-10-04
V006941,2025-09-07,P012,C030,14,1408,19712,588,755,2025-09-14
V006942,2025-09-07,P015,C062,24,1004,24096,0,1177,2025-09-30
V006943,2025-09-07,P011,C079,14,461,6454,546,656,2025-09-14
V006944,2025-09-07,P005,C055,11,823,9053,847,534,2025-09-14
V006945,2025-09-07,P016,C079,14,1223,17122,1778,744,2025-09-14
V006946,2025-09-08,P003,C028,7,2253,15771,1029,177,2025-10-08
V006947,2025-09-08,P020,C080,20,12780,255600,34400,979,2025-09-20
V006948,2025-09-08,P007,C073,21,781,16401,399,976,2025-10-05
V006949,2025-09-08,P004,C079,53,10902,577806,0,2843,2025-09-15
V006950,2025-09-08,P012,C024,16,1334,21344,1856,994,2025-10-01
V006951,2025-09-08,P005,C027,32,857,27424,1376,1690,2025-09-23
V006952,2025-09-09,P003,C056,35,2280,79800,4200,1912,2025-09-21
V006953,2025-09-09,P014,C075,23,1150,26450,0,1629,2025-09-19
V006954,2025-09-09,P019,C043,10,2923,29230,770,414,2025-09-18
V006955,2025-09-09,P019,C008,59,2838,167442,9558,3266,2025-09-27
V006956,2025-09-09,P017,C052,9,2409,21681,369,485,2025-09-22
V006957,2025-09-09,P006,C039,16,5921,94736,4464,565,2025-10-03
V006958,2025-09-09,P013,C075,48,3118,149664,3936,1568,2025-09-19
V006959,2025-09-09,P018,C064,19,2740,52060,3040,667,2025-09-28
V006960,2025-09-09,P015,C009,53,923,48919,3021,2005,2025-10-03
V006961,2025-09-09,P002,C020,105,12762,1340010,45990,3033,2025-10-08
V006962,2025-09-09,P006,C036,17,5842,99314,6086,679,2025-09-25
V006963,2025-09-09,P013,C055,48,2967,142416,11184,2020,2025-09-16
V006964,2025-09-09,P015,C015,9,907,8163,657,478,2025-10-07
V006965,2025-09-09,P016,C057,29,1261,36569,2581,1402,2025-09-17
V006966,2025-09-09,P014,C057,20,1101,22020,0,676,2025-09-17
V006967,2025-09-09,P008,C014,59,632,37288,1062,2466,2025-09-27
V006968,2025-09-09,P014,C064,18,1084,19512,288,464,2025-09-28
V006969,2025-09-10,P012,C044,37,1384,51208,2442,1582,2025-09-24
V006970,2025-09-10,P015,C077,80,964,77120,1280,2422,2025-09-25
V006971,2025-09-10,P012,C044,8,1481,11848,0,494,2025-09-24
V006972,2025-09-10,P004,C020,10,9936,99360,5640,420,2025-10-09
V006973,2025-09-10,P006,C074,29,5849,169621,10179,1363,2025-10-08
V006974,2025-09-10,P002,C047,11,12900,141900,3300,455,2025-10-10
V006975,2025-09-10,P004,C064,21,9889,207669,12831,1120,2025-09-29
V006976,2025-09-10,P013,C040,33,3027,99891,5709,1924,2025-09-23
V006977,2025-09-10,P005,C020,13,881,11453,247,609,2025-10-09
V006978,2025-09-10,P011,C021,14,497,6958,42,680,2025-10-07
V006979,2025-09-10,P008,C057,12,638,7656,144,534,2025-09-18
V006980,2025-09-10,P006,C008,30,6114,183420,2580,1129,2025-09-28
V006981,2025-09-11,P011,C070,24,473,11352,648,1242,2025-09-21
V006982,2025-09-11,P009,C075,10,1778,17780,1220,536,2025-09-21
V006983,2025-09-11,P002,C039,11,12397,136367,8833,260,2025-10-05
V006984,2025-09-11,P011,C016,29,489,14181,319,599,2025-10-11
V006985,2025-09-11,P014,C004,17,1065,18105,595,1261,2025-10-10
V006986,2025-09-11,P007,C035,40,760,30400,1600,1804,2025-09-21
V006987,2025-09-11,P010,C028,57,442,25194,456,3324,2025-10-11
V006988,2025-09-12,P020,C077,31,13516,418996,30504,1421,2025-09-27
V006989,2025-09-12,P018,C051,8,2626,21008,2192,486,2025-10-01
V006990,2025-09-12,P016,C068,22,1203,26466,3234,981,2025-10-09
V006991,2025-09-12,P002,C016,10,12447,124470,7530,304,2025-10-12
V006992,2025-09-12,P007,C068,14,760,10640,560,632,2025-10-09
V006993,2025-09-12,P010,C068,41,432,17712,738,2161,2025-10-09
V006994,2025-09-12,P009,C071,33,1824,60192,2508,1590,2025-09-30
V006995,2025-09-12,P004,C022,20,10067,201340,8660,687,2025-10-06
V006996,2025-09-12,P010,C017,22,421,9262,638,702,2025-10-09
V006997,2025-09-12,P002,C017,29,12045,349305,33495,1736,2025-10-09
V006998,2025-09-12,P002,C040,22,13764,302808,0,1203,2025-09-25
V006999,2025-09-12,P014,C047,17,1055,17935,765,422,2025-10-12
V007000,2025-09-13,P007,C063,22,747,16434,1166,806,2025-09-25
V007001,2025-09-13,P002,C043,10,12821,128210,3790,227,2025-09-22
V007002,2025-09-13,P008,C058,11,632,6952,198,124,2025-10-04
V007003,2025-09-13,P013,C002,9,3240,29160,0,265,2025-10-07
V007004,2025-09-13,P003,C075,76,2270,172520,9880,4244,2025-09-23
V007005,2025-09-13,P008,C023,81,616,49896,2754,3680,2025-10-08
V007006,2025-09-14,P003,C063,23,2231,51313,3887,1391,2025-09-26
V007007,2025-09-14,P015,C023,52,918,47736,3224,2630,2025-10-09
V007008,2025-09-14,P005,C019,12,853,10236,564,524,2025-09-29
V007009,2025-09-15,P011,C062,55,464,25520,1980,2515,2025-10-08
V007010,2025-09-15,P016,C021,14,1333,18662,238,548,2025-10-12
V007011,2025-09-15,P017,C067,22,2303,50666,3234,896,2025-10-14
V007012,2025-09-15,P010,C007,25,438,10950,300,804,2025-10-02
V007013,2025-09-15,P007,C051,36,786,28296,504,1129,2025-10-04
V007014,2025-09-15,P013,C054,24,2938,70512,6288,1040,2025-10-09
V007015,2025-09-15,P001,C062,28,14888,416864,17136,1336,2025-10-08
V007016,2025-09-15,P006,C019,23,5713,131399,11201,753,2025-09-30
V007017,2025-09-15,P001,C036,22,14959,329098,11902,1049,2025-10-01
V007018,2025-09-15,P008,C058,37,618,22866,1184,1383,2025-10-06
V007019,2025-09-15,P016,C037,22,1311,28842,858,822,2025-09-24
V007020,2025-09-15,P006,C019,43,6082,261526,5074,1608,2025-09-30
V007021,2025-09-15,P006,C064,95,6062,575890,13110,4885,2025-10-04
V007022,2025-09-15,P008,C051,24,612,14688,912,1484,2025-10-04
V007023,2025-09-15,P006,C066,60,6314,378840,0,3667,2025-10-10
V007024,2025-09-15,P014,C010,28,1077,30156,644,669,2025-10-01
V007025,2025-09-15,P001,C077,27,14822,400194,18306,1667,2025-09-30
V007026,2025-09-15,P008,C051,36,662,23832,0,1598,2025-10-04
V007027,2025-09-16,P005,C024,22,843,18546,1254,1221,2025-10-09
V007028,2025-09-16,P005,C062,12,854,10248,552,606,2025-10-09
V007029,2025-09-16,P002,C013,9,13017,117153,1647,608,2025-10-05
V007030,2025-09-16,P019,C057,17,2852,48484,2516,569,2025-09-24
V007031,2025-09-16,P003,C055,9,2315,20835,765,316,2025-09-23
V007032,2025-09-16,P019,C042,40,2787,111480,8520,1553,2025-10-07
V007033,2025-09-16,P001,C044,40,15284,611360,8640,2306,2025-09-30
V007034,2025-09-16,P013,C040,56,3119,174664,4536,2476,2025-09-29
V007035,2025-09-16,P003,C028,31,2279,70649,3751,948,2025-10-16
V007036,2025-09-16,P013,C043,18,3133,56394,1206,656,2025-09-25
V007037,2025-09-16,P003,C049,19,2160,41040,4560,1077,2025-10-06
V007038,2025-09-16,P012,C080,40,1426,57040,960,2350,2025-09-28
V007039,2025-09-16,P013,C053,27,3069,82863,3537,1039,2025-10-01
V007040,2025-09-16,P013,C036,35,2991,104685,7315,825,2025-10-02
V007041,2025-09-17,P015,C001,32,903,28896,2464,502,2025-10-01
V007042,2025-09-17,P010,C078,11,404,4444,506,523,2025-09-25
V007043,2025-09-17,P015,C061,64,938,60032,2688,3360,2025-10-17
V007044,2025-09-17,P004,C024,29,9204,266916,37584,802,2025-10-10
V007045,2025-09-17,P019,C062,11,2779,30569,2431,261,2025-10-10
V007046,2025-09-17,P019,C004,44,2912,128128,3872,2537,2025-10-16
V007047,2025-09-17,P004,C005,36,9908,356688,21312,1858,2025-10-12
V007048,2025-09-17,P018,C042,13,2868,37284,416,606,2025-10-08
V007049,2025-09-17,P011,C012,50,470,23500,1500,2429,2025-10-03
V007050,2025-09-17,P010,C029,9,452,4068,0,481,2025-10-14
V007051,2025-09-17,P003,C049,5,2308,11540,460,178,2025-10-07
V007052,2025-09-18,P012,C034,39,1383,53937,2613,1498,2025-10-11
V007053,2025-09-18,P006,C042,15,5723,85845,7155,800,2025-10-09
V007054,2025-09-18,P005,C019,34,843,28662,1938,1964,2025-10-03
V007055,2025-09-18,P002,C023,19,12130,230470,20330,751,2025-10-13
V007056,2025-09-18,P004,C073,34,10580,359720,0,1874,2025-10-15
V007057,2025-09-18,P012,C038,27,1430,38610,540,1078,2025-10-12
V007058,2025-09-19,P011,C013,13,476,6188,312,734,2025-10-08
V007059,2025-09-19,P014,C013,21,1052,22092,1008,1124,2025-10-08
V007060,2025-09-19,P001,C062,92,15130,1391960,34040,3194,2025-10-12
V007061,2025-09-19,P003,C017,23,2414,55522,0,1045,2025-10-16
V007062,2025-09-19,P012,C031,35,1335,46725,4025,1724,2025-10-12
V007063,2025-09-19,P020,C039,77,13284,1022868,93632,4490,2025-10-13
V007064,2025-09-19,P005,C077,40,847,33880,2120,1702,2025-10-04
V007065,2025-09-19,P007,C009,101,715,72215,8585,3736,2025-10-13
V007066,2025-09-19,P015,C041,19,946,17974,646,846,2025-10-18
V007067,2025-09-19,P004,C078,63,9192,579096,82404,4118,2025-09-27
V007068,2025-09-19,P015,C043,20,980,19600,0,1143,2025-09-28
V007069,2025-09-19,P018,C035,18,2706,48708,3492,836,2025-09-29
V007070,2025-09-19,P015,C054,62,928,57536,3224,2632,2025-10-13
V007071,2025-09-19,P005,C046,29,823,23867,2233,1611,2025-10-03
V007072,2025-09-19,P007,C066,17,735,12495,1105,754,2025-10-14
V007073,2025-09-19,P007,C015,29,711,20619,2581,1251,2025-10-17
V007074,2025-09-19,P010,C026,67,426,28542,1608,2316,2025-09-28
V007075,2025-09-20,P004,C078,19,9238,175522,23978,1002,2025-09-28
V007076,2025-09-20,P017,C051,45,2396,107820,2430,2415,2025-10-09
V007077,2025-09-20,P009,C030,23,1789,41147,2553,1117,2025-09-27
V007078,2025-09-20,P016,C013,59,1372,80948,0,1250,2025-10-09
V007079,2025-09-20,P011,C077,36,484,17424,576,1942,2025-10-05
V007080,2025-09-20,P012,C007,19,1349,25631,1919,676,2025-10-07
V007081,2025-09-20,P005,C078,15,823,12345,1155,612,2025-09-28
V007082,2025-09-20,P019,C060,38,2815,106970,7030,2281,2025-10-03
V007083,2025-09-20,P004,C058,31,10115,313565,11935,1083,2025-10-11
V007084,2025-09-20,P008,C011,14,633,8862,238,697,2025-10-15
V007085,2025-09-20,P003,C046,8,2325,18600,600,357,2025-10-04
V007086,2025-09-21,P015,C050,76,932,70832,3648,3428,2025-09-29
V007087,2025-09-21,P001,C048,7,14086,98602,9898,327,2025-10-13
V007088,2025-09-21,P001,C026,3,13778,41334,5166,170,2025-09-30
V007089,2025-09-21,P008,C007,32,634,20288,512,1029,2025-10-08
V007090,2025-09-21,P003,C001,27,2227,60129,4671,757,2025-10-05
V007091,2025-09-21,P004,C080,20,9738,194760,15240,931,2025-10-03
V007092,2025-09-21,P003,C064,13,2306,29978,1222,478,2025-10-10
V007093,2025-09-21,P001,C001,7,15755,110285,0,356,2025-10-05
V007094,2025-09-22,P010,C057,10,437,4370,130,388,2025-09-30
V007095,2025-09-22,P019,C008,18,2725,49050,4950,802,2025-10-10
V007096,2025-09-22,P001,C033,105,14425,1514625,112875,6348,2025-10-03
V007097,2025-09-22,P010,C041,17,426,7242,408,1137,2025-10-21
V007098,2025-09-22,P008,C026,43,657,28251,0,1247,2025-10-01
V007099,2025-09-22,P011,C009,25,475,11875,625,750,2025-10-16
V007100,2025-09-23,P018,C018,17,2912,49504,0,1009,2025-10-01
V007101,2025-09-23,P013,C033,47,3082,144854,5546,1961,2025-10-04
V007102,2025-09-23,P012,C073,22,1494,32868,0,496,2025-10-20
V007103,2025-09-23,P007,C037,47,807,37929,0,1765,2025-10-02
V007104,2025-09-23,P002,C059,31,13037,404147,5053,1595,2025-10-17
V007105,2025-09-24,P014,C025,175,1134,198450,0,9848,2025-10-05
V007106,2025-09-24,P015,C067,67,1027,68809,0,1221,2025-10-23
V007107,2025-09-24,P016,C001,33,1339,44187,363,892,2025-10-08
V007108,2025-09-24,P015,C078,41,877,35957,4223,2175,2025-10-02
V007109,2025-09-25,P003,C078,29,2154,62466,7134,1890,2025-10-03
V007110,2025-09-25,P006,C067,17,5762,97954,7446,683,2025-10-24
V007111,2025-09-25,P010,C003,30,420,12600,900,448,2025-10-08
V007112,2025-09-25,P005,C008,13,857,11141,559,636,2025-10-13
V007113,2025-09-25,P011,C002,31,491,15221,279,1431,2025-10-19
V007114,2025-09-25,P012,C062,33,1403,46299,1551,2453,2025-10-18
V007115,2025-09-26,P001,C050,50,15098,754900,20100,3574,2025-10-04
V007116,2025-09-26,P006,C057,11,6154,67694,506,338,2025-10-04
V007117,2025-09-26,P019,C050,17,2859,48603,2397,622,2025-10-04
V007118,2025-09-26,P018,C047,28,2782,77896,3304,1181,2025-10-26
V007119,2025-09-26,P001,C015,44,14735,648340,33660,2409,2025-10-24
V007120,2025-09-26,P010,C063,15,440,6600,150,355,2025-10-08
V007121,2025-09-27,P015,C002,6,913,5478,402,289,2025-10-21
V007122,2025-09-27,P020,C007,49,14474,709226,1274,1932,2025-10-14
V007123,2025-09-27,P019,C010,7,2906,20342,658,332,2025-10-13
V007124,2025-09-27,P016,C017,23,1395,32085,0,987,2025-10-24
V007125,2025-09-27,P020,C059,13,14135,183755,4745,465,2025-10-21
V007126,2025-09-27,P012,C015,14,1408,19712,588,650,2025-10-25
V007127,2025-09-27,P020,C055,33,14224,469392,9108,1521,2025-10-04
V007128,2025-09-27,P012,C014,22,1427,31394,506,673,2025-10-15
V007129,2025-09-27,P006,C016,57,5869,334533,18867,2719,2025-10-27
V007130,2025-09-27,P007,C028,14,761,10654,546,419,2025-10-27
V007131,2025-09-28,P020,C048,20,14551,291020,0,808,2025-10-20
V007132,2025-09-28,P011,C077,42,493,20706,294,2083,2025-10-13
V007133,2025-09-28,P012,C027,39,1410,54990,1560,2239,2025-10-13
V007134,2025-09-28,P018,C023,17,2754,46818,2482,1000,2025-10-23
V007135,2025-09-28,P018,C055,20,2853,57060,940,774,2025-10-05
V007136,2025-09-28,P016,C063,34,1212,41208,4692,1228,2025-10-10
V007137,2025-09-28,P002,C051,20,11794,235880,28120,635,2025-10-17
V007138,2025-09-28,P011,C009,8,503,4024,0,364,2025-10-22
V007139,2025-09-28,P011,C053,23,492,11316,184,827,2025-10-13
V007140,2025-09-28,P013,C079,23,3150,72450,1150,752,2025-10-05
V007141,2025-09-28,P010,C051,21,446,9366,84,871,2025-10-17
V007142,2025-09-28,P017,C024,23,2211,50853,5497,1310,2025-10-21
V007143,2025-09-29,P011,C001,69,493,34017,483,4114,2025-10-13
V007144,2025-09-29,P006,C024,19,5691,108129,9671,439,2025-10-22
V007145,2025-09-29,P018,C002,33,2900,95700,0,489,2025-10-23
V007146,2025-09-29,P005,C064,19,852,16188,912,388,2025-10-18
V007147,2025-09-29,P010,C066,21,425,8925,525,965,2025-10-24
V007148,2025-09-29,P004,C017,8,9837,78696,5304,334,2025-10-26
V007149,2025-09-29,P018,C041,10,2842,28420,580,370,2025-10-28
V007150,2025-09-29,P010,C074,49,420,20580,1470,1173,2025-10-27
V007151,2025-09-29,P003,C056,26,2225,57850,4550,1601,2025-10-11
V007152,2025-09-29,P020,C044,9,13195,118755,11745,432,2025-10-13
V007153,2025-09-29,P003,C017,7,2236,15652,1148,317,2025-10-26
V007154,2025-09-29,P019,C059,17,3067,52139,0,972,2025-10-23
V007155,2025-09-29,P014,C031,28,1117,31276,0,1646,2025-10-22
V007156,2025-09-29,P011,C001,10,475,4750,250,408,2025-10-13
V007157,2025-09-29,P015,C035,17,945,16065,595,628,2025-10-09
V007158,2025-09-29,P010,C046,27,452,12204,0,1488,2025-10-13
V007159,2025-09-29,P006,C003,9,6126,55134,666,375,2025-10-12
V007160,2025-09-29,P019,C005,53,2921,154813,4187,2890,2025-10-24
V007161,2025-09-30,P010,C016,4,416,1664,136,141,2025-10-30
V007162,2025-09-30,P015,C048,111,1034,114774,0,4553,2025-10-22
V007163,2025-09-30,P015,C075,7,917,6419,441,346,2025-10-10
V007164,2025-09-30,P007,C047,36,722,25992,2808,1422,2025-10-30
V007165,2025-09-30,P018,C027,16,2953,47248,0,674,2025-10-15
V007166,2025-09-30,P019,C047,24,2845,68280,3720,1104,2025-10-30
V007167,2025-09-30,P014,C075,27,1089,29403,297,1546,2025-10-10
V007168,2025-09-30,P004,C048,16,10449,167184,816,556,2025-10-22
V007169,2025-09-30,P014,C003,71,1037,73627,4473,3202,2025-10-13
V007170,2025-09-30,P001,C022,34,15131,514454,12546,1633,2025-10-24
V007171,2025-09-30,P020,C034,16,13330,213280,18720,470,2025-10-23
V007172,2025-09-30,P011,C061,15,479,7185,315,793,2025-10-30
V007173,2025-09-30,P012,C055,12,1339,16068,1332,469,2025-10-07
V007174,2025-09-30,P009,C076,31,1754,54374,4526,1289,2025-10-13
V007175,2025-09-30,P017,C064,24,2267,54408,4392,598,2025-10-19
V007176,2025-10-01,P004,C030,13,9840,127920,8580,791,2025-10-08
V007177,2025-10-01,P006,C027,15,5995,89925,3075,739,2025-10-16
V007178,2025-10-01,P015,C002,111,942,104562,4218,4253,2025-10-25
V007179,2025-10-01,P017,C063,39,2355,91845,3705,2314,2025-10-13
V007180,2025-10-01,P020,C006,94,14342,1348148,14852,6789,2025-10-13
V007181,2025-10-01,P006,C007,16,6012,96192,3008,589,2025-10-18
V007182,2025-10-02,P004,C078,22,9603,211266,19734,872,2025-10-10
V007183,2025-10-02,P009,C076,19,1830,34770,1330,446,2025-10-15
V007184,2025-10-02,P005,C044,32,876,28032,768,1704,2025-10-16
V007185,2025-10-02,P004,C064,62,10317,639654,11346,2615,2025-10-21
V007186,2025-10-02,P004,C031,23,10104,232392,9108,1106,2025-10-25
V007187,2025-10-02,P002,C044,39,13005,507195,7605,2399,2025-10-16
V007188,2025-10-02,P003,C064,15,2281,34215,1785,748,2025-10-21
V007189,2025-10-02,P014,C065,15,1122,16830,0,857,2025-10-28
V007190,2025-10-02,P005,C079,31,895,27745,155,1393,2025-10-09
V007191,2025-10-02,P003,C012,18,2248,40464,2736,643,2025-10-18
V007192,2025-10-02,P002,C066,71,12028,853988,83212,3752,2025-10-27
V007193,2025-10-02,P011,C028,11,500,5500,0,655,2025-11-01
V007194,2025-10-02,P008,C043,12,643,7716,84,476,2025-10-11
V007195,2025-10-02,P019,C042,37,2761,102157,8843,1577,2025-10-23
V007196,2025-10-03,P019,C033,14,2865,40110,1890,497,2025-10-14
V007197,2025-10-03,P020,C057,13,14313,186069,2431,394,2025-10-11
V007198,2025-10-03,P002,C037,22,12592,277024,13376,1118,2025-10-12
V007199,2025-10-03,P004,C058,44,9654,424776,37224,1685,2025-10-24
V007200,2025-10-03,P009,C050,5,1807,9035,465,274,2025-10-11
V007201,2025-10-03,P012,C063,18,1381,24858,1242,992,2025-10-15
V007202,2025-10-03,P011,C018,37,455,16835,1665,1620,2025-10-11
V007203,2025-10-03,P013,C039,8,3183,25464,136,273,2025-10-27
V007204,2025-10-03,P001,C033,17,15271,259607,3893,691,2025-10-14
V007205,2025-10-03,P003,C031,66,2234,147444,10956,2343,2025-10-26
V007206,2025-10-03,P009,C068,15,1689,25335,3165,711,2025-10-30
V007207,2025-10-03,P005,C057,17,863,14671,629,887,2025-10-11
V007208,2025-10-03,P011,C001,120,474,56880,3120,4363,2025-10-17
V007209,2025-10-03,P004,C024,18,9662,173916,15084,1239,2025-10-26
V007210,2025-10-03,P015,C019,11,975,10725,55,559,2025-10-18
V007211,2025-10-03,P007,C062,39,774,30186,1014,2794,2025-10-26
V007212,2025-10-03,P020,C072,35,13384,468440,39060,1605,2025-10-15
V007213,2025-10-03,P008,C048,35,636,22260,490,2132,2025-10-25
V007214,2025-10-03,P012,C046,37,1399,51763,1887,1393,2025-10-17
V007215,2025-10-03,P014,C029,42,1061,44562,1638,1410,2025-10-30
V007216,2025-10-03,P004,C008,26,9529,247754,25246,1147,2025-10-21
V007217,2025-10-03,P019,C067,33,2921,96393,2607,973,2025-11-01
V007218,2025-10-04,P006,C072,32,6150,196800,1600,1853,2025-10-16
V007219,2025-10-04,P014,C033,8,1010,8080,720,286,2025-10-15
V007220,2025-10-04,P011,C044,14,488,6832,168,830,2025-10-18
V007221,2025-10-04,P015,C013,40,922,36880,2320,1530,2025-10-23
V007222,2025-10-04,P019,C028,15,2910,43650,1350,342,2025-11-03
V007223,2025-10-04,P002,C004,27,12627,340929,15471,666,2025-11-02
V007224,2025-10-05,P004,C049,15,10062,150930,6570,662,2025-10-25
V007225,2025-10-05,P017,C064,33,2349,77517,3333,1953,2025-10-24
V007226,2025-10-05,P019,C004,11,2970,32670,330,203,2025-11-03
V007227,2025-10-05,P014,C077,18,1126,20268,0,782,2025-10-20
V007228,2025-10-05,P006,C061,12,5978,71736,2664,576,2025-11-04
V007229,2025-10-06,P019,C075,27,3016,81432,0,1767,2025-10-16
V007230,2025-10-06,P007,C011,21,750,15750,1050,1153,2025-10-31
V007231,2025-10-06,P012,C008,10,1389,13890,610,474,2025-10-24
V007232,2025-10-06,P005,C060,22,856,18832,968,872,2025-10-19
V007233,2025-10-06,P004,C050,20,10320,206400,3600,935,2025-10-14
V007234,2025-10-06,P014,C069,7,1060,7420,280,461,2025-10-15
V007235,2025-10-06,P016,C031,34,1234,41956,3944,1706,2025-10-29
V007236,2025-10-06,P003,C070,24,2308,55392,2208,1169,2025-10-16
V007237,2025-10-06,P006,C014,24,6093,146232,2568,1609,2025-10-24
V007238,2025-10-06,P005,C043,35,834,29190,2310,1286,2025-10-15
V007239,2025-10-06,P002,C027,10,12683,126830,5170,477,2025-10-21
V007240,2025-10-06,P002,C050,62,11707,725834,92566,2184,2025-10-14
V007241,2025-10-06,P012,C021,38,1413,53694,1406,2023,2025-11-02
V007242,2025-10-06,P013,C044,34,3079,104686,4114,1691,2025-10-20
V007243,2025-10-06,P020,C012,16,13146,210336,21664,512,2025-10-22
V007244,2025-10-06,P007,C050,17,767,13039,561,365,2025-10-14
V007245,2025-10-07,P006,C027,14,6183,86562,238,424,2025-10-22
V007246,2025-10-07,P005,C022,16,837,13392,1008,863,2025-10-31
V007247,2025-10-07,P015,C076,54,950,51300,1620,2741,2025-10-20
V007248,2025-10-07,P006,C006,11,5910,65010,3190,885,2025-10-19
V007249,2025-10-07,P012,C037,30,1367,41010,2490,1533,2025-10-16
V007250,2025-10-07,P003,C080,29,2189,63481,6119,888,2025-10-19
V007251,2025-10-07,P016,C029,10,1328,13280,220,532,2025-11-03
V007252,2025-10-07,P011,C031,64,454,29056,2944,4157,2025-10-30
V007253,2025-10-07,P004,C041,17,10406,176902,1598,771,2025-11-05
V007254,2025-10-07,P009,C028,48,1846,88608,2592,2129,2025-11-06
V007255,2025-10-07,P017,C054,37,2217,82029,8621,1539,2025-10-31
V007256,2025-10-07,P012,C065,21,1357,28497,1953,740,2025-11-02
V007257,2025-10-07,P020,C058,34,13829,470186,22814,1223,2025-10-28
V007258,2025-10-08,P010,C021,36,456,16416,0,1883,2025-11-04
V007259,2025-10-08,P010,C028,20,417,8340,660,934,2025-11-07
V007260,2025-10-08,P009,C075,24,1773,42552,3048,471,2025-10-18
V007261,2025-10-08,P017,C056,56,2382,133392,3808,3053,2025-10-20
V007262,2025-10-08,P002,C066,9,12237,110133,8667,375,2025-11-02
V007263,2025-10-08,P015,C067,28,1005,28140,0,1782,2025-11-06
V007264,2025-10-08,P020,C029,95,14086,1338170,39330,3165,2025-11-04
V007265,2025-10-08,P003,C073,27,2275,61425,3375,1409,2025-11-04
V007266,2025-10-08,P004,C003,46,10265,472190,10810,997,2025-10-21
V007267,2025-10-08,P013,C025,8,2957,23656,1944,320,2025-10-19
V007268,2025-10-08,P015,C008,10,991,9910,0,499,2025-10-26
V007269,2025-10-08,P013,C010,10,3157,31570,430,491,2025-10-24
V007270,2025-10-08,P014,C036,34,1077,36618,782,1467,2025-10-24
V007271,2025-10-08,P019,C037,21,2975,62475,525,872,2025-10-17
V007272,2025-10-08,P008,C020,65,616,40040,2210,1301,2025-11-06
V007273,2025-10-09,P002,C010,60,13129,787740,4260,1400,2025-10-25
V007274,2025-10-09,P008,C063,8,602,4816,384,342,2025-10-21
V007275,2025-10-09,P015,C076,9,948,8532,288,330,2025-10-22
V007276,2025-10-09,P007,C014,42,744,31248,2352,1518,2025-10-27
V007277,2025-10-09,P014,C007,17,1033,17561,1139,585,2025-10-26
V007278,2025-10-09,P010,C007,8,446,3568,32,460,2025-10-26
V007279,2025-10-09,P013,C049,31,3120,96720,2480,1404,2025-10-29
V007280,2025-10-09,P017,C044,8,2370,18960,640,321,2025-10-23
V007281,2025-10-09,P005,C018,39,881,34359,741,3028,2025-10-17
V007282,2025-10-09,P020,C006,6,14995,89970,0,306,2025-10-21
V007283,2025-10-09,P003,C070,33,2298,75834,3366,1294,2025-10-19
V007284,2025-10-09,P013,C060,20,3033,60660,3340,913,2025-10-22
V007285,2025-10-10,P010,C079,18,441,7938,162,457,2025-10-17
V007286,2025-10-10,P014,C030,55,1055,58025,2475,1849,2025-10-17
V007287,2025-10-10,P019,C049,17,3012,51204,0,714,2025-10-30
V007288,2025-10-10,P011,C065,27,472,12744,756,1267,2025-11-05
V007289,2025-10-10,P016,C003,38,1255,47690,3610,2502,2025-10-23
V007290,2025-10-10,P020,C050,19,14136,268584,6916,1008,2025-10-18
V007291,2025-10-10,P006,C011,74,6075,449550,9250,1425,2025-11-04
V007292,2025-10-11,P017,C007,16,2264,36224,2976,1022,2025-10-28
V007293,2025-10-11,P011,C001,13,482,6266,234,423,2025-10-25
V007294,2025-10-11,P008,C048,15,605,9075,675,711,2025-11-02
V007295,2025-10-11,P017,C057,23,2331,53613,2737,868,2025-10-19
V007296,2025-10-11,P001,C020,4,15141,60564,1436,206,2025-11-09
V007297,2025-10-11,P017,C054,16,2372,37952,1248,512,2025-11-04
V007298,2025-10-12,P017,C022,5,2261,11305,945,201,2025-11-05
V007299,2025-10-12,P007,C079,74,773,57202,1998,4694,2025-10-19
V007300,2025-10-12,P013,C054,19,3107,59033,1767,734,2025-11-05
V007301,2025-10-12,P013,C005,110,3160,347600,4400,4567,2025-11-06
V007302,2025-10-12,P020,C077,14,13418,187852,15148,1189,2025-10-27
V007303,2025-10-12,P011,C033,65,476,30940,1560,1226,2025-10-23
V007304,2025-10-13,P015,C060,31,914,28334,2046,656,2025-10-26
V007305,2025-10-13,P015,C015,18,888,15984,1656,887,2025-11-10
V007306,2025-10-13,P007,C023,27,770,20790,810,1034,2025-11-07
V007307,2025-10-13,P006,C060,39,5802,226278,15522,2466,2025-10-26
V007308,2025-10-13,P018,C038,87,2759,240033,12267,4985,2025-11-06
V007309,2025-10-13,P010,C044,35,441,15435,315,2205,2025-10-27
V007310,2025-10-13,P001,C020,68,14935,1015580,38420,3902,2025-11-11
V007311,2025-10-13,P019,C038,3,2759,8277,723,120,2025-11-06
V007312,2025-10-13,P007,C018,51,809,41259,0,2030,2025-10-21
V007313,2025-10-13,P007,C045,18,776,13968,432,908,2025-10-22
V007314,2025-10-13,P017,C077,109,2319,252771,14279,3928,2025-10-28
V007315,2025-10-13,P005,C001,63,884,55692,1008,2837,2025-10-27
V007316,2025-10-13,P015,C051,6,981,5886,0,207,2025-11-01
V007317,2025-10-13,P016,C002,12,1384,16608,0,714,2025-11-06
V007318,2025-10-13,P012,C068,11,1402,15422,528,536,2025-11-09
V007319,2025-10-14,P020,C035,17,13834,235178,11322,560,2025-10-24
V007320,2025-10-14,P002,C074,38,13061,496318,5282,1413,2025-11-11
V007321,2025-10-14,P012,C003,18,1388,24984,1116,449,2025-10-27
V007322,2025-10-14,P005,C016,45,933,41985,0,2330,2025-11-13
V007323,2025-10-14,P018,C012,41,2837,116317,2583,1871,2025-10-30
V007324,2025-10-14,P016,C029,18,1284,23112,1188,1038,2025-11-10
V007325,2025-10-14,P014,C025,33,1020,33660,2640,1421,2025-10-25
V007326,2025-10-14,P007,C022,21,761,15981,819,861,2025-11-07
V007327,2025-10-14,P008,C011,39,628,24492,858,2380,2025-11-08
V007328,2025-10-14,P016,C011,16,1325,21200,400,702,2025-11-08
V007329,2025-10-14,P010,C018,26,397,10322,1378,1880,2025-10-22
V007330,2025-10-15,P013,C015,17,3051,51867,2533,381,2025-11-12
V007331,2025-10-15,P017,C009,20,2332,46640,2360,537,2025-11-08
V007332,2025-10-15,P020,C041,18,13558,244044,16956,836,2025-11-13
V007333,2025-10-15,P019,C038,23,2951,67873,1127,391,2025-11-08
V007334,2025-10-15,P016,C021,30,1218,36540,3960,855,2025-11-11
V007335,2025-10-15,P018,C076,25,2810,70250,2250,864,2025-10-28
V007336,2025-10-15,P010,C004,7,426,2982,168,288,2025-11-13
V007337,2025-10-15,P016,C058,27,1255,33885,2565,1517,2025-11-05
V007338,2025-10-15,P002,C045,19,11918,226442,24358,1218,2025-10-24
V007339,2025-10-15,P014,C077,15,1061,15915,585,1089,2025-10-30
V007340,2025-10-15,P001,C005,49,15213,745437,14063,2595,2025-11-09
V007341,2025-10-15,P012,C026,50,1420,71000,1500,3033,2025-10-24
V007342,2025-10-16,P007,C059,49,768,37632,1568,1927,2025-11-09
V007343,2025-10-16,P012,C021,15,1439,21585,165,400,2025-11-12
V007344,2025-10-16,P004,C029,10,10267,102670,2330,511,2025-11-12
V007345,2025-10-16,P007,C047,26,807,20982,0,799,2025-11-15
V007346,2025-10-16,P006,C016,17,5794,98498,6902,681,2025-11-15
V007347,2025-10-16,P018,C064,53,2749,145697,8003,2448,2025-11-04
V007348,2025-10-16,P011,C078,42,461,19362,1638,1976,2025-10-24
V007349,2025-10-16,P012,C036,28,1436,40208,392,1249,2025-11-01
V007350,2025-10-16,P006,C062,13,5892,76596,4004,814,2025-11-08
V007351,2025-10-16,P007,C016,16,804,12864,0,720,2025-11-15
V007352,2025-10-16,P005,C071,19,858,16302,798,600,2025-11-03
V007353,2025-10-16,P010,C020,33,426,14058,792,1786,2025-11-14
V007354,2025-10-16,P013,C057,48,3071,147408,6192,1622,2025-10-24
V007355,2025-10-16,P013,C049,27,3123,84321,2079,1146,2025-11-05
V007356,2025-10-16,P018,C041,24,2778,66672,2928,1195,2025-11-14
V007357,2025-10-16,P010,C074,17,437,7429,221,716,2025-11-13
V007358,2025-10-17,P018,C041,19,2642,50198,4902,1141,2025-11-15
V007359,2025-10-17,P004,C067,16,9957,159312,8688,792,2025-11-15
V007360,2025-10-17,P011,C022,7,466,3262,238,350,2025-11-10
V007361,2025-10-17,P003,C026,29,2167,62843,6757,1538,2025-10-26
V007362,2025-10-17,P020,C066,34,13418,456212,36788,612,2025-11-11
V007363,2025-10-17,P010,C026,8,428,3424,176,444,2025-10-26
V007364,2025-10-17,P015,C063,22,924,20328,1232,813,2025-10-29
V007365,2025-10-17,P014,C045,53,1079,57187,1113,2658,2025-10-26
V007366,2025-10-17,P006,C047,5,6202,31010,0,165,2025-11-16
V007367,2025-10-17,P007,C006,11,737,8107,693,531,2025-10-29
V007368,2025-10-17,P013,C052,50,3260,163000,0,2653,2025-10-30
V007369,2025-10-17,P011,C003,21,462,9702,798,1181,2025-10-30
V007370,2025-10-17,P012,C003,24,1404,33696,1104,1175,2025-10-30
V007371,2025-10-17,P002,C054,24,12184,292416,24384,1540,2025-11-10
V007372,2025-10-17,P007,C018,23,756,17388,1012,863,2025-10-25
V007373,2025-10-17,P006,C035,12,5704,68448,5952,518,2025-10-27
V007374,2025-10-18,P011,C075,40,515,20600,0,1844,2025-10-28
V007375,2025-10-18,P018,C020,7,2663,18641,1659,294,2025-11-16
V007376,2025-10-18,P019,C028,41,2807,115087,7913,1411,2025-11-17
V007377,2025-10-18,P019,C013,24,2916,69984,2016,1623,2025-11-06
V007378,2025-10-18,P004,C079,32,10332,330624,5376,1727,2025-10-25
V007379,2025-10-19,P004,C068,61,9841,600301,40199,3328,2025-11-15
V007380,2025-10-19,P001,C014,34,14371,488614,38386,1714,2025-11-06
V007381,2025-10-20,P005,C017,20,870,17400,600,688,2025-11-16
V007382,2025-10-20,P017,C079,12,2554,30648,0,306,2025-10-27
V007383,2025-10-20,P013,C056,11,2948,32428,2772,507,2025-11-01
V007384,2025-10-20,P003,C027,7,2362,16534,266,145,2025-11-04
V007385,2025-10-20,P019,C032,12,2839,34068,1932,291,2025-11-16
V007386,2025-10-20,P016,C055,111,1261,139971,9879,6523,2025-10-27
V007387,2025-10-20,P016,C055,28,1356,37968,0,733,2025-10-27
V007388,2025-10-20,P011,C056,38,481,18278,722,1492,2025-11-01
V007389,2025-10-20,P007,C077,14,788,11032,168,715,2025-11-04
V007390,2025-10-20,P018,C025,19,2978,56582,0,361,2025-10-31
V007391,2025-10-20,P007,C037,16,754,12064,736,959,2025-10-29
V007392,2025-10-20,P017,C057,17,2349,39933,1717,550,2025-10-28
V007393,2025-10-20,P011,C039,39,504,19656,0,2355,2025-11-13
V007394,2025-10-20,P016,C028,31,1330,41230,620,1957,2025-11-19
V007395,2025-10-21,P011,C066,26,449,11674,1326,1275,2025-11-15
V007396,2025-10-21,P012,C008,16,1430,22880,320,787,2025-11-08
V007397,2025-10-21,P013,C048,17,2896,49232,5168,452,2025-11-12
V007398,2025-10-21,P008,C070,23,599,13777,1173,1077,2025-10-31
V007399,2025-10-21,P008,C040,11,627,6897,253,732,2025-11-03
V007400,2025-10-21,P008,C034,16,598,9568,832,628,2025-11-13
V007401,2025-10-21,P020,C058,20,13669,273380,16620,966,2025-11-11
V007402,2025-10-21,P002,C054,62,13300,824600,0,1626,2025-11-14
V007403,2025-10-21,P008,C028,61,614,37454,2196,2016,2025-11-20
V007404,2025-10-21,P010,C013,12,451,5412,0,712,2025-11-09
V007405,2025-10-21,P004,C067,7,10282,71974,1526,281,2025-11-19
V007406,2025-10-21,P009,C005,28,1818,50904,2296,859,2025-11-15
V007407,2025-10-21,P016,C015,58,1257,72906,5394,1162,2025-11-18
V007408,2025-10-21,P002,C028,20,12287,245740,18260,989,2025-11-20
V007409,2025-10-22,P009,C061,24,1805,43320,2280,676,2025-11-21
V007410,2025-10-22,P015,C068,16,930,14880,800,506,2025-11-18
V007411,2025-10-22,P012,C060,36,1473,53028,0,2132,2025-11-04
V007412,2025-10-22,P003,C059,76,2296,174496,7904,3747,2025-11-15
V007413,2025-10-22,P020,C007,76,14175,1077300,24700,3109,2025-11-08
V007414,2025-10-22,P008,C074,34,593,20162,1938,1387,2025-11-19
V007415,2025-10-22,P007,C018,57,794,45258,342,2404,2025-10-30
V007416,2025-10-22,P014,C070,26,1082,28132,468,1195,2025-11-01
V007417,2025-10-22,P013,C043,12,3161,37932,468,579,2025-10-31
V007418,2025-10-22,P005,C034,12,844,10128,672,744,2025-11-14
V007419,2025-10-22,P014,C048,14,1072,15008,392,514,2025-11-13
V007420,2025-10-22,P012,C061,21,1473,30933,0,917,2025-11-21
V007421,2025-10-22,P014,C010,30,1048,31440,1560,948,2025-11-07
V007422,2025-10-22,P010,C041,25,448,11200,50,1517,2025-11-20
V007423,2025-10-22,P015,C053,23,1015,23345,0,832,2025-11-06
V007424,2025-10-22,P007,C043,17,768,13056,544,122,2025-10-31
V007425,2025-10-22,P008,C016,19,611,11609,741,620,2025-11-21
V007426,2025-10-22,P007,C039,35,736,25760,2240,1317,2025-11-15
V007427,2025-10-22,P012,C032,25,1473,36825,0,1279,2025-11-18
V007428,2025-10-22,P006,C036,6,6160,36960,240,285,2025-11-07
V007429,2025-10-23,P006,C032,78,5980,466440,17160,4130,2025-11-19
V007430,2025-10-23,P005,C040,16,833,13328,1072,623,2025-11-05
V007431,2025-10-23,P013,C021,43,3168,136224,1376,1332,2025-11-19
V007432,2025-10-23,P010,C019,61,448,27328,122,3599,2025-11-07
V007433,2025-10-23,P003,C062,39,2250,87750,5850,1614,2025-11-15
V007434,2025-10-23,P008,C019,18,658,11844,0,435,2025-11-07
V007435,2025-10-23,P019,C050,60,2753,165180,14820,3200,2025-10-31
V007436,2025-10-23,P011,C012,29,467,13543,957,1338,2025-11-08
V007437,2025-10-23,P016,C007,52,1260,65520,4680,1090,2025-11-09
V007438,2025-10-23,P014,C065,15,1079,16185,315,617,2025-11-18
V007439,2025-10-23,P017,C048,35,2492,87220,0,2072,2025-11-14
V007440,2025-10-23,P015,C016,10,921,9210,590,416,2025-11-22
V007441,2025-10-24,P016,C049,38,1258,47804,3496,1052,2025-11-13
V007442,2025-10-24,P016,C002,14,1308,18312,588,359,2025-11-17
V007443,2025-10-24,P010,C044,11,453,4983,0,232,2025-11-07
V007444,2025-10-24,P001,C002,11,14007,154077,16423,494,2025-11-17
V007445,2025-10-24,P014,C037,4,1072,4288,112,144,2025-11-02
V007446,2025-10-24,P020,C012,80,13317,1065360,94640,4307,2025-11-09
V007447,2025-10-25,P020,C066,23,13734,315882,17618,621,2025-11-19
V007448,2025-10-25,P001,C027,31,14137,438247,42253,1905,2025-11-09
V007449,2025-10-25,P013,C065,21,3099,65079,2121,1177,2025-11-20
V007450,2025-10-25,P016,C069,8,1263,10104,696,493,2025-11-03
V007451,2025-10-25,P013,C042,11,3054,33594,1606,821,2025-11-15
V007452,2025-10-25,P010,C027,7,433,3031,119,362,2025-11-09
V007453,2025-10-26,P015,C048,12,942,11304,456,319,2025-11-17
V007454,2025-10-26,P012,C001,38,1341,50958,4142,2806,2025-11-09
V007455,2025-10-26,P015,C030,21,920,19320,1260,700,2025-11-02
V007456,2025-10-26,P014,C001,11,1089,11979,121,171,2025-11-09
V007457,2025-10-26,P002,C062,13,12771,166023,5577,340,2025-11-18
V007458,2025-10-26,P014,C035,10,1013,10130,870,365,2025-11-05
V007459,2025-10-26,P013,C079,22,3203,70466,0,661,2025-11-02
V007460,2025-10-27,P020,C026,16,14097,225552,6448,917,2025-11-05
V007461,2025-10-27,P014,C071,24,1069,25656,744,745,2025-11-14
V007462,2025-10-27,P017,C020,19,2253,42807,3743,949,2025-11-25
V007463,2025-10-27,P014,C069,12,1056,12672,528,580,2025-11-05
V007464,2025-10-27,P020,C079,12,13130,157560,16440,554,2025-11-03
V007465,2025-10-27,P012,C018,8,1507,12056,0,396,2025-11-04
V007466,2025-10-27,P009,C077,17,1957,33269,0,564,2025-11-11
V007467,2025-10-27,P006,C077,30,5857,175710,10290,1478,2025-11-11
V007468,2025-10-27,P005,C053,32,801,25632,3168,1263,2025-11-11
V007469,2025-10-27,P015,C052,18,887,15966,1674,938,2025-11-09
V007470,2025-10-27,P014,C057,30,1044,31320,1680,1265,2025-11-04
V007471,2025-10-28,P020,C006,16,13872,221952,10048,923,2025-11-09
V007472,2025-10-28,P019,C073,12,2982,35784,216,580,2025-11-24
V007473,2025-10-28,P009,C018,20,1827,36540,1460,1037,2025-11-05
V007474,2025-10-28,P018,C061,23,2878,66194,506,1251,2025-11-27
V007475,2025-10-28,P020,C015,48,13925,668400,27600,1923,2025-11-25
V007476,2025-10-28,P005,C075,16,940,15040,0,545,2025-11-07
V007477,2025-10-29,P009,C060,20,1755,35100,2900,815,2025-11-11
V007478,2025-10-29,P005,C051,34,897,30498,102,1628,2025-11-17
V007479,2025-10-29,P018,C039,51,2762,140862,7038,1738,2025-11-22
V007480,2025-10-29,P001,C004,37,15351,567987,5513,1421,2025-11-27
V007481,2025-10-29,P019,C021,87,2873,249951,11049,4090,2025-11-25
V007482,2025-10-29,P011,C009,69,470,32430,2070,4396,2025-11-22
V007483,2025-10-29,P008,C045,38,618,23484,1216,2568,2025-11-07
V007484,2025-10-29,P011,C031,29,476,13804,696,912,2025-11-21
V007485,2025-10-29,P019,C078,31,2767,85777,7223,1561,2025-11-06
V007486,2025-10-30,P010,C049,31,467,14477,0,1341,2025-11-19
V007487,2025-10-30,P008,C005,22,670,14740,0,419,2025-11-24
V007488,2025-10-30,P016,C056,31,1284,39804,2046,1371,2025-11-11
V007489,2025-10-30,P011,C014,16,457,7312,688,627,2025-11-17
V007490,2025-10-30,P001,C015,63,15091,950733,25767,2520,2025-11-27
V007491,2025-10-30,P002,C064,52,13030,677560,8840,2621,2025-11-18
V007492,2025-10-30,P017,C045,43,2248,96664,8686,1547,2025-11-08
V007493,2025-10-30,P005,C034,15,804,12060,1440,720,2025-11-22
V007494,2025-10-30,P006,C017,26,5936,154336,6864,1298,2025-11-26
V007495,2025-10-30,P020,C074,30,14337,430110,4890,1154,2025-11-27
V007496,2025-10-30,P020,C026,25,13360,334000,28500,924,2025-11-08
V007497,2025-10-30,P002,C062,33,12561,414513,21087,1591,2025-11-22
V007498,2025-10-30,P014,C027,21,1071,22491,609,499,2025-11-14
V007499,2025-10-30,P017,C063,10,2312,23120,1380,449,2025-11-11
V007500,2025-10-30,P015,C025,29,950,27550,870,1136,2025-11-10
V007501,2025-10-30,P009,C041,11,1901,20911,0,494,2025-11-28
V007502,2025-10-30,P020,C075,48,12676,608448,87552,2111,2025-11-09
V007503,2025-10-31,P001,C024,25,14496,362400,25100,1404,2025-11-23
V007504,2025-10-31,P002,C042,20,13345,266900,0,744,2025-11-21
V007505,2025-10-31,P019,C013,12,2867,34404,1596,772,2025-11-19
V007506,2025-10-31,P012,C068,26,1345,34970,2730,912,2025-11-27
V007507,2025-10-31,P018,C035,59,2880,169920,1180,2381,2025-11-10
V007508,2025-10-31,P010,C059,83,454,37682,0,3195,2025-11-24
V007509,2025-10-31,P012,C033,24,1349,32376,2424,1126,2025-11-11
V007510,2025-10-31,P013,C020,15,3084,46260,1740,691,2025-11-29
V007511,2025-10-31,P004,C018,47,10181,478507,14993,2023,2025-11-08
V007512,2025-10-31,P013,C048,48,3366,161568,0,2730,2025-11-22
V007513,2025-10-31,P012,C004,40,1342,53680,4320,2041,2025-11-29
V007514,2025-11-01,P007,C061,84,760,63840,3360,4521,2025-12-01
V007515,2025-11-01,P015,C020,100,932,93200,4800,1738,2025-11-30
V007516,2025-11-01,P001,C076,14,14077,197078,19922,767,2025-11-14
V007517,2025-11-01,P016,C010,17,1280,21760,1190,664,2025-11-17
V007518,2025-11-01,P004,C010,54,10427,563058,3942,3116,2025-11-17
V007519,2025-11-01,P005,C031,23,838,19274,1426,776,2025-11-24
V007520,2025-11-01,P008,C032,24,619,14856,744,1874,2025-11-28
V007521,2025-11-01,P008,C063,27,643,17361,189,1238,2025-11-13
V007522,2025-11-01,P007,C026,32,732,23424,2176,1631,2025-11-10
V007523,2025-11-01,P012,C054,50,1393,69650,2850,2092,2025-11-25
V007524,2025-11-01,P011,C071,16,459,7344,656,359,2025-11-19
V007525,2025-11-02,P018,C015,7,2805,19635,665,294,2025-11-30
V007526,2025-11-02,P003,C041,10,2437,24370,0,434,2025-12-01
V007527,2025-11-02,P011,C059,26,498,12948,52,1279,2025-11-26
V007528,2025-11-02,P020,C036,38,14231,540778,10222,1941,2025-11-18
V007529,2025-11-02,P017,C067,79,2509,198211,0,3357,2025-12-01
V007530,2025-11-03,P009,C055,9,1792,16128,972,322,2025-11-10
V007531,2025-11-03,P004,C059,21,9784,205464,15036,1108,2025-11-27
V007532,2025-11-03,P018,C047,8,2748,21984,1216,299,2025-12-03
V007533,2025-11-03,P013,C029,23,2981,68563,5037,1153,2025-11-30
V007534,2025-11-03,P020,C046,27,13716,370332,21168,993,2025-11-17
V007535,2025-11-03,P005,C030,64,874,55936,1664,2462,2025-11-10
V007536,2025-11-03,P013,C055,69,3015,208035,12765,4216,2025-11-10
V007537,2025-11-03,P017,C051,11,2405,26455,495,629,2025-11-22
V007538,2025-11-03,P013,C028,39,3169,123591,1209,1921,2025-12-03
V007539,2025-11-03,P007,C026,11,761,8371,429,456,2025-11-12
V007540,2025-11-03,P007,C045,15,822,12330,0,548,2025-11-12
V007541,2025-11-03,P006,C063,24,5885,141240,7560,1384,2025-11-15
V007542,2025-11-03,P019,C025,18,2901,52218,1782,1107,2025-11-14
V007543,2025-11-04,P016,C049,59,1327,78293,1357,2212,2025-11-24
V007544,2025-11-04,P018,C044,34,2953,100402,0,1289,2025-11-18
V007545,2025-11-04,P007,C016,8,752,6016,384,494,2025-12-04
V007546,2025-11-04,P016,C039,8,1286,10288,512,367,2025-11-28
V007547,2025-11-04,P015,C025,27,930,25110,1350,1105,2025-11-15
V007548,2025-11-04,P016,C045,19,1226,23294,2356,633,2025-11-13
V007549,2025-11-04,P002,C050,34,12582,427788,21012,1683,2025-11-12
V007550,2025-11-05,P020,C041,16,12897,206352,25648,481,2025-12-04
V007551,2025-11-05,P005,C038,24,855,20520,1080,1283,2025-11-29
V007552,2025-11-05,P003,C055,14,2258,31612,1988,497,2025-11-12
V007553,2025-11-05,P020,C016,17,14487,246279,221,764,2025-12-05
V007554,2025-11-05,P012,C023,20,1325,26500,2500,1042,2025-11-30
V007555,2025-11-06,P010,C010,17,438,7446,204,964,2025-11-22
V007556,2025-11-06,P017,C035,23,2282,52486,3864,819,2025-11-16
V007557,2025-11-06,P019,C048,23,3090,71070,0,876,2025-11-28
V007558,2025-11-06,P004,C040,26,9610,249860,23140,933,2025-11-19
V007559,2025-11-06,P012,C042,24,1358,32592,2208,1097,2025-11-27
V007560,2025-11-06,P018,C005,61,2699,164639,12261,2312,2025-12-01
V007561,2025-11-06,P003,C067,12,2381,28572,228,433,2025-12-05
V007562,2025-11-06,P003,C049,40,2362,94480,1520,2216,2025-11-26
V007563,2025-11-06,P006,C026,28,5908,165424,8176,1212,2025-11-15
V007564,2025-11-06,P001,C040,35,14880,520800,21700,1609,2025-11-19
V007565,2025-11-06,P001,C001,13,14550,189150,12350,394,2025-11-20
V007566,2025-11-06,P017,C011,48,2357,113136,4464,2294,2025-12-01
V007567,2025-11-06,P016,C049,44,1336,58784,616,2777,2025-11-26
V007568,2025-11-06,P008,C055,28,623,17444,756,1489,2025-11-13
V007569,2025-11-06,P013,C006,19,2974,56506,4294,903,2025-11-18
V007570,2025-11-06,P011,C019,5,471,2355,145,177,2025-11-21
V007571,2025-11-07,P007,C007,19,797,15143,57,788,2025-11-24
V007572,2025-11-07,P007,C040,32,746,23872,1728,1170,2025-11-20
V007573,2025-11-07,P005,C054,10,870,8700,300,460,2025-12-01
V007574,2025-11-07,P018,C080,31,2644,81964,7936,1450,2025-11-19
V007575,2025-11-07,P011,C012,9,505,4545,0,544,2025-11-23
V007576,2025-11-07,P010,C012,54,446,24084,216,1633,2025-11-23
V007577,2025-11-07,P014,C047,17,1157,19669,0,671,2025-12-07
V007578,2025-11-07,P006,C047,19,5766,109554,8246,590,2025-12-07
V007579,2025-11-07,P006,C025,24,6121,146904,1896,762,2025-11-18
V007580,2025-11-07,P020,C025,26,14286,371436,5564,1048,2025-11-18
V007581,2025-11-07,P018,C073,13,2734,35542,2158,487,2025-12-04
V007582,2025-11-07,P016,C042,14,1256,17584,1316,683,2025-11-28
V007583,2025-11-07,P012,C041,9,1402,12618,432,277,2025-12-06
V007584,2025-11-07,P020,C043,11,13177,144947,14553,600,2025-11-16
V007585,2025-11-07,P002,C027,8,12690,101520,4080,498,2025-11-22
V007586,2025-11-07,P017,C064,19,2376,45144,1406,461,2025-11-26
V007587,2025-11-07,P006,C010,10,6034,60340,1660,658,2025-11-23
V007588,2025-11-07,P010,C043,39,415,16185,1365,1531,2025-11-16
V007589,2025-11-07,P008,C080,19,603,11457,893,1188,2025-11-19
V007590,2025-11-07,P012,C020,19,1486,28234,0,956,2025-12-06
V007591,2025-11-07,P011,C032,49,495,24255,245,2084,2025-12-04
V007592,2025-11-07,P016,C026,31,1216,37696,4154,2010,2025-11-16
V007593,2025-11-08,P014,C069,47,1078,50666,1034,1259,2025-11-17
V007594,2025-11-08,P005,C033,9,838,7542,558,419,2025-11-19
V007595,2025-11-09,P001,C070,56,14934,836304,31696,2952,2025-11-19
V007596,2025-11-09,P018,C046,20,2892,57840,160,1194,2025-11-23
V007597,2025-11-09,P005,C015,16,876,14016,384,670,2025-12-07
V007598,2025-11-10,P009,C042,7,1697,11879,1421,327,2025-12-01
V007599,2025-11-10,P016,C071,23,1305,30015,1035,937,2025-11-28
V007600,2025-11-10,P004,C046,32,10270,328640,7360,1869,2025-11-24
V007601,2025-11-10,P006,C026,19,6010,114190,3610,628,2025-11-19
V007602,2025-11-10,P002,C027,13,12611,163943,7657,342,2025-11-25
V007603,2025-11-11,P002,C044,20,12677,253540,10460,1060,2025-11-25
V007604,2025-11-11,P018,C013,18,2949,53082,0,1239,2025-11-30
V007605,2025-11-11,P018,C061,17,2776,47192,2108,748,2025-12-11
V007606,2025-11-11,P006,C028,18,6227,112086,0,787,2025-12-11
V007607,2025-11-11,P001,C080,32,13518,432576,63424,1653,2025-11-23
V007608,2025-11-11,P003,C077,34,2534,86156,0,1053,2025-11-26
V007609,2025-11-12,P019,C078,29,3066,88914,0,921,2025-11-20
V007610,2025-11-12,P004,C073,55,9913,545215,32285,2737,2025-12-09
V007611,2025-11-12,P003,C077,16,2387,38192,208,599,2025-11-27
V007612,2025-11-12,P013,C028,15,3133,46995,1005,851,2025-12-12
V007613,2025-11-12,P005,C065,50,801,40050,4950,3140,2025-12-08
V007614,2025-11-12,P017,C056,17,2351,39967,1683,624,2025-11-24
V007615,2025-11-12,P003,C050,51,2208,112608,9792,3236,2025-11-20
V007616,2025-11-12,P003,C040,31,2166,67146,7254,1551,2025-11-25
V007617,2025-11-12,P013,C047,31,3078,95418,3782,1463,2025-12-12
V007618,2025-11-12,P012,C057,23,1459,33557,0,863,2025-11-20
V007619,2025-11-12,P005,C060,17,824,14008,1292,664,2025-11-25
V007620,2025-11-12,P019,C043,27,2645,71415,9585,607,2025-11-21
V007621,2025-11-12,P017,C039,14,2340,32760,1540,779,2025-12-06
V007622,2025-11-12,P004,C022,6,10423,62538,462,239,2025-12-06
V007623,2025-11-12,P014,C018,46,1059,48714,1886,898,2025-11-20
V007624,2025-11-12,P004,C071,11,9671,106381,9119,275,2025-11-30
V007625,2025-11-12,P020,C075,16,14340,229440,2560,785,2025-11-22
V007626,2025-11-12,P003,C031,34,2297,78098,3502,1770,2025-12-05
V007627,2025-11-12,P020,C052,12,13511,162132,11868,577,2025-11-25
V007628,2025-11-12,P009,C029,55,1849,101695,2805,3017,2025-12-09
V007629,2025-11-12,P020,C051,13,14264,185432,3068,649,2025-12-01
V007630,2025-11-12,P009,C018,19,1734,32946,3154,702,2025-11-20
V007631,2025-11-13,P017,C044,33,2406,79398,1452,561,2025-11-27
V007632,2025-11-13,P014,C065,6,1073,6438,162,295,2025-12-09
V007633,2025-11-13,P013,C050,13,3171,41223,377,809,2025-11-21
V007634,2025-11-13,P002,C078,20,11546,230920,33080,675,2025-11-21
V007635,2025-11-13,P012,C013,76,1378,104728,5472,3169,2025-12-02
V007636,2025-11-13,P011,C028,14,501,7014,0,874,2025-12-13
V007637,2025-11-13,P007,C031,23,759,17457,943,1017,2025-12-06
V007638,2025-11-13,P008,C060,25,607,15175,1075,1374,2025-11-26
V007639,2025-11-13,P016,C018,16,1399,22384,0,740,2025-11-21
V007640,2025-11-13,P006,C044,77,6011,462847,14553,2777,2025-11-27
V007641,2025-11-13,P009,C009,10,1832,18320,680,548,2025-12-07
V007642,2025-11-13,P018,C039,12,2746,32952,1848,565,2025-12-07
V007643,2025-11-13,P010,C028,37,425,15725,925,2199,2025-12-13
V007644,2025-11-13,P008,C010,18,600,10800,900,1167,2025-11-29
V007645,2025-11-13,P013,C056,23,2995,68885,4715,1570,2025-11-25
V007646,2025-11-13,P007,C043,18,768,13824,576,693,2025-11-22
V007647,2025-11-14,P011,C028,50,475,23750,1250,2598,2025-12-14
V007648,2025-11-14,P020,C058,46,13765,633190,33810,1348,2025-12-05
V007649,2025-11-14,P014,C046,62,929,57598,10602,1963,2025-11-28
V007650,2025-11-14,P008,C045,7,563,3941,609,321,2025-11-23
V007651,2025-11-14,P013,C038,8,3132,25056,544,393,2025-12-08
V007652,2025-11-14,P003,C042,17,2298,39066,1734,991,2025-12-05
V007653,2025-11-14,P007,C002,51,762,38862,1938,2547,2025-12-08
V007654,2025-11-14,P007,C019,23,776,17848,552,1238,2025-11-29
V007655,2025-11-15,P009,C014,83,1934,160522,0,5455,2025-12-03
V007656,2025-11-15,P013,C026,43,3037,130591,7009,2486,2025-11-24
V007657,2025-11-15,P005,C010,46,854,39284,2116,2487,2025-12-01
V007658,2025-11-16,P016,C054,28,1183,33124,4676,1360,2025-12-10
V007659,2025-11-16,P016,C040,17,1336,22712,238,676,2025-11-29
V007660,2025-11-16,P017,C053,66,2364,156024,5676,3376,2025-12-01
V007661,2025-11-16,P020,C072,25,14363,359075,3425,1309,2025-11-28
V007662,2025-11-16,P006,C054,33,5788,191004,13596,1250,2025-12-10
V007663,2025-11-16,P010,C078,18,403,7254,846,783,2025-11-24
V007664,2025-11-16,P015,C046,21,933,19593,987,982,2025-11-30
V007665,2025-11-16,P007,C070,9,806,7254,0,264,2025-11-26
V007666,2025-11-17,P015,C073,16,936,14976,704,796,2025-12-14
V007667,2025-11-17,P001,C073,50,14646,732300,42700,1742,2025-12-14
V007668,2025-11-17,P006,C080,39,5402,210678,31122,2730,2025-11-29
V007669,2025-11-17,P017,C077,7,2265,15855,1295,465,2025-12-02
V007670,2025-11-17,P014,C073,63,1042,65646,3654,4060,2025-12-14
V007671,2025-11-17,P016,C010,22,1310,28820,880,870,2025-12-03
V007672,2025-11-17,P008,C068,59,612,36108,2242,1401,2025-12-14
V007673,2025-11-17,P005,C076,4,866,3464,136,258,2025-11-30
V007674,2025-11-17,P005,C029,12,859,10308,492,492,2025-12-14
V007675,2025-11-17,P004,C031,34,9463,321742,35258,1668,2025-12-10
V007676,2025-11-17,P018,C059,29,2881,83549,551,1286,2025-12-11
V007677,2025-11-17,P015,C069,38,982,37316,0,1738,2025-11-26
V007678,2025-11-17,P010,C024,98,417,40866,3234,3509,2025-12-10
V007679,2025-11-17,P010,C033,65,420,27300,1950,3530,2025-11-28
V007680,2025-11-17,P007,C004,40,801,32040,0,1885,2025-12-16
V007681,2025-11-17,P010,C072,52,426,22152,1248,2129,2025-11-29
V007682,2025-11-17,P017,C057,14,2324,32536,1764,593,2025-11-25
V007683,2025-11-17,P007,C002,43,771,33153,1247,2677,2025-12-11
V007684,2025-11-17,P019,C016,28,2881,80668,3332,1127,2025-12-17
V007685,2025-11-17,P015,C076,9,970,8730,90,418,2025-11-30
V007686,2025-11-18,P015,C036,26,959,24934,546,982,2025-12-04
V007687,2025-11-18,P006,C057,10,5939,59390,2610,439,2025-11-26
V007688,2025-11-18,P017,C036,32,2359,75488,2912,1280,2025-12-04
V007689,2025-11-18,P013,C076,8,3015,24120,1480,393,2025-12-01
V007690,2025-11-19,P017,C068,29,2354,68266,2784,1468,2025-12-16
V007691,2025-11-19,P016,C002,22,1326,29172,528,1081,2025-12-13
V007692,2025-11-19,P014,C021,18,1052,18936,864,699,2025-12-16
V007693,2025-11-19,P018,C027,24,2707,64968,4632,1184,2025-12-04
V007694,2025-11-19,P017,C010,8,2333,18664,936,264,2025-12-05
V007695,2025-11-20,P009,C062,13,1789,23257,1443,386,2025-12-13
V007696,2025-11-20,P004,C008,28,10517,294476,0,737,2025-12-08
V007697,2025-11-20,P004,C013,26,10650,276900,0,875,2025-12-09
V007698,2025-11-20,P002,C013,18,12936,232848,4752,1143,2025-12-09
V007699,2025-11-20,P008,C044,34,614,20876,1224,1676,2025-12-04
V007700,2025-11-20,P019,C002,12,2927,35124,876,561,2025-12-14
V007701,2025-11-20,P005,C032,18,895,16110,90,934,2025-12-17
V007702,2025-11-20,P013,C051,9,2959,26631,2169,491,2025-12-09
V007703,2025-11-20,P015,C068,63,935,58905,2835,3675,2025-12-17
V007704,2025-11-20,P015,C012,33,967,31911,429,2418,2025-12-06
V007705,2025-11-20,P008,C040,23,624,14352,598,780,2025-12-03
V007706,2025-11-20,P003,C002,47,2285,107395,5405,1489,2025-12-14
V007707,2025-11-20,P001,C072,14,14474,202636,14364,955,2025-12-02
V007708,2025-11-20,P003,C039,36,2213,79668,6732,1402,2025-12-14
V007709,2025-11-20,P019,C038,13,2807,36491,2509,654,2025-12-14
V007710,2025-11-20,P001,C003,76,14152,1075552,102448,4123,2025-12-03
V007711,2025-11-20,P020,C029,15,14132,211980,5520,707,2025-12-17
V007712,2025-11-20,P012,C012,29,1403,40687,1363,1327,2025-12-06
V007713,2025-11-20,P013,C050,30,3029,90870,5130,1015,2025-11-28
V007714,2025-11-20,P009,C053,11,1808,19888,1012,432,2025-12-05
V007715,2025-11-21,P020,C067,23,14046,323058,10442,421,2025-12-20
V007716,2025-11-21,P003,C066,11,2269,24959,1441,540,2025-12-16
V007717,2025-11-21,P009,C033,20,1891,37820,180,770,2025-12-02
V007718,2025-11-21,P015,C022,13,883,11479,1261,454,2025-12-15
V007719,2025-11-22,P013,C020,30,3032,90960,5040,1080,2025-12-21
V007720,2025-11-22,P004,C062,32,10339,330848,5152,2204,2025-12-15
V007721,2025-11-22,P001,C009,18,13677,246186,32814,1221,2025-12-16
V007722,2025-11-22,P017,C049,14,2436,34104,196,754,2025-12-12
V007723,2025-11-22,P012,C072,40,1355,54200,3800,1769,2025-12-04
V007724,2025-11-22,P002,C040,21,13286,279006,0,776,2025-12-05
V007725,2025-11-22,P003,C021,40,2381,95240,760,1687,2025-12-19
V007726,2025-11-22,P009,C013,31,1770,54870,4030,1658,2025-12-11
V007727,2025-11-22,P011,C059,41,460,18860,1640,1247,2025-12-16
V007728,2025-11-22,P007,C048,27,753,20331,1269,1104,2025-12-14
V007729,2025-11-22,P014,C024,7,1029,7203,497,386,2025-12-15
V007730,2025-11-22,P003,C045,32,2243,71776,5024,1063,2025-12-01
V007731,2025-11-23,P014,C009,24,1030,24720,1680,722,2025-12-17
V007732,2025-11-23,P007,C002,37,783,28971,629,1590,2025-12-17
V007733,2025-11-23,P020,C064,25,14035,350875,11625,988,2025-12-12
V007734,2025-11-23,P001,C009,32,14297,457504,38496,1193,2025-12-17
V007735,2025-11-23,P007,C002,26,798,20748,52,1276,2025-12-17
V007736,2025-11-23,P014,C045,34,1103,37502,0,1242,2025-12-02
V007737,2025-11-23,P001,C014,18,15867,285606,0,811,2025-12-11
V007738,2025-11-23,P015,C071,22,959,21098,462,665,2025-12-11
V007739,2025-11-23,P020,C042,27,14609,394443,0,952,2025-12-14
V007740,2025-11-23,P019,C001,17,2850,48450,2550,718,2025-12-07
V007741,2025-11-24,P004,C067,84,9836,826224,55776,4163,2025-12-23
V007742,2025-11-24,P018,C025,18,2869,51642,558,689,2025-12-05
V007743,2025-11-24,P014,C025,18,1131,20358,0,717,2025-12-05
V007744,2025-11-24,P015,C059,14,930,13020,700,382,2025-12-18
V007745,2025-11-24,P010,C024,41,403,16523,1927,2151,2025-12-17
V007746,2025-11-24,P018,C079,21,2765,58065,2835,572,2025-12-01
V007747,2025-11-24,P009,C013,31,1880,58280,620,820,2025-12-13
V007748,2025-11-24,P016,C005,11,1313,14443,407,354,2025-12-19
V007749,2025-11-24,P011,C006,18,471,8478,522,1196,2025-12-06
V007750,2025-11-24,P003,C070,90,2301,207090,8910,2324,2025-12-04
V007751,2025-11-24,P018,C069,4,2742,10968,632,86,2025-12-03
V007752,2025-11-24,P004,C029,28,10815,302820,0,1549,2025-12-21
V007753,2025-11-24,P003,C039,39,2437,95043,0,1681,2025-12-18
V007754,2025-11-24,P018,C010,47,2768,130096,6204,2454,2025-12-10
V007755,2025-11-24,P016,C069,18,1320,23760,540,413,2025-12-03
V007756,2025-11-24,P006,C028,21,6083,127743,2457,852,2025-12-24
V007757,2025-11-24,P017,C074,10,2364,23640,860,348,2025-12-22
V007758,2025-11-24,P017,C037,37,2363,87431,3219,824,2025-12-03
V007759,2025-11-24,P002,C077,19,11876,225644,25156,888,2025-12-09
V007760,2025-11-24,P007,C008,42,800,33600,0,1617,2025-12-12
V007761,2025-11-24,P003,C074,130,2208,287040,24960,3797,2025-12-22
V007762,2025-11-24,P017,C036,19,2244,42636,3914,921,2025-12-10
V007763,2025-11-25,P004,C012,33,10272,338976,7524,1145,2025-12-11
V007764,2025-11-25,P006,C041,22,6479,142538,0,1299,2025-12-24
V007765,2025-11-25,P020,C005,12,13280,159360,14640,419,2025-12-20
V007766,2025-11-25,P012,C003,16,1339,21424,1776,1031,2025-12-08
V007767,2025-11-25,P013,C031,23,3147,72381,1219,468,2025-12-18
V007768,2025-11-25,P006,C003,11,5825,64075,4125,474,2025-12-08
V007769,2025-11-25,P018,C028,25,2792,69800,2700,1194,2025-12-25
V007770,2025-11-25,P008,C062,51,675,34425,0,2559,2025-12-18
V007771,2025-11-25,P015,C024,5,851,4255,645,215,2025-12-18
V007772,2025-11-25,P005,C030,108,835,90180,7020,5002,2025-12-02
V007773,2025-11-25,P016,C061,28,1231,34468,3332,1733,2025-12-25
V007774,2025-11-25,P011,C027,39,494,19266,234,1676,2025-12-10
V007775,2025-11-25,P010,C020,20,424,8480,520,753,2025-12-24
V007776,2025-11-25,P012,C068,11,1346,14806,1144,455,2025-12-22
V007777,2025-11-25,P010,C047,15,421,6315,435,617,2025-12-25
V007778,2025-11-26,P005,C079,11,879,9669,231,641,2025-12-03
V007779,2025-11-26,P007,C042,8,741,5928,472,372,2025-12-17
V007780,2025-11-26,P009,C009,13,1751,22763,1937,609,2025-12-20
V007781,2025-11-26,P010,C057,31,467,14477,0,1853,2025-12-04
V007782,2025-11-26,P001,C025,8,15978,127824,0,91,2025-12-07
V007783,2025-11-26,P006,C064,22,5891,129602,6798,1034,2025-12-15
V007784,2025-11-26,P014,C070,24,1016,24384,2016,1369,2025-12-06
V007785,2025-11-26,P010,C023,50,425,21250,1250,1402,2025-12-21
V007786,2025-11-26,P011,C061,25,494,12350,150,1623,2025-12-26
V007787,2025-11-26,P013,C027,15,3216,48240,0,833,2025-12-11
V007788,2025-11-26,P011,C015,19,513,9747,0,1042,2025-12-24
V007789,2025-11-26,P008,C067,7,608,4256,294,240,2025-12-25
V007790,2025-11-26,P002,C069,66,12423,819918,51282,2261,2025-12-05
V007791,2025-11-26,P004,C033,21,10668,224028,0,1090,2025-12-07
V007792,2025-11-26,P016,C002,84,1239,104076,9324,3214,2025-12-20
V007793,2025-11-26,P015,C005,33,955,31515,825,1298,2025-12-21
V007794,2025-11-26,P010,C010,33,408,13464,1386,2044,2025-12-12
V007795,2025-11-26,P011,C020,35,440,15400,2100,1165,2025-12-25
V007796,2025-11-26,P007,C041,9,809,7281,0,602,2025-12-25
V007797,2025-11-26,P006,C021,44,6055,266420,6380,2238,2025-12-23
V007798,2025-11-26,P003,C065,47,2426,114022,0,2401,2025-12-22
V007799,2025-11-27,P009,C057,51,1861,94911,1989,1835,2025-12-05
V007800,2025-11-27,P016,C032,12,1313,15756,444,613,2025-12-24
V007801,2025-11-27,P020,C009,30,14100,423000,12000,857,2025-12-21
V007802,2025-11-27,P014,C050,32,1052,33664,1536,1902,2025-12-05
V007803,2025-11-27,P012,C076,24,1383,33192,1608,1467,2025-12-10
V007804,2025-11-27,P016,C027,21,1290,27090,1260,1170,2025-12-12
V007805,2025-11-27,P005,C061,6,823,4938,462,291,2025-12-27
V007806,2025-11-27,P009,C039,17,1810,30770,1530,1024,2025-12-21
V007807,2025-11-27,P020,C004,28,14025,392700,13300,1226,2025-12-26
V007808,2025-11-27,P010,C060,66,435,28710,990,2562,2025-12-10
V007809,2025-11-27,P014,C038,23,1013,23299,2001,893,2025-12-21
V007810,2025-11-27,P006,C035,16,6414,102624,0,442,2025-12-07
V007811,2025-11-27,P003,C019,53,2340,124020,3180,1457,2025-12-12
V007812,2025-11-27,P002,C075,59,12093,713487,65313,2102,2025-12-07
V007813,2025-11-27,P002,C076,25,12749,318725,11275,1190,2025-12-10
V007814,2025-11-27,P003,C044,32,2374,75968,832,1618,2025-12-11
V007815,2025-11-27,P009,C005,6,1803,10818,582,165,2025-12-22
V007816,2025-11-27,P006,C030,23,5511,126753,15847,895,2025-12-04
V007817,2025-11-27,P016,C061,16,1296,20736,864,590,2025-12-27
V007818,2025-11-27,P006,C056,40,5949,237960,10040,1445,2025-12-09
V007819,2025-11-27,P014,C060,17,1046,17782,918,703,2025-12-10
V007820,2025-11-28,P007,C018,15,812,12180,0,539,2025-12-06
V007821,2025-11-28,P009,C032,21,1860,39060,840,827,2025-12-25
V007822,2025-11-28,P012,C071,19,1318,25042,2508,528,2025-12-16
V007823,2025-11-28,P009,C044,31,1791,55521,3379,1338,2025-12-12
V007824,2025-11-28,P007,C012,38,793,30134,266,1582,2025-12-14
V007825,2025-11-29,P017,C079,25,2379,59475,1775,1303,2025-12-06
V007826,2025-11-29,P016,C070,21,1281,26901,1449,972,2025-12-09
V007827,2025-11-29,P016,C080,55,1216,66880,7370,1280,2025-12-11
V007828,2025-11-29,P006,C039,9,5763,51867,3933,552,2025-12-23
V007829,2025-11-29,P016,C042,12,1359,16308,0,707,2025-12-20
V007830,2025-11-29,P014,C068,37,1047,38739,1961,1457,2025-12-26
V007831,2025-11-29,P006,C050,38,5918,224884,10716,1233,2025-12-07
V007832,2025-11-29,P008,C074,24,626,15024,576,1208,2025-12-27
V007833,2025-11-29,P001,C074,26,14814,385164,17836,1007,2025-12-27
V007834,2025-11-29,P007,C024,35,746,26110,1890,1633,2025-12-22
V007835,2025-11-30,P003,C078,13,2196,28548,2652,597,2025-12-08
V007836,2025-11-30,P008,C071,63,627,39501,1449,2676,2025-12-18
V007837,2025-11-30,P008,C056,55,598,32890,2860,1743,2025-12-12
V007838,2025-11-30,P004,C073,68,10182,692376,21624,2535,2025-12-27
V007839,2025-11-30,P008,C045,21,621,13041,609,996,2025-12-09
V007840,2025-11-30,P003,C010,66,2224,146784,11616,1115,2025-12-16
V007841,2025-11-30,P002,C069,39,13089,510471,4329,1722,2025-12-09
V007842,2025-11-30,P005,C022,27,874,23598,702,1206,2025-12-24
V007843,2025-11-30,P019,C068,9,2979,26811,189,456,2025-12-27
V007844,2025-11-30,P001,C012,4,15276,61104,896,259,2025-12-16
V007845,2025-11-30,P012,C073,27,1433,38691,459,1474,2025-12-27
V007846,2025-11-30,P019,C006,41,2976,122016,984,2024,2025-12-12
V007847,2025-12-01,P017,C047,22,2441,53702,198,1061,2025-12-31
V007848,2025-12-01,P007,C016,21,777,16317,483,938,2025-12-31
V007849,2025-12-01,P010,C044,18,453,8154,0,933,2025-12-15
V007850,2025-12-01,P012,C020,40,1502,60080,0,2469,2025-12-30
V007851,2025-12-01,P014,C078,114,983,112062,13338,4236,2025-12-09
V007852,2025-12-01,P010,C049,25,415,10375,875,1383,2025-12-21
V007853,2025-12-01,P009,C053,183,1806,330498,17202,11657,2025-12-16
V007854,2025-12-01,P010,C002,47,421,19787,1363,2261,2025-12-25
V007855,2025-12-01,P004,C003,34,10167,345678,11322,1284,2025-12-14
V007856,2025-12-01,P006,C019,11,5817,63987,4213,354,2025-12-16
V007857,2025-12-01,P008,C029,21,650,13650,0,739,2025-12-28
V007858,2025-12-01,P005,C027,33,891,29403,297,1585,2025-12-16
V007859,2025-12-01,P004,C061,23,9722,223606,17894,965,2025-12-31
V007860,2025-12-01,P014,C011,49,1113,54537,0,3078,2025-12-26
V007861,2025-12-01,P006,C035,23,5743,132089,10511,765,2025-12-11
V007862,2025-12-01,P007,C039,24,765,18360,840,1227,2025-12-25
V007863,2025-12-01,P019,C050,12,2835,34020,1980,346,2025-12-09
V007864,2025-12-01,P017,C007,33,2255,74415,6435,1980,2025-12-18
V007865,2025-12-01,P015,C043,7,955,6685,175,356,2025-12-10
V007866,2025-12-01,P002,C069,17,12056,204952,19448,700,2025-12-10
V007867,2025-12-02,P004,C026,27,9522,257094,26406,1194,2025-12-11
V007868,2025-12-02,P010,C014,25,425,10625,625,1007,2025-12-20
V007869,2025-12-02,P013,C036,64,3268,209152,0,3493,2025-12-18
V007870,2025-12-02,P015,C032,28,922,25816,1624,1363,2025-12-29
V007871,2025-12-03,P012,C038,23,1375,31625,1725,983,2025-12-27
V007872,2025-12-03,P002,C069,12,12367,148404,9996,408,2025-12-12
V007873,2025-12-03,P011,C054,34,480,16320,680,1095,2025-12-27
V007874,2025-12-03,P001,C039,11,14913,164043,6457,478,2025-12-27
V007875,2025-12-03,P012,C050,12,1461,17532,0,660,2025-12-11
V007876,2025-12-04,P006,C071,44,5785,254540,18260,483,2025-12-22
V007877,2025-12-04,P011,C065,21,469,9849,651,874,2025-12-30
V007878,2025-12-04,P019,C064,30,3008,90240,0,1226,2025-12-23
V007879,2025-12-04,P005,C065,30,832,24960,2040,1144,2025-12-30
V007880,2025-12-04,P013,C016,30,2982,89460,6540,1585,2026-01-03
V007881,2025-12-04,P009,C041,57,1969,112233,0,2160,2026-01-02
V007882,2025-12-04,P006,C023,26,5990,155740,5460,792,2025-12-29
V007883,2025-12-04,P008,C007,19,616,11704,646,579,2025-12-21
V007884,2025-12-04,P015,C048,7,902,6314,546,225,2025-12-26
V007885,2025-12-04,P002,C065,26,12530,325780,17420,1556,2025-12-30
V007886,2025-12-04,P018,C031,44,2801,123244,4356,1554,2025-12-27
V007887,2025-12-04,P016,C075,64,1337,85568,832,4564,2025-12-14
V007888,2025-12-04,P017,C011,28,2441,68348,252,1201,2025-12-29
V007889,2025-12-04,P004,C016,23,10359,238257,3243,1131,2026-01-03
V007890,2025-12-04,P015,C034,7,917,6419,441,342,2025-12-27
V007891,2025-12-04,P017,C001,13,2415,31395,455,379,2025-12-18
V007892,2025-12-04,P006,C016,13,6412,83356,0,625,2026-01-03
V007893,2025-12-04,P003,C012,25,2249,56225,3775,800,2025-12-20
V007894,2025-12-04,P003,C075,46,2304,105984,4416,2672,2025-12-14
V007895,2025-12-04,P014,C037,19,1049,19931,969,482,2025-12-13
V007896,2025-12-04,P010,C055,43,416,17888,1462,2498,2025-12-11
V007897,2025-12-05,P007,C027,30,760,22800,1200,1359,2025-12-20
V007898,2025-12-05,P019,C014,15,2931,43965,1035,672,2025-12-23
V007899,2025-12-05,P006,C078,35,5550,194250,22750,1544,2025-12-13
V007900,2025-12-05,P013,C045,19,2883,54777,6023,766,2025-12-14
V007901,2025-12-05,P019,C049,24,2806,67344,4656,1287,2025-12-25
V007902,2025-12-05,P020,C075,28,14344,401632,4368,1707,2025-12-15
V007903,2025-12-05,P015,C058,43,894,38442,3698,1924,2025-12-26
V007904,2025-12-05,P013,C046,14,3034,42476,2324,830,2025-12-19
V007905,2025-12-05,P014,C048,47,1039,48833,2867,1691,2025-12-27
V007906,2025-12-05,P015,C063,21,911,19131,1449,552,2025-12-17
V007907,2025-12-05,P017,C003,9,2500,22500,0,447,2025-12-18
V007908,2025-12-05,P017,C018,6,2363,14178,522,218,2025-12-13
V007909,2025-12-05,P008,C073,13,622,8086,364,653,2026-01-01
V007910,2025-12-05,P006,C056,23,6044,139012,3588,759,2025-12-17
V007911,2025-12-05,P015,C032,33,965,31845,495,1371,2026-01-01
V007912,2025-12-05,P013,C001,72,3234,232848,0,5164,2025-12-19
V007913,2025-12-05,P007,C018,12,747,8964,636,408,2025-12-13
V007914,2025-12-05,P015,C072,37,872,32264,3996,1619,2025-12-17
V007915,2025-12-05,P006,C021,40,5777,231080,16920,2493,2026-01-01
V007916,2025-12-05,P016,C051,28,1240,34720,3080,1228,2025-12-24
V007917,2025-12-05,P016,C005,18,1283,23094,1206,406,2025-12-30
V007918,2025-12-06,P020,C002,21,13814,290094,14406,856,2025-12-30
V007919,2025-12-06,P010,C029,36,457,16452,0,2004,2026-01-02
V007920,2025-12-06,P010,C059,61,426,25986,1464,2972,2025-12-30
V007921,2025-12-06,P015,C021,14,923,12922,798,834,2026-01-02
V007922,2025-12-06,P008,C033,13,632,8216,234,342,2025-12-17
V007923,2025-12-06,P002,C079,14,13104,183456,1344,831,2025-12-13
V007924,2025-12-06,P013,C059,27,3053,82431,3969,1120,2025-12-30
V007925,2025-12-06,P008,C019,43,638,27434,516,1503,2025-12-21
V007926,2025-12-06,P002,C009,39,12449,485511,29289,1739,2025-12-30
V007927,2025-12-06,P004,C001,16,9591,153456,14544,500,2025-12-20
V007928,2025-12-06,P006,C006,23,5668,130364,12236,998,2025-12-18
V007929,2025-12-06,P001,C020,14,15568,217952,0,619,2026-01-04
V007930,2025-12-07,P002,C041,8,12337,98696,6904,279,2026-01-05
V007931,2025-12-07,P010,C012,60,423,25380,1620,1173,2025-12-23
V007932,2025-12-07,P009,C053,41,1816,74456,3444,2043,2025-12-22
V007933,2025-12-07,P006,C032,15,5420,81300,11700,947,2026-01-03
V007934,2025-12-07,P010,C080,6,408,2448,252,279,2025-12-19
V007935,2025-12-07,P007,C049,11,761,8371,429,341,2025-12-27
V007936,2025-12-07,P011,C003,15,492,7380,120,582,2025-12-20
V007937,2025-12-07,P001,C009,18,13963,251334,27666,905,2025-12-31
V007938,2025-12-08,P020,C055,66,13677,902682,54318,2147,2025-12-15
V007939,2025-12-08,P004,C027,16,9925,158800,9200,849,2025-12-23
V007940,2025-12-08,P009,C071,46,1740,80040,7360,1647,2025-12-26
V007941,2025-12-08,P011,C028,19,493,9367,133,874,2026-01-07
V007942,2025-12-08,P012,C010,39,1437,56043,507,1607,2025-12-24
V007943,2025-12-08,P007,C077,6,750,4500,300,214,2025-12-23
V007944,2025-12-08,P004,C027,11,10363,113993,1507,529,2025-12-23
V007945,2025-12-08,P019,C014,48,3089,148272,0,1801,2025-12-26
V007946,2025-12-08,P009,C031,48,1810,86880,4320,2183,2025-12-31
V007947,2025-12-08,P020,C072,30,14117,423510,11490,1281,2025-12-20
V007948,2025-12-08,P013,C028,9,3219,28971,0,349,2026-01-07
V007949,2025-12-08,P013,C017,9,2957,26613,2187,542,2026-01-04
V007950,2025-12-08,P004,C015,35,10657,372995,0,1482,2026-01-05
V007951,2025-12-08,P005,C066,12,865,10380,420,470,2026-01-02
V007952,2025-12-08,P007,C080,13,701,9113,1287,689,2025-12-20
V007953,2025-12-08,P016,C058,16,1291,20656,944,709,2025-12-29
V007954,2025-12-08,P020,C011,39,13922,542958,22542,2076,2026-01-02
V007955,2025-12-09,P003,C048,14,2280,31920,1680,426,2025-12-31
V007956,2025-12-09,P015,C018,43,948,40764,1376,1121,2025-12-17
V007957,2025-12-09,P001,C074,16,14304,228864,19136,794,2026-01-06
V007958,2025-12-09,P014,C071,7,1042,7294,406,307,2025-12-27
V007959,2025-12-09,P005,C038,13,869,11297,403,520,2026-01-02
V007960,2025-12-09,P007,C049,10,775,7750,250,574,2025-12-29
V007961,2025-12-09,P010,C057,38,430,16340,760,1397,2025-12-17
V007962,2025-12-09,P005,C018,25,852,21300,1200,1116,2025-12-17
V007963,2025-12-09,P011,C033,12,493,5916,84,672,2025-12-20
V007964,2025-12-09,P016,C070,16,1331,21296,304,727,2025-12-19
V007965,2025-12-10,P003,C057,21,2303,48363,2037,966,2025-12-18
V007966,2025-12-10,P015,C076,10,919,9190,610,519,2025-12-23
V007967,2025-12-10,P012,C028,14,1420,19880,420,732,2026-01-09
V007968,2025-12-10,P009,C069,35,1765,61775,4725,1966,2025-12-19
V007969,2025-12-10,P019,C048,28,2796,78288,5712,1352,2026-01-01
V007970,2025-12-10,P009,C064,9,1865,16785,315,471,2025-12-29
V007971,2025-12-10,P015,C004,52,911,47372,3588,3151,2026-01-08
V007972,2025-12-10,P004,C055,12,9076,108912,17088,677,2025-12-17
V007973,2025-12-10,P009,C079,58,1773,102834,7366,2695,2025-12-17
V007974,2025-12-10,P009,C075,59,1740,102660,9440,3970,2025-12-20
V007975,2025-12-10,P008,C001,16,629,10064,336,766,2025-12-24
V007976,2025-12-10,P018,C007,23,2670,61410,5290,1088,2025-12-27
V007977,2025-12-10,P001,C077,24,14947,358728,13272,1149,2025-12-25
V007978,2025-12-11,P012,C023,41,1395,57195,2255,1522,2026-01-05
V007979,2025-12-11,P012,C034,23,1348,31004,2346,1084,2026-01-03
V007980,2025-12-11,P019,C017,10,3058,30580,0,480,2026-01-07
V007981,2025-12-11,P006,C022,22,6071,133562,2838,504,2026-01-04
V007982,2025-12-11,P015,C074,24,918,22032,1488,1424,2026-01-08
V007983,2025-12-11,P009,C028,14,1868,26152,448,481,2026-01-10
V007984,2025-12-11,P002,C002,6,12838,77028,2172,291,2026-01-04
V007985,2025-12-11,P012,C007,62,1420,88040,1860,3375,2025-12-28
V007986,2025-12-12,P017,C072,40,2170,86800,11200,1250,2025-12-24
V007987,2025-12-12,P002,C070,13,12350,160550,11050,437,2025-12-22
V007988,2025-12-12,P013,C006,30,3020,90600,5400,911,2025-12-24
V007989,2025-12-12,P004,C014,33,10833,357489,0,1445,2025-12-30
V007990,2025-12-12,P008,C052,32,638,20416,384,1691,2025-12-25
V007991,2025-12-12,P001,C014,8,14503,116024,7976,395,2025-12-30
V007992,2025-12-12,P007,C035,62,830,51460,0,2637,2025-12-22
V007993,2025-12-12,P015,C070,53,911,48283,3657,2420,2025-12-22
V007994,2025-12-12,P006,C073,66,5980,394680,14520,2661,2026-01-08
V007995,2025-12-12,P019,C039,14,2850,39900,2100,631,2026-01-05
V007996,2025-12-12,P003,C077,91,2253,205023,13377,1733,2025-12-27
V007997,2025-12-12,P008,C047,13,627,8151,299,728,2026-01-11
V007998,2025-12-12,P005,C015,30,865,25950,1050,1401,2026-01-09
V007999,2025-12-12,P011,C012,17,476,8092,408,514,2025-12-28
V008000,2025-12-12,P014,C054,35,1073,37555,945,1645,2026-01-05
V008001,2025-12-12,P011,C039,59,469,27671,1829,2213,2026-01-05
V008002,2025-12-12,P009,C077,30,1884,56520,480,1804,2025-12-27
V008003,2025-12-12,P011,C075,16,483,7728,272,998,2025-12-22
V008004,2025-12-12,P014,C040,25,1111,27775,0,1403,2025-12-25
V008005,2025-12-12,P009,C003,39,1854,72306,1794,1838,2025-12-25
V008006,2025-12-13,P001,C053,16,14819,237104,10896,871,2025-12-28
V008007,2025-12-13,P006,C050,18,6291,113238,0,616,2025-12-21
V008008,2025-12-13,P011,C011,38,475,18050,950,1518,2026-01-07
V008009,2025-12-14,P016,C065,30,1232,36960,3540,2330,2026-01-09
V008010,2025-12-14,P020,C015,6,13415,80490,6510,324,2026-01-11
V008011,2025-12-14,P002,C028,12,12626,151512,6888,899,2026-01-13
V008012,2025-12-14,P007,C004,49,763,37387,1813,2915,2026-01-12
V008013,2025-12-14,P020,C009,27,13280,358560,32940,1103,2026-01-07
V008014,2025-12-14,P007,C025,13,730,9490,910,445,2025-12-25
V008015,2025-12-14,P013,C050,8,3113,24904,696,299,2025-12-22
V008016,2025-12-14,P002,C058,18,12912,232416,5184,556,2026-01-04
V008017,2025-12-14,P014,C036,20,1020,20400,1600,782,2025-12-30
V008018,2025-12-14,P013,C048,20,2931,58620,5380,902,2026-01-05
V008019,2025-12-14,P012,C046,31,1415,43865,1085,1815,2025-12-28
V008020,2025-12-15,P013,C043,12,3078,36936,1464,862,2025-12-24
V008021,2025-12-15,P017,C014,97,2264,219608,18042,5149,2026-01-02
V008022,2025-12-15,P004,C001,15,9772,146580,10920,507,2025-12-29
V008023,2025-12-15,P013,C031,21,3097,65037,2163,1232,2026-01-07
V008024,2025-12-15,P017,C016,22,2352,51744,2156,1410,2026-01-14
V008025,2025-12-15,P011,C043,65,504,32760,0,3576,2025-12-24
V008026,2025-12-15,P020,C015,12,13040,156480,17520,686,2026-01-12
V008027,2025-12-15,P004,C070,42,10047,421974,19026,2455,2025-12-25
V008028,2025-12-15,P001,C008,10,15809,158090,0,705,2026-01-02
V008029,2025-12-15,P020,C057,44,14290,628760,9240,2243,2025-12-23
V008030,2025-12-15,P010,C045,30,411,12330,1170,1545,2025-12-24
V008031,2025-12-15,P012,C012,26,1298,33748,3952,870,2025-12-31
V008032,2025-12-15,P001,C009,10,14787,147870,7130,437,2026-01-08
V008033,2025-12-15,P010,C039,14,444,6216,84,873,2026-01-08
V008034,2025-12-15,P012,C019,44,1395,61380,2420,3121,2025-12-30
V008035,2025-12-15,P020,C059,87,14776,1285512,0,3638,2026-01-08
V008036,2025-12-15,P002,C059,49,12331,604219,42581,2523,2026-01-08
V008037,2025-12-16,P009,C039,41,1817,74497,3403,1808,2026-01-09
V008038,2025-12-16,P012,C072,8,1407,11256,344,261,2025-12-28
V008039,2025-12-16,P008,C056,42,580,24360,2940,1815,2025-12-28
V008040,2025-12-16,P019,C018,65,2889,187785,7215,2116,2025-12-24
V008041,2025-12-16,P006,C027,65,5969,387985,15015,3412,2025-12-31
V008042,2025-12-16,P014,C001,20,1128,22560,0,1110,2025-12-30
V008043,2025-12-16,P005,C056,12,884,10608,192,214,2025-12-28
V008044,2025-12-16,P015,C001,9,968,8712,108,278,2025-12-30
V008045,2025-12-17,P002,C022,15,13382,200730,0,670,2026-01-10
V008046,2025-12-17,P016,C040,8,1221,9768,1032,314,2025-12-30
V008047,2025-12-17,P012,C029,6,1370,8220,480,321,2026-01-13
V008048,2025-12-17,P017,C029,16,2537,40592,0,582,2026-01-13
V008049,2025-12-17,P018,C059,13,2797,36361,1339,466,2026-01-10
V008050,2025-12-18,P008,C049,17,601,10217,833,1078,2026-01-07
V008051,2025-12-18,P019,C054,22,2771,60962,5038,1245,2026-01-11
V008052,2025-12-18,P007,C007,16,805,12880,0,904,2026-01-04
V008053,2025-12-18,P018,C066,26,2915,75790,0,1413,2026-01-12
V008054,2025-12-18,P011,C044,16,483,7728,272,646,2026-01-01
V008055,2025-12-18,P005,C048,94,855,80370,4230,3356,2026-01-09
V008056,2025-12-18,P003,C061,25,2356,58900,1100,988,2026-01-17
V008057,2025-12-18,P011,C047,37,470,17390,1110,2045,2026-01-17
V008058,2025-12-18,P004,C014,22,10370,228140,2860,1050,2026-01-05
V008059,2025-12-18,P012,C062,30,1444,43320,180,1300,2026-01-10
V008060,2025-12-18,P013,C045,31,3105,96255,2945,1391,2025-12-27
V008061,2025-12-19,P006,C038,61,5784,352824,25376,3160,2026-01-12
V008062,2025-12-19,P008,C028,29,641,18589,261,476,2026-01-18
V008063,2025-12-19,P012,C011,59,1315,77585,7965,3004,2026-01-13
V008064,2025-12-19,P003,C009,55,2281,125455,6545,2060,2026-01-12
V008065,2025-12-19,P002,C054,43,12666,544638,22962,2096,2026-01-12
V008066,2025-12-19,P004,C012,23,9628,221444,20056,83,2026-01-04
V008067,2025-12-19,P003,C006,7,2455,17185,0,453,2025-12-31
V008068,2025-12-19,P009,C051,17,1774,30158,2142,903,2026-01-07
V008069,2025-12-20,P012,C012,27,1380,37260,1890,1026,2026-01-05
V008070,2025-12-20,P015,C068,11,959,10549,231,658,2026-01-16
V008071,2025-12-20,P006,C044,35,5923,207305,9695,2098,2026-01-03
V008072,2025-12-20,P001,C063,39,15216,593424,11076,1082,2026-01-01
V008073,2025-12-20,P012,C060,22,1368,30096,1804,1308,2026-01-02
V008074,2025-12-20,P020,C022,25,13187,329675,32825,1360,2026-01-13
V008075,2025-12-20,P006,C038,18,5688,102384,9216,892,2026-01-13
V008076,2025-12-20,P003,C010,16,2290,36640,1760,1066,2026-01-05
V008077,2025-12-21,P004,C072,15,9907,148605,8895,564,2026-01-02
V008078,2025-12-21,P009,C074,37,1847,68339,1961,1026,2026-01-18
V008079,2025-12-21,P010,C069,16,419,6704,496,433,2025-12-30
V008080,2025-12-21,P010,C039,17,426,7242,408,848,2026-01-14
V008081,2025-12-21,P019,C012,15,2915,43725,1275,697,2026-01-06
V008082,2025-12-21,P007,C075,12,740,8880,720,506,2025-12-31
V008083,2025-12-21,P010,C051,10,426,4260,240,553,2026-01-09
V008084,2025-12-21,P005,C043,73,881,64313,1387,2474,2025-12-30
V008085,2025-12-21,P001,C053,42,15114,634788,16212,1619,2026-01-05
V008086,2025-12-21,P020,C059,25,13322,333050,29450,814,2026-01-14
V008087,2025-12-22,P013,C072,20,2792,55840,8160,984,2026-01-03
V008088,2025-12-22,P007,C073,8,771,6168,232,193,2026-01-18
V008089,2025-12-22,P019,C025,25,2999,74975,25,971,2026-01-02
V008090,2025-12-22,P003,C066,38,2366,89908,1292,1513,2026-01-16
V008091,2025-12-22,P015,C031,28,922,25816,1624,1034,2026-01-14
V008092,2025-12-22,P001,C047,8,14432,115456,8544,480,2026-01-21
V008093,2025-12-22,P009,C054,10,1799,17990,1010,397,2026-01-15
V008094,2025-12-22,P016,C051,39,1303,50817,1833,2306,2026-01-10
V008095,2025-12-22,P004,C040,15,10781,161715,0,287,2026-01-04
V008096,2025-12-22,P003,C035,28,2310,64680,2520,1346,2026-01-01
V008097,2025-12-22,P010,C034,20,398,7960,1040,842,2026-01-14
V008098,2025-12-22,P010,C043,34,427,14518,782,1344,2025-12-31
V008099,2025-12-23,P017,C039,25,2371,59275,1975,1197,2026-01-16
V008100,2025-12-23,P012,C078,12,1250,15000,2400,511,2025-12-31
V008101,2025-12-23,P001,C073,45,15205,684225,13275,2808,2026-01-19
V008102,2025-12-23,P006,C040,9,5899,53091,2709,387,2026-01-05
V008103,2025-12-23,P013,C068,11,2973,32703,2497,453,2026-01-19
V008104,2025-12-23,P014,C058,11,1060,11660,440,497,2026-01-13
V008105,2025-12-23,P016,C063,8,1278,10224,576,495,2026-01-04
V008106,2025-12-23,P006,C047,37,5668,209716,19684,1275,2026-01-22
V008107,2025-12-23,P005,C012,14,870,12180,420,708,2026-01-08
V008108,2025-12-23,P011,C029,21,469,9849,651,1022,2026-01-19
V008109,2025-12-23,P002,C055,22,12335,271370,19030,1077,2025-12-30
V008110,2025-12-23,P007,C012,17,795,13515,85,959,2026-01-08
V008111,2025-12-23,P009,C043,23,1864,42872,828,830,2026-01-01
V008112,2025-12-23,P008,C021,25,633,15825,425,892,2026-01-19
V008113,2025-12-23,P005,C050,57,866,49362,1938,2456,2025-12-31
V008114,2025-12-23,P017,C027,30,2481,74430,0,2229,2026-01-07
V008115,2025-12-23,P017,C037,49,2457,120393,0,2016,2026-01-01
V008116,2025-12-23,P018,C072,57,2867,163419,1881,1996,2026-01-04
V008117,2025-12-23,P017,C002,11,2267,24937,2013,213,2026-01-16
V008118,2025-12-23,P006,C068,14,6049,84686,2114,628,2026-01-19
V008119,2025-12-24,P004,C056,13,9877,128401,8099,608,2026-01-05
V008120,2025-12-24,P009,C018,29,1860,53940,1160,1747,2026-01-01
V008121,2025-12-24,P001,C057,29,14818,429722,19778,890,2026-01-01
V008122,2025-12-24,P003,C007,62,2141,132742,16058,1889,2026-01-10
V008123,2025-12-24,P020,C004,26,13890,361140,15860,1262,2026-01-22
V008124,2025-12-24,P004,C040,23,10502,241546,0,1048,2026-01-06
V008125,2025-12-24,P017,C060,22,2268,49896,4004,1366,2026-01-06
V008126,2025-12-24,P011,C052,48,486,23328,672,2372,2026-01-06
V008127,2025-12-24,P007,C059,33,749,24717,1683,1197,2026-01-17
V008128,2025-12-24,P017,C037,31,2269,70339,5611,1448,2026-01-02
V008129,2025-12-24,P008,C030,21,632,13272,378,1014,2025-12-31
V008130,2025-12-24,P011,C074,23,532,12236,0,222,2026-01-21
V008131,2025-12-25,P015,C036,12,946,11352,408,425,2026-01-10
V008132,2025-12-25,P014,C049,40,1035,41400,2600,2216,2026-01-14
V008133,2025-12-25,P015,C013,19,1027,19513,0,1126,2026-01-13
V008134,2025-12-25,P004,C013,10,10272,102720,2280,446,2026-01-13
V008135,2025-12-25,P003,C064,9,2272,20448,1152,534,2026-01-13
V008136,2025-12-25,P011,C053,29,479,13891,609,1091,2026-01-09
V008137,2025-12-25,P003,C002,65,2255,146575,9425,1642,2026-01-18
V008138,2025-12-25,P019,C009,18,2925,52650,1350,871,2026-01-18
V008139,2025-12-25,P003,C059,45,2293,103185,4815,1798,2026-01-18
V008140,2025-12-25,P011,C061,25,454,11350,1150,837,2026-01-24
V008141,2025-12-25,P005,C025,32,844,27008,1792,1971,2026-01-05
V008142,2025-12-25,P005,C034,50,896,44800,200,2337,2026-01-17
V008143,2025-12-25,P016,C006,28,1269,35532,2268,1009,2026-01-06
V008144,2025-12-25,P009,C025,20,1805,36100,1900,1032,2026-01-05
V008145,2025-12-25,P010,C060,27,421,11367,783,1738,2026-01-07
V008146,2025-12-25,P010,C052,18,452,8136,0,1126,2026-01-07
V008147,2025-12-25,P016,C023,26,1312,34112,988,644,2026-01-19
V008148,2025-12-25,P004,C067,24,9995,239880,12120,896,2026-01-23
V008149,2025-12-25,P010,C036,15,461,6915,0,553,2026-01-10
V008150,2025-12-26,P018,C023,29,2692,78068,6032,505,2026-01-20
V008151,2025-12-26,P011,C050,41,489,20049,451,1921,2026-01-03
V008152,2025-12-26,P010,C036,22,424,9328,572,628,2026-01-11
V008153,2025-12-26,P018,C036,28,2725,76300,4900,796,2026-01-11
V008154,2025-12-26,P010,C059,27,426,11502,648,1252,2026-01-19
V008155,2025-12-27,P016,C078,34,1221,41514,4386,1320,2026-01-04
V008156,2025-12-27,P001,C002,30,14813,444390,20610,1358,2026-01-20
V008157,2025-12-27,P016,C071,13,1281,16653,897,709,2026-01-14
V008158,2025-12-27,P001,C079,14,15011,210154,6846,707,2026-01-03
V008159,2025-12-27,P018,C014,21,2808,58968,1932,732,2026-01-14
V008160,2025-12-28,P007,C023,31,776,24056,744,1574,2026-01-22
V008161,2025-12-28,P010,C034,38,420,15960,1140,1823,2026-01-20
V008162,2025-12-28,P017,C011,13,2313,30069,1781,485,2026-01-22
V008163,2025-12-28,P006,C022,10,5921,59210,2790,325,2026-01-21
V008164,2025-12-28,P013,C016,30,3184,95520,480,1559,2026-01-27
V008165,2025-12-28,P004,C066,20,10228,204560,5440,841,2026-01-22
V008166,2025-12-28,P008,C058,50,640,32000,500,3190,2026-01-18
V008167,2025-12-28,P012,C046,38,1430,54340,760,2092,2026-01-11
V008168,2025-12-28,P002,C034,85,12796,1087660,34340,3720,2026-01-20
V008169,2025-12-28,P009,C022,89,1728,153792,15308,2621,2026-01-21
V008170,2025-12-29,P002,C028,23,12892,296516,7084,661,2026-01-28
V008171,2025-12-29,P017,C028,41,2345,96145,4305,2191,2026-01-28
V008172,2025-12-29,P002,C007,34,13761,467874,0,1542,2026-01-15
V008173,2025-12-29,P016,C032,13,1337,17381,169,544,2026-01-25
V008174,2025-12-29,P017,C057,6,2363,14178,522,334,2026-01-06
V008175,2025-12-29,P008,C065,6,619,3714,186,259,2026-01-24
V008176,2025-12-29,P008,C069,18,614,11052,648,594,2026-01-07
V008177,2025-12-29,P004,C079,21,10328,216888,3612,1205,2026-01-05
V008178,2025-12-29,P019,C079,19,2787,52953,4047,536,2026-01-05
V008179,2025-12-29,P011,C055,10,481,4810,190,773,2026-01-05
V008180,2025-12-30,P002,C011,21,12718,267078,10122,898,2026-01-24
V008181,2025-12-30,P004,C058,17,9945,169065,9435,554,2026-01-20
V008182,2025-12-30,P010,C062,17,445,7565,85,622,2026-01-22
V008183,2025-12-30,P010,C039,12,418,5016,384,434,2026-01-23
V008184,2025-12-30,P002,C063,23,13249,304727,0,761,2026-01-11
V008185,2025-12-30,P017,C007,5,2587,12935,0,200,2026-01-16
V008186,2025-12-30,P019,C018,9,3106,27954,0,408,2026-01-07
V008187,2025-12-30,P018,C028,16,2612,41792,4608,648,2026-01-29
V008188,2025-12-31,P011,C041,58,490,28420,580,3743,2026-01-29
V008189,2025-12-31,P008,C066,13,635,8255,195,866,2026-01-25
V008190,2025-12-31,P008,C057,31,650,20150,0,1194,2026-01-08
V008191,2025-12-31,P001,C035,26,15596,405496,0,639,2026-01-10
V008192,2025-12-31,P018,C014,45,2746,123570,6930,1360,2026-01-18
V008193,2025-12-31,P019,C060,8,2846,22768,1232,320,2026-01-13
V008194,2025-12-31,P016,C068,42,1317,55314,1386,1185,2026-01-27
